title,model_family,generation_number,is_pro,storage_options_gb,storage_gb_numeric,condition,price,wasPrice,price_discount_pct,available,sold,seller,itemLocation,us_state,lastUpdated
Apple iPhone 14 128gb RED color (Factory Unlocked) 97% battery health,iPhone 14,14,FALSE,128GB,128,Used,329.99,,,,,Seller 019,"Granada Hills, California, United States",CA,1/2/2026
Lot of 10 Apple iPhone 12 Pro 128GB Unlocked Mixed,iPhone 12 Pro,12,TRUE,128GB,128,Used,3160,,,,,Seller 332,"Winter Park, Florida, United States",FL,3/1/2026
Apple iPhone 14 Pro MAX 128GB FULLY Unlocked,iPhone 14 Pro Max,14,TRUE,128GB,128,Used,726.99,,,3,,Seller 019,"Granada Hills, California, United States",CA,12/12/2025
Apple iPhone 14 Pro MAX 256gb Space black (Factory Unlocked),iPhone 14 Pro Max,14,TRUE,256GB,256,Used,669.99,,,,,Seller 019,"Granada Hills, California, United States",CA,12/12/2025
Apple iPhone 14 Pro MAX 512gb Deep purple (Factory Unlocked),iPhone 14 Pro Max,14,TRUE,512GB,512,Used,659.99,,,2,,Seller 019,"Granada Hills, California, United States",CA,3/10/2026
Apple iPhone 14 Pro MAX 1 TB Deep purple (Factory Unlocked),iPhone 14 Pro Max,14,TRUE,1024GB,1024,Used,628.99,,,,1,Seller 019,"Granada Hills, California, United States",CA,2/12/2026
Apple iPhone 14 Pro MAX 128gb GOLD (Factory Unlocked),iPhone 14 Pro Max,14,TRUE,128GB,128,Used,726.99,,,2,,Seller 019,"Granada Hills, California, United States",CA,12/12/2025
Apple iPhone 14 Pro Max - 128 GB - ALL COLORS (Unlocked)- Very Good Refurb,iPhone 14 Pro Max,14,TRUE,128GB,128,Very Good - Refurbished,469.99,,,5,2,Seller 063,"Stafford, Texas, United States",TX,12/28/2025
open box Apple iPhone 14 Pro MAX 256GB FULLY Unlocked,iPhone 14 Pro Max,14,TRUE,256GB,256,Open Box,729.99,,,,2,Seller 019,"Granada Hills, California, United States",CA,12/12/2025
open box Apple iPhone 14 Pro MAX 128gb Gold color Factory Unlocked,iPhone 14 Pro Max,14,TRUE,128GB,128,Open Box,748.99,,,,,Seller 019,"Granada Hills, California, United States",CA,12/12/2025
Apple iPhone 14+ plus 128gb white color Factory Unlocked 1 year ex warranty,iPhone 14,14,FALSE,128GB,128,Used,358.99,,,,,Seller 019,"Granada Hills, California, United States",CA,1/17/2026
iPhone 12 Pro Max Unlocked TikTok Installed,iPhone 12 Pro Max,12,TRUE,,,Open Box,1999,,,,,Seller 264,"Bellmawr, New Jersey, United States",NJ,2/8/2025
Apple iPhone 12 Pro Max - 512 GB - Blue (Unlocked) With Tik Tock,iPhone 12 Pro Max,12,TRUE,512GB,512,Used,2500,,,,,Seller 697,"Ashtabula, Ohio, United States",OH,
Apple iPhone 14+ plus 128gb BLACK color Factory Unlocked 1year ex warranty,iPhone 14,14,FALSE,128GB,128,Used,365.99,,,2,,Seller 019,"Granada Hills, California, United States",CA,2/14/2026
Apple iPhone 14 Pro MAX 1Tb color negro (Desbloqueado de fábrica)-,iPhone 14 Pro Max,14,TRUE,1024GB,1024,Used,628.99,,,,,Seller 019,"Granada Hills, California, Estados Unidos",CA,2/12/2026
Apple iPhone 14+ plus 128gb Red color Factory Unlocked 1 year ex warranty,iPhone 14,14,FALSE,128GB,128,Used,378.99,,,,,Seller 019,"Granada Hills, California, United States",CA,12/16/2025
Apple iPhone 14 -5G - 512GB Factory Unlocked GSM + CDMA - EXCELLENT,iPhone 14,14,FALSE,512GB,512,Excellent - Refurbished,397.48,,,9,30,Seller 064,"Southfield, Michigan, United States",MI,3/5/2026
open box Apple iPhone 14 Pro MAX 256gb purple color Factory Unlocked,iPhone 14 Pro Max,14,TRUE,256GB,256,Open Box,769.99,,,,,Seller 019,"Granada Hills, California, United States",CA,
Apple iPhone 12 Black parts only read description,iPhone 12,12,FALSE,,,For Parts Or Not Working,75,,,,,Seller 307,"Plano, Texas, United States",TX,3/24/2026
open box Apple iPhone 14+ plus 128gb RED color Factory Unlocked,iPhone 14,14,FALSE,128GB,128,Open Box,399.99,,,2,,Seller 019,"Granada Hills, California, United States",CA,12/28/2025
open box Apple iPhone 14+ plus 128gb white color Factory Unlocked,iPhone 14,14,FALSE,128GB,128,Open Box,399.99,,,,,Seller 019,"Granada Hills, California, United States",CA,12/28/2025
Apple iPhone 14 Pro MAX 128gb black color (Factory Unlocked) 90% battery,iPhone 14 Pro Max,14,TRUE,128GB,128,Used,698.99,,,,,Seller 019,"Granada Hills, California, United States",CA,12/17/2025
open box Apple iPhone 14 128gb RED color Factory Unlocked,iPhone 14,14,FALSE,128GB,128,Open Box,339.99,,,5,,Seller 019,"Granada Hills, California, United States",CA,1/20/2026
Apple iPhone 14 128gb black color Factory Unlocked,iPhone 14,14,FALSE,128GB,128,Used,329.99,,,,,Seller 019,"Granada Hills, California, United States",CA,1/6/2026
OPEN BOX Apple iPhone 17 A3258 256GB 512GB BLACK SAGE LAVENDER BLUE (Unlocked),iPhone 17,17,FALSE,256GB|512GB,256,Open Box,779,,,,48,Seller 038,"Dallas, Texas, United States",TX,3/20/2026
open box Apple iPhone 14+ plus 128gb RED color Unlocked battery,iPhone 14,14,FALSE,128GB,128,Open Box,389.99,,,,,Seller 019,"Granada Hills, California, United States",CA,1/16/2026
open box Apple iPhone 13 128GB Black color Unlocked battery,iPhone 13,13,FALSE,128GB,128,Open Box,321.99,,,2,,Seller 019,"Granada Hills, California, United States",CA,1/16/2026
Apple iPhone 13 128GB Unlocked FACTORY UNLOCKED - EXCELLENT,iPhone 13,13,FALSE,128GB,128,Excellent - Refurbished,249.48,,,,121,Seller 064,"Southfield, Michigan, United States",MI,3/22/2026
open box Apple iPhone 14 128gb purple color Factory Unlocked,iPhone 14,14,FALSE,128GB,128,Open Box,339.99,,,,,Seller 019,"Granada Hills, California, United States",CA,
open box Apple iPhone 14+ plus 128gb Black color Factory Unlocked,iPhone 14,14,FALSE,128GB,128,Open Box,395.99,,,,,Seller 019,"Granada Hills, California, United States",CA,
Apple iPhone 12 128GB Unlocked MODEL A2172 Blue color open box,iPhone 12,12,FALSE,128GB,128,Open Box,238.99,,,1,,Seller 019,"Granada Hills, California, United States",CA,
Apple iPhone 14+ plus 256gb Blue color Factory Unlocked,iPhone 14,14,FALSE,256GB,256,Used,365.99,,,,,Seller 019,"Granada Hills, California, United States",CA,
"iPhone 16, 128GB, Unlocked, Teal, MYAW3LL/A",iPhone 16,16,FALSE,128GB,128,Excellent - Refurbished,549.95,,,,,Seller 039,"New York, New York, United States",NY,3/27/2026
Apple iPhone 12 128GB Unlocked MODEL A2172 Blue color,iPhone 12,12,FALSE,128GB,128,Open Box,231.99,,,1,,Seller 019,"Granada Hills, California, United States",CA,
open box Apple iPhone 17 pro max 512GB Unlocked Deep Blue,iPhone 17 Pro Max,17,TRUE,512GB,512,Open Box,1441.99,,,1,,Seller 019,"Granada Hills, California, United States",CA,3/25/2026
open box Apple iPhone 13 128GB Blue Unlocked 1 year ex warranty,iPhone 13,13,FALSE,128GB,128,Open Box,329.99,,,,1,Seller 019,"Granada Hills, California, United States",CA,
NEW open box Apple iPhone 17 pro max 512GB Unlocked all colors,iPhone 17 Pro Max,17,TRUE,512GB,512,Open Box,1444.99,,,,1,Seller 019,"Granada Hills, California, United States",CA,3/26/2026
"Brand New! iPhone 17 Pro Max, 256GB, Unlocked, Deep Blue, MFXJ4LL/A",iPhone 17 Pro Max,17,TRUE,256GB,256,New,1449.95,,,,,Seller 039,"New York, New York, United States",NY,3/27/2026
Apple iPhone 16 - 128 GB - Black (Unlocked) OPEN BOX 100% 🔋,iPhone 16,16,FALSE,128GB,128,Open Box,575,,,,,Seller 157,"Taunton, Massachusetts, United States",MA,
"iPhone 17 Pro Max, 512GB, Unlocked, Silver, MFXK4LL/A",iPhone 17 Pro Max,17,TRUE,512GB,512,Excellent - Refurbished,1449.95,,,,,Seller 039,"New York, New York, United States",NY,3/27/2026
"Apple iPhone 17 Pro Max, Deep Blue, 512g, Model A3257, New, Sealed att",iPhone 17 Pro Max,17,TRUE,,,New,1390,,,,,Seller 566,"Houston, Texas, United States",TX,
Apple iPhone 12 64GB 128GB 256GB - Unlocked - All Colors - GOOD CONDITION,iPhone 12,12,FALSE,64GB|128GB|256GB,64,Good - Refurbished,135.99,,,2,481,Seller 109,"Bolton, United Kingdom",INTL,3/25/2026
Apple iPhone 14 Pro Max 256GB/512GB/1TB -Deep Purple UNLOCKED,iPhone 14 Pro Max,14,TRUE,256GB|512GB|1024GB,256,Open Box,1119.2,1399,20,,85,Seller 082,"Washington, District Of Columbia, United States",WA,1/20/2026
Brand new factory sealed Apple iPhone 14 Pro Max - 256GB - Gold (Unlocked),iPhone 14 Pro Max,14,TRUE,256GB,256,New,1406.5,,,,2,Seller 638,"Atlanta, Georgia, United States",GA,4/19/2023
Lot of 10 Apple iPhone 12 Unlocked 64gb Mixed Colors,iPhone 12,12,FALSE,64GB,64,Used,2110,,,,2,Seller 332,"Winter Garden, Florida, United States",FL,3/1/2026
Lot of 10 Apple iPhone 13 Pro 128GB Unlocked Mixed,iPhone 13 Pro,13,TRUE,128GB,128,Used,4040,,,,,Seller 332,"Winter Park, Florida, United States",FL,3/1/2026
Apple iPhone 14 Pro MAX 256gb Deep purple (Factory Unlocked),iPhone 14 Pro Max,14,TRUE,256GB,256,Used,669.99,,,,,Seller 019,"Granada Hills, California, United States",CA,12/12/2025
Apple iPhone 14 Pro MAX 256GB FULLY Unlocked,iPhone 14 Pro Max,14,TRUE,256GB,256,Used,669.99,,,,3,Seller 019,"Granada Hills, California, United States",CA,12/12/2025
Apple iPhone 12 Pro MAX 128gb Factory Unlocked 1 year ex warranty Graphite color,iPhone 12 Pro Max,12,TRUE,128GB,128,Used,436.99,,,2,,Seller 019,"Granada Hills, California, United States",CA,12/12/2025
Apple iPhone 14 Pro MAX 512gb black color (Factory Unlocked),iPhone 14 Pro Max,14,TRUE,512GB,512,Used,659.99,,,2,,Seller 019,"Granada Hills, CA, United States",CA,3/10/2026
open box Apple iPhone 14 Pro MAX 128gb Deep purple Factory Unlocked,iPhone 14 Pro Max,14,TRUE,128GB,128,Open Box,734.99,,,2,,Seller 019,"Granada Hills, California, United States",CA,12/12/2025
Apple iPhone 14 128gb white color Factory Unlocked,iPhone 14,14,FALSE,128GB,128,Used,329.99,,,2,1,Seller 019,"Granada Hills, California, United States",CA,1/2/2026
Apple iPhone 14 - 128GB fully Unlocked open box,iPhone 14,14,FALSE,128GB,128,Open Box,338.99,,,4,,Seller 019,"Granada Hills, California, United States",CA,2/14/2026
Apple iPhone 14 A2649 iOS Smartphone 128GB/ 256GB-UNLOCKED/AT&T/T-Mobile/Verizon,iPhone 14,14,FALSE,128GB|256GB,128,Excellent - Refurbished,349.99,,,,7,Seller 186,"Chicago, Illinois, United States",IL,11/28/2025
New Sealed Apple iPhone 14 Pro Max/13 ProMax/SE 3rd/14/13/13 Mini/12 Mini 5G LOT,iPhone 14 Pro Max,14,TRUE,,,New,314.11,,,,1,Seller 291,"Whippany, New Jersey, United States",NJ,3/28/2026
open box Apple iPhone 14 Pro MAX 256GB space black Factory Unlocked,iPhone 14 Pro Max,14,TRUE,256GB,256,Open Box,729.99,,,,,Seller 019,"Granada Hills, California, United States",CA,1/3/2026
used very good Apple iPhone 13 Mini 128GB Red color unlocked,iPhone 13 Mini,13,FALSE,128GB,128,Used,329.99,,,,,Seller 019,"Granada Hills, California, United States",CA,1/8/2026
Apple iPhone 15 256GB Factory Unlocked CDMA + GSM - Excellent,iPhone 15,15,FALSE,256GB,256,Excellent - Refurbished,419.48,,,5,85,Seller 064,"Southfield, Michigan, United States",MI,3/28/2026
Apple iPhone 12 Pro Max Unlocked 256GB Pacific Blue,iPhone 12 Pro Max,12,TRUE,256GB,256,Used,368.96,,,,,Seller 173,"Mineola, New York, United States",NY,1/8/2026
💯New Sealed Apple iPhone 13 MINI A2481 128GB /256GB Factory Unlocked Smartphone,iPhone 13 Mini,13,FALSE,128GB|256GB,128,New,321.88,,,2,5,Seller 291,"Whippany, New Jersey, United States",NJ,3/28/2026
Apple iPhone 15 128GB Factory Unlocked CDMA + GSM - OPEN BOX,iPhone 15,15,FALSE,128GB,128,Open Box,389.48,,,7,189,Seller 064,"Southfield, Michigan, United States",MI,3/26/2026
New Apple iPhone 13/14/12 Mini/13 Mini /14 Pro Max/SE 3rd Unlocked 2yr-wty LOT,iPhone 13,13,FALSE,,,New,314.11,,,,2,Seller 291,"Brooklyn, New York, United States",NY,3/28/2026
New Sealed Unlocked Apple iPhone 17 Pro Max 6.9-inch A3257 Deep Blue 2TB,iPhone 17 Pro Max,17,TRUE,2048GB,2048,New,2559.96,3199.95,20,,1,Seller 082,"Fairfax, Virginia, United States",VA,2/11/2026
"Apple iPhone 13 128GB Sierra Blue, Unlocked",iPhone 13,13,FALSE,128GB,128,Used,260,,,,,Seller 533,"West Babylon, New York, United States",NY,1/1/2026
Apple iPhone 14+ plus 128GB A2632 Unlocked open box,iPhone 14,14,FALSE,128GB,128,Open Box,394.99,,,1,,Seller 019,"Granada Hills, California, United States",CA,2/14/2026
"Apple iPhone 14 Pro Max, 128/256GB - Grade B - All Colors",iPhone 14 Pro Max,14,TRUE,256GB,256,Used,379.87,,,1,,Seller 099,"Scottsdale, Arizona, United States",AZ,1/23/2026
"Apple iPhone 14 Pro Max, 128/256GB - Grade B+ All Colors ✅ Ships Today!",iPhone 14 Pro Max,14,TRUE,256GB,256,Used,589.99,,,1,,Seller 099,"Scottsdale, Arizona, United States",AZ,1/23/2026
"Apple iPhone 14 Pro Max, 128/256GB - Grade A- All Colors ✅ Ships Today!",iPhone 14 Pro Max,14,TRUE,256GB,256,Used,649.99,,,1,,Seller 099,"Scottsdale, Arizona, United States",AZ,1/23/2026
"Apple iPhone 14, iPhone 14 Plus, 128GB/256GB, Grade A, All Colors, Ships Today!",iPhone 14 Plus,14,FALSE,128GB|256GB,128,Used,409.87,,,1,,Seller 099,"Scottsdale, Arizona, United States",AZ,1/23/2026
"Apple iPhone 13 128GB, Red, Unlocked",iPhone 13,13,FALSE,128GB,128,Used,249,,,,,Seller 468,"O'Fallon, Missouri, United States",MO,12/3/2025
open box Apple iPhone 13 128GB Unlocked 1 year ex warranty RED color,iPhone 13,13,FALSE,128GB,128,Open Box,321.99,,,2,,Seller 019,"Granada Hills, California, United States",CA,2/19/2026
New Unlocked Apple iPhone 17 Pro Max 6.9-inch A3257 Cosmic Orange 256GB,iPhone 17 Pro Max,17,TRUE,256GB,256,New,1699,,,,7,Seller 082,"Fairfax, Virginia, United States",VA,3/16/2026
Apple iPhone 15 128/256/512GB Unlocked Very Good All Colors,iPhone 15,15,FALSE,512GB,512,Very Good - Refurbished,384.03,799.99,52,,930,Seller 195,"Fort Worth, Texas, United States",TX,3/29/2026
Apple iPhone 15 128/256/512GB Unlocked Excellent All Colors,iPhone 15,15,FALSE,512GB,512,Excellent - Refurbished,412.86,799.99,48.39,,222,Seller 195,"Fort Worth, Texas, United States",TX,3/29/2026
Apple iPhone 12 64GB Unlocked all colors MODEL A2172 used good,iPhone 12,12,FALSE,64GB,64,Used,199.99,,,5,,Seller 019,"Granada Hills, California, United States",CA,2/6/2026
Apple iPhone 14 128gb BLUE Factory Unlocked open box battery health,iPhone 14,14,FALSE,128GB,128,Open Box,314.99,,,,2,Seller 019,"Granada Hills, California, United States",CA,2/14/2026
open box Apple iPhone 14 128gb RED color Factory Unlocked battery health,iPhone 14,14,FALSE,128GB,128,Open Box,339.99,,,,,Seller 019,"Granada Hills, California, United States",CA,1/20/2026
iPhone 16 Sealed Verizon 128gb,iPhone 16,16,FALSE,128GB,128,New,599,,,,,Seller 274,"Brighton, Massachusetts, United States",MA,
New Apple iPhone 13 Mini 256GB/128GB 5G Fully Factory Unlocked for All Carrier！,iPhone 13 Mini,13,FALSE,128GB|256GB,128,New,321.88,,,2,1,Seller 291,"Brooklyn, New York, United States",NY,3/28/2026
Apple iPhone 16 Restored Unlocked Carrier 128GB Black,iPhone 16,16,FALSE,128GB,128,New,584,,,,,Seller 583,"Charlotte, North Carolina, United States",NC,1/31/2026
Factory New Apple iPhone 14 Pro Max/13 Pro /SE 3rd/14/12 Pro/12 Mini/13 Mini LOT,iPhone 14 Pro Max,14,TRUE,,,New,314.11,,,,2,Seller 291,"Whippany, New Jersey, United States",NJ,3/28/2026
Factory New Apple iPhone 13 Mini /12 Mini /14 Pro Max /14/13/SE 3rd Unlocked LOT,iPhone 13 Mini,13,FALSE,,,New,314.11,,,,3,Seller 291,"Brooklyn, New York, United States",NY,3/28/2026
open box Apple iPhone 13 128GB pink color Unlocked,iPhone 13,13,FALSE,128GB,128,Open Box,326.99,,,,1,Seller 019,"Granada Hills, California, United States",CA,1/26/2026
open box Apple iPhone 12 64GB Unlocked MODEL A2172 all colors,iPhone 12,12,FALSE,64GB,64,Open Box,234.99,,,1,,Seller 019,"Granada Hills, California, United States",CA,2/27/2026
open box Apple iPhone 12 256GB Unlocked MODEL A2172 RED color,iPhone 12,12,FALSE,256GB,256,Open Box,241.99,,,1,,Seller 019,"Granada Hills, California, United States",CA,2/19/2026
Apple iPhone 12 Pro Max - 256 GB - Pacific Blue - Unlocked - Good Refurbished,iPhone 12 Pro Max,12,TRUE,256GB,256,Good - Refurbished,304.99,,,3,6,Seller 545,"Dallas, Texas, United States",TX,3/24/2026
Apple iPhone 12 64GB Unlocked MODEL A2172 Blue color open box,iPhone 12,12,FALSE,64GB,64,Open Box,228.99,,,1,,Seller 019,"Granada Hills, California, United States",CA,3/13/2026
Apple iPhone 14 - 128GB fully Unlocked,iPhone 14,14,FALSE,128GB,128,Used,314.99,,,2,,Seller 019,"Granada Hills, California, United States",CA,
Read* Apple iPhone 14 - 128 GB - Blue (Unlocked) ~61043,iPhone 14,14,FALSE,128GB,128,Used,300,,,,,Seller 696,"Covington, Georgia, United States",GA,
Apple iPhone 14+ plus 512gb Black color Factory Unlocked,iPhone 14,14,FALSE,512GB,512,Used,399.99,,,,,Seller 019,"Granada Hills, California, United States",CA,2/12/2026
Apple iPhone 14 Plus - 128GB 256GB 512GB - Unlocked AT&T Verizon T-Mobile,iPhone 14 Plus,14,FALSE,128GB|256GB|512GB,128,Used,272.99,,,8,,Seller 152,"Baltimore, Maryland, United States",MD,3/20/2026
Apple iPhone 14 128GB 256GB - Unlocked AT&T Verizon T-Mobile - All Colors,iPhone 14,14,FALSE,128GB|256GB,128,Used,229.99,,,10,1,Seller 152,"Baltimore, Maryland, United States",MD,3/16/2026
Apple iPhone 17 256GB Unlocked Excellent All Colors,iPhone 17,17,FALSE,256GB,256,Excellent - Refurbished,743.81,799,6.91,10,60,Seller 195,"Fort Worth, Texas, United States",TX,3/29/2026
Apple iPhone 17 256GB Unlocked Very Good All Colors,iPhone 17,17,FALSE,256GB,256,Very Good - Refurbished,669.86,,,10,218,Seller 195,"Fort Worth, Texas, United States",TX,3/29/2026
Apple iPhone 17 256GB Unlocked Good All Colors,iPhone 17,17,FALSE,256GB,256,Good - Refurbished,661.03,799,17.27,10,175,Seller 195,"Fort Worth, Texas, United States",TX,3/29/2026
Apple iPhone 17 512GB Unlocked Very Good All Colors,iPhone 17,17,FALSE,512GB,512,Very Good - Refurbished,931.96,,,10,1,Seller 195,"Fort Worth, Texas, United States",TX,3/29/2026
Apple iPhone 17 512GB Unlocked Good All Colors,iPhone 17,17,FALSE,512GB,512,Good - Refurbished,999.03,,,7,,Seller 195,"Fort Worth, Texas, United States",TX,3/29/2026
Apple iPhone 17 Pro Max 512GB Unlocked Very Good All Colors,iPhone 17 Pro Max,17,TRUE,512GB,512,Very Good - Refurbished,1275.88,,,10,299,Seller 195,"Fort Worth, Texas, United States",TX,3/29/2026
Apple iPhone 17 Pro Max 512GB Unlocked Good All Colors,iPhone 17 Pro Max,17,TRUE,512GB,512,Good - Refurbished,1364.8,1399,2.44,9,58,Seller 195,"Fort Worth, Texas, United States",TX,3/29/2026
Apple iPhone 17 Pro Max 256GB Unlocked Very Good All Colors,iPhone 17 Pro Max,17,TRUE,256GB,256,Very Good - Refurbished,1148.88,,,,1752,Seller 195,"Fort Worth, Texas, United States",TX,3/29/2026
Factory New Apple iPhone 13 MINI (5G) 128GB/256GB Unlocked Smartphone 2-YRS-WTY,iPhone 13 Mini,13,FALSE,128GB|256GB,128,New,321.88,,,2,1,Seller 291,"Whippany, New Jersey, United States",NJ,3/28/2026
New Sealed Apple iPhone 13 MINI 5G A2481 128GB 256GB Factory Unlocked Smartphone,iPhone 13 Mini,13,FALSE,128GB|256GB,128,New,321.99,,,2,,Seller 291,"Brooklyn, New York, United States",NY,3/28/2026
Brand New Apple iPhone 13 MINI 128GB/256GB A2481 Factory Unlocked Smartphone USA,iPhone 13 Mini,13,FALSE,128GB|256GB,128,New,321.99,,,2,,Seller 291,"Brooklyn, New York, United States",NY,3/28/2026
New Apple iPhone 13 MINI 128/256/512GB A2481 Factory Unlocked Smartphone US SHIP,iPhone 13 Mini,13,FALSE,512GB,512,New,321.99,,,2,,Seller 291,"Whippany, New Jersey, United States",NJ,3/28/2026
"New Apple iPhone 13 MINI A2481 128GB 256GB 512GB 5.4"" Unlocked Smartphone US LOT",iPhone 13 Mini,13,FALSE,128GB|256GB|512GB,128,New,321.99,,,2,,Seller 291,"Brooklyn, New York, United States",NY,3/28/2026
"Apple iPhone 12 Unlocked Verizon, T-Mobile, AT&T all Carriers",iPhone 12,12,FALSE,,,Used,180,,,,,Seller 691,"New York, New York, United States",NY,
Apple iPhone 17 - 256GB - Black (Unlocked) - Open Box,iPhone 17,17,FALSE,256GB,256,Open Box,769.95,,,,,Seller 166,"Harrisville, Pennsylvania, United States",PA,3/23/2026
Lot of 2 Apple iPhone 13 / Apple iPhone 13 mini – No Screens – For Parts /...,iPhone 13 Mini,13,FALSE,,,For Parts Or Not Working,129.95,,,,,Seller 381,"Renton, Washington, United States",WA,
Apple iPhone 12 128GB Unlocked MODEL A2172 Green color,iPhone 12,12,FALSE,128GB,128,Open Box,231.99,,,1,,Seller 019,"Granada Hills, California, United States",CA,
Apple iPhone 13 128GB SIM Unlocked Midnight - Excellent Condition ✅ Ships Today!,iPhone 13,13,FALSE,128GB,128,Open Box,268.87,,,10,,Seller 099,"Scottsdale, Arizona, United States",AZ,3/27/2026
Factory New Sealed Apple iPhone 13 MINI A2481 128/256GB Unlocked 2-Year Warranty,iPhone 13 Mini,13,FALSE,256GB,256,New,321.99,,,2,,Seller 291,"Brooklyn, New York, United States",NY,3/28/2026
"New Sealed Apple iPhone 13 MINI A2481 128GB 256GB 512GB 5.4"" Unlocked Smartphone",iPhone 13 Mini,13,FALSE,128GB|256GB|512GB,128,New,321.99,,,2,,Seller 291,"Whippany, New Jersey, United States",NJ,3/29/2026
Apple iPhone 17 Pro Max 2TB Silver - NEW SEALED - Unopened Shipping Box 🔥,iPhone 17 Pro Max,17,TRUE,2048GB,2048,New,1899,,,,,Seller 610,"Norwalk, Connecticut, United States",CT,3/23/2026
Apple iPhone 17 Pro Max A3257 - 256GB - Orange Unlocked,iPhone 17 Pro Max,17,TRUE,256GB,256,New,1300,,,,,Seller 528,"Covington, Georgia, United States",GA,
Apple iPhone 13 black 128GB MLA23LL/A Verizon Wi-Fi Bluetooth iOS Smartphone,iPhone 13,13,FALSE,128GB,128,Used,107.5,,,,,Seller 445,"Elizabethtown, Illinois, United States",IL,
Apple iPhone 17 Pro Max 1TB Orange Unlocked - Very Good Condition!,iPhone 17 Pro Max,17,TRUE,1024GB,1024,Open Box,1519.95,,,,,Seller 166,"Harrisville, Pennsylvania, United States",PA,
Unlocked iPhone 14 256GB Black with box And Headphones,iPhone 14,14,FALSE,256GB,256,Used,350,,,,,Seller 304,"Hurst, Texas, United States",TX,
New Apple iPhone 17 256GB White Unlocked Apple Warranty - NEW SEALED!,iPhone 17,17,FALSE,256GB,256,New,849.95,,,,,Seller 166,"Harrisville, Pennsylvania, United States",PA,
Apple iPhone 16 - 128GB - Black (Unlocked) - NEW & SEALED,iPhone 16,16,FALSE,128GB,128,New,639.95,,,2,1,Seller 166,"Harrisville, Pennsylvania, United States",PA,
Apple iPhone 17e 256GB Factory Unlocked Physical SIM Card A3634 - New,iPhone 17,17,FALSE,256GB,256,New,779.95,,,2,3,Seller 660,"Miami, Florida, United States",FL,3/26/2026
*NEW OEM SEALED* Apple iPhone 16 - 128GB - Black (Unlocked)Apple 1yr Warranty,iPhone 16,16,FALSE,128GB,128,New,669.95,,,,,Seller 183,"Johnson City, Tennessee, United States",TN,
New Sealed Apple iPhone 13 Mini/12 Mini/14 Pro max/14/13/SE 3rd 5G Unlocked LOT,iPhone 13 Mini,13,FALSE,,,New,314.11,,,1,,Seller 291,"Whippany, New Jersey, United States",NJ,3/28/2026
NEW Sealed Apple iPhone 14/14Pro max/13/SE/12 Mini/13 Mini Factory Unlocked LOT,iPhone 14,14,FALSE,,,New,314.11,,,1,,Seller 291,"Brooklyn, New York, United States",NY,3/28/2026
NEW Sealed Apple iPhone 14/13/12 Mini/13 Mini 5G Factory Unlocked SmartPhone LOT,iPhone 14,14,FALSE,,,New,314.11,,,1,,Seller 291,"Brooklyn, New York, United States",NY,3/28/2026
New Apple iPhone 13 Mini/12 Mini/14 Pro max/14/13/SE 3rd Unlocked in Sealed Box,iPhone 13 Mini,13,FALSE,,,New,314.11,,,1,,Seller 291,"Whippany, New Jersey, United States",NJ,3/28/2026
Apple iPhone 16 - 128 GB - Pink (Unlocked),iPhone 16,16,FALSE,128GB,128,Open Box,604.99,,,,,Seller 644,"Marion, Virginia, United States",VA,
Apple iPhone 17 Pro Max 1TB Deep Blue Unlocked - Open Box,iPhone 17 Pro Max,17,TRUE,1024GB,1024,Open Box,1579.95,,,,,Seller 166,"Harrisville, Pennsylvania, United States",PA,
Apple iPhone 14 128GB - Fully Unlocked - VERY GOOD Condition,iPhone 14,14,FALSE,128GB,128,Used,183.5,,,,,Seller 565,"Moreno Valley, California, United States",CA,
Apple iPhone 14 128GB - Fully Unlocked - VERY GOOD Condition,iPhone 14,14,FALSE,128GB,128,Used,217.5,,,,,Seller 565,"Moreno Valley, California, United States",CA,
Apple iPhone 17 Pro Max A3257 256GB | Cosmic Orange | Unlocked - Open Box!,iPhone 17 Pro Max,17,TRUE,256GB,256,Open Box,1279.95,,,,,Seller 166,"Harrisville, Pennsylvania, United States",PA,
Apple iPhone 13 MINI-128GB-MIDNIGHT BLUE-UNLOCKED-79% BH Excellent Condition,iPhone 13 Mini,13,FALSE,128GB,128,Used,169.99,,,,,Seller 375,"Smyrna, Tennessee, United States",TN,3/28/2026
"Apple iPhone 16 128GB, Black, Unlocked",iPhone 16,16,FALSE,128GB,128,Open Box,600,,,,,Seller 299,"Columbia, Maryland, United States",MD,
Apple iPhone 17 Pro Max Silver Unlocked 2TB USB Type-C,iPhone 17 Pro Max,17,TRUE,2048GB,2048,New,1800,,,,,Seller 646,"Greenfield, Massachusetts, United States",MA,
"Apple iPhone 13 Mini - Fully Unlocked - 5.4"" - 128GB - Excellent",iPhone 13 Mini,13,FALSE,128GB,128,Very Good - Refurbished,319,599,46.74,,235,Seller 387,"Linden, New Jersey, United States",NJ,3/29/2026
"Apple iPhone 12, Unlocked Smartphone, 64GB, 128GB, 256GB - SYDNEY STOCK",iPhone 12,12,FALSE,64GB|128GB|256GB,64,New,541.9,,,10,61,Seller 548,"Sydney, NSW, Australia",INTL,2/26/2026
"Apple iPhone 13 Mini - Fully Unlocked - 5.4"" - 128GB - Good",iPhone 13 Mini,13,FALSE,128GB,128,Good - Refurbished,299,569,47.45,,73,Seller 387,"Linden, New Jersey, United States",NJ,3/29/2026
"Apple iPhone 13 Unlocked Smartphone, 128GB, 256GB, SYDNEY STOCK",iPhone 13,13,FALSE,128GB|256GB,128,New,691.9,,,10,7,Seller 548,"Sydney, NSW, Australia",INTL,2/26/2026
Apple iPhone 12 - 128gb - Blue fully unlocked works over seas only - Excellent,iPhone 12,12,FALSE,128GB,128,Excellent - Refurbished,419.88,,,2,3,Seller 064,"Southfield, Michigan, United States",MI,3/5/2026
Apple iPhone 14 Physical SIM Tray 128GB 256GB 512GB Fast Shipping✈️,iPhone 14,14,FALSE,128GB|256GB|512GB,128,New,1394.99,,,1,,Seller 079,"Calgary, Alberta, Canada",INTL,1/3/2026
Apple iPhone 14 Plus Physical SIM Tray 128GB 256GB 512GB - Fast Shipping✈️,iPhone 14 Plus,14,FALSE,128GB|256GB|512GB,128,New,1594.99,,,1,,Seller 079,"Sanborn, NY, United States",NY,1/3/2026
Apple iPhone 12 Pro Max 5G 256GB Factory Unlocked / TMOBILE / XFINITY / METRO,iPhone 12 Pro Max,12,TRUE,256GB,256,Excellent - Refurbished,369.48,,,,23,Seller 064,"Southfield, Michigan, United States",MI,3/5/2026
"iPhone 12 Pro Max, Unlocked Smartphone, 128GB, 256GB, 512GB - SYDNEY STOCK",iPhone 12 Pro Max,12,TRUE,128GB|256GB|512GB,128,New,751.9,,,10,20,Seller 548,"Sydney, NSW, Australia",INTL,2/26/2026
New Sealed Apple iPhone 13 MINI A2481 128GB/256GB Unlocked GSM CDMA Smartphone,iPhone 13 Mini,13,FALSE,128GB|256GB,128,New,321.99,,,2,9,Seller 574,"Whippany, New Jersey, United States",NJ,3/28/2026
"Apple iPhone 13 Mini, Unlocked Smartphone, 128GB, 256GB, 512GB, SYDNEY STOCK",iPhone 13 Mini,13,FALSE,128GB|256GB|512GB,128,New,621.9,,,10,24,Seller 548,"Sydney, NSW, Australia",INTL,2/26/2026
New Apple iPhone 13 MINI/13 PRO MAX 512GB 256GB 128GB A2176 A2484 USA Unlocked,iPhone 13 Mini,13,FALSE,128GB|256GB|512GB,128,New,321.99,,,2,5,Seller 574,"Whippany, New Jersey, United States",NJ,3/28/2026
NEW SEALED iPhone 13 mini (5G) 128GB/256GB Factory Unlocked Smartphone US A2481,iPhone 13 Mini,13,FALSE,128GB|256GB,128,New,321.99,,,2,1,Seller 574,"Whippany, New Jersey, United States",NJ,3/28/2026
iPhone 13,iPhone 13,13,FALSE,,,Used,3500,,,,,Seller 390,"Bronx, New York, United States",NY,
Apple iPhone 13 - 256 GB - TikTok,iPhone 13,13,FALSE,256GB,256,Used,5000,,,,,Seller 356,"New Castle, Indiana, United States",IN,
Apple iPhone 14 Plus (A2632) 128GB - Blue (Unlocked) - *DAMAGED* - Clean IMEI,iPhone 14 Plus,14,FALSE,128GB,128,For Parts Or Not Working,199.99,,,,,Seller 013,"Akron, Ohio, United States",OH,1/5/2026
Apple iPhone 14 Plus (A2632) 128GB - Black (Unlocked) - *DAMAGED* - Clean IMEI,iPhone 14 Plus,14,FALSE,128GB,128,For Parts Or Not Working,224.99,,,,,Seller 013,"Akron, Ohio, United States",OH,11/6/2025
New Sealed Apple iPhone 13 MINI 5G 128GB 256GB A2481 Factory Unlocked US Stock,iPhone 13 Mini,13,FALSE,128GB|256GB,128,New,321.99,,,2,1,Seller 574,"Whippany, New Jersey, United States",NJ,3/28/2026
Lot Of 5 Apple iPhone 14 Plus 128GB (Unlocked),iPhone 14 Plus,14,FALSE,128GB,128,Used,2049.95,,,2,2,Seller 017,"North Miami Beach, Florida, United States",FL,10/25/2025
Factory New Sealed Apple iPhone 14/iPhone 14 Pro Max 128G 256 512GB Unlocked LOT,iPhone 14 Pro Max,14,TRUE,512GB,512,New,314.11,,,,44,Seller 574,"Whippany, New Jersey, United States",NJ,3/28/2026
NEW SEALED APPLE IPHONE 14 5G 128GB~512GB FACTORY UNLOCKED ALL CARRIERS & COLORS,iPhone 14,14,FALSE,128GB|512GB,128,New,389.01,,,2,1,Seller 574,"Whippany, New Jersey, United States",NJ,3/28/2026
Apple iPhone 15 128GB Factory Unlocked CDMA + GSM - EXCELLENT,iPhone 15,15,FALSE,128GB,128,Excellent - Refurbished,369.48,,,,417,Seller 064,"Southfield, Michigan, United States",MI,3/26/2026
"Apple iPhone 13 Mini - Fully Unlocked - 128GB - 5.4"" - Good",iPhone 13 Mini,13,FALSE,128GB,128,Good - Refurbished,249,647.99,61.57,2,4,Seller 387,"Linden, New Jersey, United States",NJ,3/29/2026
"Apple iPhone 14, Unlocked Smartphone, 128GB, 256GB, 512GB - SYDNEY STOCK",iPhone 14,14,FALSE,128GB|256GB|512GB,128,New,801.9,,,5,1,Seller 548,"Sydney, NSW, Australia",INTL,2/26/2026
Apple iPhone 14 Plus (A2632) 256GB - Black (Unlocked) - **BENT FRAME** - H4190,iPhone 14 Plus,14,FALSE,256GB,256,Used,268.99,,,,,Seller 013,"Akron, Ohio, United States",OH,2/4/2026
New Apple iPhone 14 Pro Max 5G 128GB/256GB/512GB Factory Unlocked 2 YRS WARRANTY,iPhone 14 Pro Max,14,TRUE,128GB|256GB|512GB,128,New,675.95,,,2,2,Seller 574,"Whippany, New Jersey, United States",NJ,3/28/2026
Apple iPhone 14 Plus (A2632) 128GB - Red (Unlocked) - *DAMAGED* - Clean IMEI,iPhone 14 Plus,14,FALSE,128GB,128,For Parts Or Not Working,210.99,,,,,Seller 013,"Akron, Ohio, United States",OH,11/25/2025
Apple iPhone 17 (6.3-in) Smartphone (A3258) Unlocked - 256GB / Mist Blue,iPhone 17,17,FALSE,256GB,256,Very Good - Refurbished,849.95,,,,2,Seller 150,"Sykesville, Maryland, United States",MD,3/22/2026
Apple iPhone 14 Pro Max 128GB Deep Purple Factory Unlocked Excellent,iPhone 14 Pro Max,14,TRUE,128GB,128,Used,599,,,,,Seller 026,"Los Angeles, California, United States",CA,1/23/2026
"Apple iPhone 14 Pro Max, Unlocked Smartphone, 128GB, 256GB - SYDNEY STOCK",iPhone 14 Pro Max,14,TRUE,128GB|256GB,128,New,1091.9,,,5,7,Seller 548,"Sydney, NSW, Australia",INTL,2/26/2026
Apple iPhone 14 Plus (A2632) 128GB - Red (Unlocked) - *DAMAGED* - Clean IMEI,iPhone 14 Plus,14,FALSE,128GB,128,For Parts Or Not Working,209.99,,,,,Seller 013,"Akron, Ohio, United States",OH,
Apple iPhone 14 Plus (A2632) 128GB - Red (Unlocked) - *DAMAGED* - Clean IMEI,iPhone 14 Plus,14,FALSE,128GB,128,For Parts Or Not Working,210.99,,,,,Seller 013,"Akron, Ohio, United States",OH,
NEW SEALED BOX APPLE IPHONE 14 PRO MAX 128G/256G/512GB FACTORY UNLOCKED GSM+CDMA,iPhone 14 Pro Max,14,TRUE,512GB,512,New,675.95,,,2,1,Seller 574,"Whippany, New Jersey, United States",NJ,3/28/2026
Apple iPhone 14 Plus (A2632) 128GB - Red (Unlocked) - *DAMAGED* - Clean IMEI,iPhone 14 Plus,14,FALSE,128GB,128,For Parts Or Not Working,203.99,,,,,Seller 013,"Akron, Ohio, United States",OH,
Apple iPhone 14 Plus (A2632) 128GB - Black (Unlocked) - *DAMAGED* - Clean IMEI,iPhone 14 Plus,14,FALSE,128GB,128,For Parts Or Not Working,199.99,,,,,Seller 013,"Akron, Ohio, United States",OH,
Apple iPhone 14 Plus (A2632) 128GB (Unlocked) - CRACKED - Clean IMEI - H4978,iPhone 14 Plus,14,FALSE,128GB,128,For Parts Or Not Working,230.99,,,,,Seller 013,"Akron, Ohio, United States",OH,
Apple iPhone 12 Pro Max (A2342) 128GB - Blue (Unlocked) - *NO FACE ID* - H4118,iPhone 12 Pro Max,12,TRUE,128GB,128,Used,248.99,,,,,Seller 013,"Akron, Ohio, United States",OH,
Apple iPhone 14 Plus (A2632) 128GB - White (Unlocked) - *DAMAGED* - Clean IMEI,iPhone 14 Plus,14,FALSE,128GB,128,For Parts Or Not Working,192.99,,,,,Seller 013,"Akron, Ohio, United States",OH,
Apple iPhone 14 Plus (A2632) 128GB - Purple (Unlocked) - *DAMAGED* - Clean IMEI,iPhone 14 Plus,14,FALSE,128GB,128,For Parts Or Not Working,199.99,,,,,Seller 013,"Akron, Ohio, United States",OH,
Apple iPhone 14 Plus (A2632) 256GB - Blue (Unlocked) - *DAMAGED* - Clean IMEI,iPhone 14 Plus,14,FALSE,256GB,256,For Parts Or Not Working,222.99,,,,,Seller 013,"Akron, Ohio, United States",OH,
Apple iPhone 14 Plus (A2632) 128GB (Unlocked) Smartphone - BLEMISHED - H5245,iPhone 14 Plus,14,FALSE,128GB,128,Used,298.99,,,,,Seller 013,"Akron, Ohio, United States",OH,
New in Sealed Box Apple iPhone 13 MINI 5G A2481 128GB 256GB Unlocked Smartphone,iPhone 13 Mini,13,FALSE,128GB|256GB,128,New,321.88,,,2,2,Seller 574,"Whippany, New Jersey, United States",NJ,3/28/2026
Apple iPhone 14 Plus (A2632) 128GB - White (Unlocked) - *DAMAGED* - Clean IMEI,iPhone 14 Plus,14,FALSE,128GB,128,For Parts Or Not Working,194.99,,,,,Seller 013,"Akron, Ohio, United States",OH,
"New Sealed Apple iPhone 13 A2482 128/256/512GB 6.1"" FACTORY UNLOCKED 2 YR WARNTY",iPhone 13,13,FALSE,512GB,512,New,432.13,,,1,,Seller 574,"Whippany, New Jersey, United States",NJ,3/28/2026
Apple iPhone 13 128GB Unlocked FACTORY UNLOCKED - OPEN BOX,iPhone 13,13,FALSE,128GB,128,Open Box,249.48,,,5,93,Seller 064,"Southfield, Michigan, United States",MI,3/22/2026
Apple iPhone 14 Plus (A2632) 128GB - Blue (Unlocked) - *DAMAGED* - Clean IMEI,iPhone 14 Plus,14,FALSE,128GB,128,For Parts Or Not Working,190.99,,,,,Seller 013,"Akron, Ohio, United States",OH,
Apple iPhone 14 Plus (A2632) 256GB - White (Unlocked) - *DAMAGED* - Clean IMEI,iPhone 14 Plus,14,FALSE,256GB,256,For Parts Or Not Working,216.99,,,,,Seller 013,"Akron, Ohio, United States",OH,
Apple iPhone 14 Plus (A2632) 128GB - Purple (Unlocked) - *DISPLAY LINES* - H5314,iPhone 14 Plus,14,FALSE,128GB,128,For Parts Or Not Working,213.99,,,,,Seller 013,"Akron, Ohio, United States",OH,
Apple iPhone 14 Plus (A2632) 256GB - Black (Unlocked) - *DAMAGED* - Clean IMEI,iPhone 14 Plus,14,FALSE,256GB,256,For Parts Or Not Working,216.99,,,,,Seller 013,"Akron, Ohio, United States",OH,
Factory Unlocked Apple iPhone 14 128GB Midnight MPUD3VC/A,iPhone 14,14,FALSE,128GB,128,Used,344.99,,,,,Seller 126,"Kitchener, Canada",INTL,3/29/2026
Apple iPhone 13 A2482 – 128GB – Midnight – Factory Unlocked - 87% Battery,iPhone 13,13,FALSE,128GB,128,Used,240,,,,,Seller 012,"Phoenix, Arizona, United States",AZ,3/5/2026
Apple iPhone 14 Plus (A2632) 128GB - Red (Unlocked) - *DAMAGED* - Clean IMEI,iPhone 14 Plus,14,FALSE,128GB,128,For Parts Or Not Working,198.99,,,,,Seller 013,"Akron, Ohio, United States",OH,
Factory Unlocked Apple iPhone 14 128GB Midnight MPUD3VC/A,iPhone 14,14,FALSE,128GB,128,Used,428.99,,,,,Seller 126,"Kitchener, Canada",INTL,3/29/2026
Apple iPhone 12 - 128 GB - Black (Unlocked),iPhone 12,12,FALSE,128GB,128,Used,199,,,,,Seller 012,"Phoenix, Arizona, United States",AZ,
Apple Iphone 13,iPhone 13,13,FALSE,,,New,300,,,,,Seller 488,"Bellflower, California, United States",CA,3/29/2026
Apple iPhone 13 Mini Fully Unlocked Green 128GB - Very Good,iPhone 13 Mini,13,FALSE,128GB,128,Very Good - Refurbished,269,,,2,,Seller 387,"Linden, New Jersey, United States",NJ,3/23/2026
New Apple iPhone 14 Pro Max 5G 128GB/256GB/512GB Factory Unlocked All Carrier US,iPhone 14 Pro Max,14,TRUE,128GB|256GB|512GB,128,New,675.95,,,2,,Seller 574,"Whippany, New Jersey, United States",NJ,3/28/2026
New Apple iPhone 13 MINI A2481 128/256 Factory Unlocked Smartphone in Sealed Box,iPhone 13 Mini,13,FALSE,,,New,321.99,,,2,,Seller 574,"Whippany, New Jersey, United States",NJ,3/28/2026
Factory Unlocked Apple iPhone 13 128GB Midnight MNLC3VC/A,iPhone 13,13,FALSE,128GB,128,Used,329.99,,,,,Seller 126,"Kitchener, Canada",INTL,3/29/2026
Apple iPhone 12 Pro Max - 128 GB - Pacific (Unlocked) - ISSUES READ DESC.,iPhone 12 Pro Max,12,TRUE,128GB,128,For Parts Or Not Working,179.99,,,,,Seller 388,"Miami, Florida, United States",FL,
Apple iPhone 16 (6.1-in) (A3081) Unlocked - 128GB/Ultramarine - BAD FACE ID 90%+,iPhone 16,16,FALSE,128GB,128,Open Box,235.5,,,,,Seller 150,"Sykesville, Maryland, United States",MD,
NEW SEALED APPLE IPHONE 14 5G 128/256/512GB FACTORY UNLOCKED GSM+CDMA SMARTPHONE,iPhone 14,14,FALSE,512GB,512,New,389.01,,,2,,Seller 574,"Whippany, New Jersey, United States",NJ,3/28/2026
NEW SEALED APPLE IPHONE 14 5G 128GB 256GB 512GB FACTORY UNLOCKED 2 YRS WARRANTY,iPhone 14,14,FALSE,128GB|256GB|512GB,128,New,389.01,,,2,,Seller 574,"Whippany, New Jersey, United States",NJ,3/28/2026
NEW SEALED BOX APPLE IPHONE 14 128GB/256GB FACTORY UNLOCKED GSM+CDMA ALL COLORS,iPhone 14,14,FALSE,128GB|256GB,128,New,389.01,,,2,,Seller 574,"Whippany, New Jersey, United States",NJ,3/28/2026
"Apple IPhone 13, 128GB, Unlocked, Blue",iPhone 13,13,FALSE,128GB,128,Open Box,290,,,,,Seller 690,"Patchogue, New York, United States",NY,3/26/2026
Factory New Apple iPhone 13 MINI A2481 128G/256GB Unlocked 2 YR WARRANTY US SHIP,iPhone 13 Mini,13,FALSE,256GB,256,New,321.99,,,2,,Seller 574,"Brooklyn, New York, United States",NY,3/28/2026
Apple iPhone 17 Pro Max - 256 GB - Cosmic Orange (Unlocked),iPhone 17 Pro Max,17,TRUE,256GB,256,New,610,,,,,Seller 227,"Dallas, Texas, United States",TX,
NEW SEALED APPLE IPHONE 14 PRO MAX 128GB 256GB 512GB FACTORY UNLOCKED ALL COLORS,iPhone 14 Pro Max,14,TRUE,128GB|256GB|512GB,128,New,675.95,,,2,,Seller 574,"Whippany, New Jersey, United States",NJ,3/28/2026
iPhone 17 Pro Max 256GB Unlocked Smartphone OpenBox,iPhone 17 Pro Max,17,TRUE,256GB,256,New,1300,,,,,Seller 577,"Jones, Oklahoma, United States",OK,
Apple iPhone 14 Blue 128GB Factory Unlocked,iPhone 14,14,FALSE,128GB,128,For Parts Or Not Working,149.99,,,,,Seller 624,"Fort Worth, Texas, United States",TX,3/28/2026
Apple iPhone 14 Plus A2632 (Unlocked) - 128GB All Colors - OPEN BOX,iPhone 14 Plus,14,FALSE,128GB,128,Open Box,363.99,,,3,14,Seller 178,"La Puente, California, United States",CA,3/29/2026
TikTok/Capcut Apple iPhone 12 Pro Max - 512 GB - Blue (Unlocked),iPhone 12 Pro Max,12,TRUE,512GB,512,Used,1350,,,,,Seller 544,"Decatur, Georgia, United States",GA,
iPhone 13 256 GB with TikTok,iPhone 13,13,FALSE,256GB,256,Used,1000,,,,,Seller 419,"Collbran, Colorado, United States",CO,
Apple iPhone 14 Plus (A2632) 128GB - Purple (Unlocked) - *DAMAGED* - Clean IMEI,iPhone 14 Plus,14,FALSE,128GB,128,For Parts Or Not Working,199.99,,,,,Seller 013,"Akron, Ohio, United States",OH,1/5/2026
iPhone 12 Pro Max Factory Unlocked 128 -RARE IOS 14.4.2- 100% Battery Health 🔥,iPhone 12 Pro Max,12,TRUE,,,Used,996.35,,,,,Seller 022,"Fort Worth, Texas, United States",TX,2/12/2026
Apple iPhone 14 Pro Max A2651 - Factory Unlocked - 128GB Silver - Good Condition,iPhone 14 Pro Max,14,TRUE,128GB,128,Used,539.99,,,,,Seller 178,"La Puente, California, United States",CA,3/28/2026
Apple iPhone 14 Plus (A2632) 256GB - Red (Unlocked) - *DAMAGED* - Clean IMEI,iPhone 14 Plus,14,FALSE,256GB,256,For Parts Or Not Working,235.99,,,,,Seller 013,"Akron, Ohio, United States",OH,11/6/2025
Apple iPhone 14 Plus (A2632) 256GB - Blue (Unlocked) - *DAMAGED* - Clean IMEI,iPhone 14 Plus,14,FALSE,256GB,256,For Parts Or Not Working,220.99,,,,,Seller 013,"Akron, Ohio, United States",OH,
Apple iPhone 14 Plus (A2632) 256GB - Blue (Unlocked) - *DAMAGED* - Clean IMEI,iPhone 14 Plus,14,FALSE,256GB,256,For Parts Or Not Working,230.99,,,,,Seller 013,"Akron, Ohio, United States",OH,
Apple iPhone 14 Plus (A2632) 256GB - Purple (Unlocked) - *DAMAGED* - Clean IMEI,iPhone 14 Plus,14,FALSE,256GB,256,For Parts Or Not Working,220.99,,,,,Seller 013,"Akron, Ohio, United States",OH,
Apple iPhone 12 /12 Mini/12 Pro/12 Pro Max 64GB 128GB 256GB 512GB - 90% N ew,iPhone 12,12,FALSE,64GB|128GB|256GB|512GB,64,Used,160,,,2,,Seller 639,"ShenZhen, China",INTL,1/2/2026
Apple iPhone 14 Plus (A2632) 256GB - Purple (Unlocked) - *DAMAGED* - Clean IMEI,iPhone 14 Plus,14,FALSE,256GB,256,For Parts Or Not Working,222.99,,,,,Seller 013,"Akron, Ohio, United States",OH,
Apple iPhone 14 Plus (A2632) 256GB - Blue (Unlocked) - *DAMAGED* - Clean IMEI,iPhone 14 Plus,14,FALSE,256GB,256,For Parts Or Not Working,216.99,,,,,Seller 013,"Akron, Ohio, United States",OH,
"Apple iPhone 17 Pro Max 6.9"" 256GB 512GB 1TB 2TB Unlocked - Brand New (Sealed)",iPhone 17 Pro Max,17,TRUE,256GB|512GB|1024GB|2048GB,256,New,1440,,,,45,Seller 185,"Seattle, Washington, United States",WA,3/29/2026
Apple iPhone 14 Pro Max A2651 - 256GB Factory Unlocked - All Colors - A GRADE,iPhone 14 Pro Max,14,TRUE,256GB,256,Used,613.99,,,1,,Seller 178,"La Puente, California, United States",CA,3/29/2026
FACTORY UNLOCKED - Apple iPhone 14 Plus 128GB - Black Purple Blue Red - A GRADE,iPhone 14 Plus,14,FALSE,128GB,128,Used,332.99,,,2,,Seller 178,"La Puente, California, United States",CA,3/29/2026
Apple iPhone 14 Pro Max A2651 - Factory Unlocked - 1TB - Space Black - A GRADE,iPhone 14 Pro Max,14,TRUE,1024GB,1024,Used,638.99,,,2,,Seller 178,"La Puente, California, United States",CA,3/29/2026
Apple iPhone 14 Pro Max - Factory Unlocked - 256GB - Gold - B GRADE,iPhone 14 Pro Max,14,TRUE,256GB,256,Used,567.99,,,,,Seller 178,"La Puente, California, United States",CA,3/29/2026
Apple iPhone 14 Plus (A2632) 256GB - Purple (Unlocked) - *DAMAGED* - Clean IMEI,iPhone 14 Plus,14,FALSE,256GB,256,For Parts Or Not Working,226.99,,,,,Seller 013,"Akron, Ohio, United States",OH,
Apple iPhone 14 Plus (A2632) 128GB - White (Unlocked) - *DAMAGED* - Clean IMEI,iPhone 14 Plus,14,FALSE,128GB,128,For Parts Or Not Working,210.99,,,,,Seller 013,"Akron, Ohio, United States",OH,
Apple iPhone 14 Plus (A2632) 128GB - Blue (Unlocked) - *DAMAGED* - Clean IMEI,iPhone 14 Plus,14,FALSE,128GB,128,For Parts Or Not Working,199.99,,,,,Seller 013,"Akron, Ohio, United States",OH,1/26/2026
Apple iPhone 14 Plus (A2632) 128GB - Purple (Unlocked) - *DAMAGED* - Clean IMEI,iPhone 14 Plus,14,FALSE,128GB,128,For Parts Or Not Working,199.99,,,,,Seller 013,"Akron, Ohio, United States",OH,1/26/2026
Apple iPhone 12 Pro Max 128GB A2342 Unlocked MINT CONDITION ORGINAL BOX&EXTRAS,iPhone 12 Pro Max,12,TRUE,128GB,128,Used,379,,,,,Seller 416,"Erie, Pennsylvania, United States",PA,3/1/2026
Apple iPhone 14 Plus (A2632) 128GB - Purple (Unlocked) - *DAMAGED* - Clean IMEI,iPhone 14 Plus,14,FALSE,128GB,128,For Parts Or Not Working,198.99,,,,,Seller 013,"Akron, Ohio, United States",OH,2/5/2026
Apple iPhone 14 Plus (A2632) 128GB - Black (Unlocked) - *DAMAGED* - Clean IMEI,iPhone 14 Plus,14,FALSE,128GB,128,For Parts Or Not Working,199.99,,,,,Seller 013,"Akron, Ohio, United States",OH,2/6/2026
Apple iPhone 14 Plus (A2632) 256GB (Unlocked) Smartphone - BLEMISHED - H4691,iPhone 14 Plus,14,FALSE,256GB,256,Used,298.99,,,,,Seller 013,"Akron, Ohio, United States",OH,2/4/2026
Apple iPhone 14 Plus (A2632) 128GB - Blue (Unlocked) - *DAMAGED* - Clean IMEI,iPhone 14 Plus,14,FALSE,128GB,128,For Parts Or Not Working,199.99,,,,,Seller 013,"Akron, Ohio, United States",OH,2/10/2026
Apple iPhone 14 Pro Max Fully Unlocked - 128GB - 6.7in,iPhone 14 Pro Max,14,TRUE,128GB,128,Good - Refurbished,569,599,5.01,1,,Seller 387,"Linden, New Jersey, United States",NJ,3/29/2026
Apple iPhone 14 Plus (A2632) 128GB - Red (Unlocked) - *DAMAGED* - Clean IMEI,iPhone 14 Plus,14,FALSE,128GB,128,For Parts Or Not Working,199.99,,,,,Seller 013,"Akron, Ohio, United States",OH,
Apple iPhone 14 Plus (A2632) 128GB (Unlocked) - CRACKED - Clean IMEI - H5015,iPhone 14 Plus,14,FALSE,128GB,128,For Parts Or Not Working,220.99,,,,,Seller 013,"Akron, Ohio, United States",OH,2/26/2026
Apple iPhone 17 (6.3-in) Smartphone (A3258) Unlocked - 256GB/White 90%+ Battery,iPhone 17,17,FALSE,256GB,256,Open Box,869.99,,,,,Seller 150,"Sykesville, Maryland, United States",MD,3/28/2026
Apple iPhone 17 (6.3-in) Smartphone (A3258) Unlocked - 256GB / White,iPhone 17,17,FALSE,256GB,256,Excellent - Refurbished,869.99,,,,,Seller 150,"Sykesville, Maryland, United States",MD,3/28/2026
iPhone 14 Pro Max - 128 GB Unlocked Good Condition - Aftermarket Screen Message,iPhone 14 Pro Max,14,TRUE,128GB,128,Used,370,,,8,5,Seller 557,"Inglewood, California, United States",CA,3/28/2026
Apple iPhone 14 Plus (A2632) 128GB - Yellow (Unlocked) - *DAMAGED* - Clean IMEI,iPhone 14 Plus,14,FALSE,128GB,128,For Parts Or Not Working,192.99,,,,,Seller 013,"Akron, Ohio, United States",OH,
Apple iPhone 14 Plus (A2632) 128GB - White (Unlocked) - *DAMAGED* - Clean IMEI,iPhone 14 Plus,14,FALSE,128GB,128,For Parts Or Not Working,199.99,,,,,Seller 013,"Akron, Ohio, United States",OH,
Apple iPhone 14 Plus (A2632) 128GB - Blue (Unlocked) - *DAMAGED* - Clean IMEI,iPhone 14 Plus,14,FALSE,128GB,128,For Parts Or Not Working,199.99,,,,,Seller 013,"Akron, Ohio, United States",OH,
Apple iPhone 16 (6.1-in) Smartphone A3081 Unlocked - 128GB/White (90%+ Battery),iPhone 16,16,FALSE,128GB,128,Open Box,634.99,,,,,Seller 150,"Sykesville, Maryland, United States",MD,3/27/2026
Apple iPhone 14 Plus (A2632) 256GB - Purple (Unlocked) - *DAMAGED* - Clean IMEI,iPhone 14 Plus,14,FALSE,256GB,256,For Parts Or Not Working,216.99,,,,,Seller 013,"Akron, Ohio, United States",OH,
Apple iPhone 14 Plus (A2632) 128GB - Black (Unlocked) - *DAMAGED* - Clean IMEI,iPhone 14 Plus,14,FALSE,128GB,128,For Parts Or Not Working,194.99,,,,,Seller 013,"Akron, Ohio, United States",OH,
Apple iPhone 14 Plus (A2632) 128GB - Purple (Unlocked) Smartphone - H5379,iPhone 14 Plus,14,FALSE,128GB,128,Used,312.99,,,,,Seller 013,"Akron, Ohio, United States",OH,
Apple iPhone 14 Plus (A2632) 128GB - Red (Unlocked) - *DAMAGED* - Clean IMEI,iPhone 14 Plus,14,FALSE,128GB,128,For Parts Or Not Working,188.99,,,,,Seller 013,"Akron, Ohio, United States",OH,
Apple iPhone 14 128 GB Black Unlocked,iPhone 14,14,FALSE,128GB,128,Used,274.99,,,,,Seller 518,"Powder Springs, Georgia, United States",GA,
Apple iPhone 14 Plus (A2632) 128GB - Black (Unlocked) - *DAMAGED* - Clean IMEI,iPhone 14 Plus,14,FALSE,128GB,128,For Parts Or Not Working,190.99,,,,,Seller 013,"Akron, Ohio, United States",OH,
Factory Unlocked - Apple iPhone 14 Plus A2632 Midnight Black 128GB - A GRADE,iPhone 14 Plus,14,FALSE,128GB,128,Used,359.99,,,2,,Seller 178,"La Puente, California, United States",CA,3/29/2026
Apple iPhone 14 Plus (A2632) 128GB - Red (Unlocked) - *DAMAGED* - Clean IMEI,iPhone 14 Plus,14,FALSE,128GB,128,For Parts Or Not Working,196.99,,,,,Seller 013,"Akron, Ohio, United States",OH,3/13/2026
Apple iPhone 14 Plus (A2632) 256GB - Black (Unlocked) - *DAMAGED* - Clean IMEI,iPhone 14 Plus,14,FALSE,256GB,256,For Parts Or Not Working,218.99,,,,,Seller 013,"Akron, Ohio, United States",OH,
Apple iPhone 14 - 128 GB - Midnight (CA),iPhone 14,14,FALSE,128GB,128,Very Good - Refurbished,409.99,,,10,,Seller 142,"Toronto, Canada",INTL,
Apple iPhone 14 Plus (A2632) 128GB - Black (Unlocked) - *DAMAGED* - Clean IMEI,iPhone 14 Plus,14,FALSE,128GB,128,For Parts Or Not Working,198.99,,,,,Seller 013,"Akron, Ohio, United States",OH,
UNLOCKED - Apple iPhone 14 Pro Max A2651 512GB Space Black - Good Condition,iPhone 14 Pro Max,14,TRUE,512GB,512,Used,559.99,,,3,,Seller 178,"La Puente, California, United States",CA,3/27/2026
Apple iPhone 14 Plus (A2632) 256GB - Yellow (Unlocked) - *DAMAGED* - Clean IMEI,iPhone 14 Plus,14,FALSE,256GB,256,For Parts Or Not Working,208.99,,,,,Seller 013,"Akron, Ohio, United States",OH,
Apple iPhone 14 Plus (A2632) 128GB - Purple (Unlocked) - *DAMAGED* - Clean IMEI,iPhone 14 Plus,14,FALSE,128GB,128,For Parts Or Not Working,196.99,,,,,Seller 013,"Akron, Ohio, United States",OH,
Apple iPhone 14 Plus A2632 - Factory Unlocked - 128GB - Yellow - OPEN BOX,iPhone 14 Plus,14,FALSE,128GB,128,Open Box,389.99,,,3,1,Seller 178,"La Puente, California, United States",CA,3/27/2026
Apple iPhone 14 Pro Max - Factory Unlocked - 1TB - Space Black - Good Condition,iPhone 14 Pro Max,14,TRUE,1024GB,1024,Used,597.99,,,2,,Seller 178,"La Puente, California, United States",CA,3/29/2026
Apple iPhone 12 256GB No Face ID Factory Unlocked Very Good Condition,iPhone 12,12,FALSE,256GB,256,Used,195,,,,,Seller 215,"Los Angeles, California, United States",CA,
Apple iPhone 17 Pro Max 256GB Cosmic Orange Unlocked Brand New Sealed,iPhone 17 Pro Max,17,TRUE,256GB,256,New,1750,,,,,Seller 254,"Brooklyn, New York, United States",NY,3/26/2026
Apple iPhone 14 - 128 GB - Midnight (Unlocked),iPhone 14,14,FALSE,128GB,128,Used,65,,,,,Seller 317,"Louisville, Kentucky, United States",KY,
Unlocked Apple iPhone 13 Mini 256GB 26.4 Product Red ML9K3LL/A,iPhone 13 Mini,13,FALSE,256GB,256,Used,229.99,,,,,Seller 127,"Malvern, Pennsylvania, United States",PA,3/29/2026
"Apple iPhone 13, 13 Pro, 13 Pro Max Smartphone - Lot of 12",iPhone 13,13,FALSE,,,For Parts Or Not Working,849.95,,,,,Seller 156,"Cedar Rapids, Iowa, United States",IA,3/26/2026
Apple IPhone 17 Pro Max UNLOCKED 256GB Orange Esim✅ SHIPS TODAY✅ NEW & SEALED,iPhone 17 Pro Max,17,TRUE,256GB,256,New,1399.95,,,,,Seller 096,"United States, United States",INTL,
Apple iPhone 17 Pro Max - 1 TB - Cosmic Orange (Unlocked),iPhone 17 Pro Max,17,TRUE,1024GB,1024,New,1000,,,,,Seller 234,"Sheridan, Wyoming, United States",WY,3/28/2026
Apple iPhone 16 - 128 GB - White (Unlocked),iPhone 16,16,FALSE,128GB,128,New,699.99,,,,,Seller 454,"Fullerton, California, United States",CA,3/29/2026
Apple iPhone 17 Pro Max - 1 TB - Cosmic Orange (Unlocked),iPhone 17 Pro Max,17,TRUE,1024GB,1024,New,956,,,,,Seller 427,"Castle Rock, Colorado, United States",CO,
New in box Apple iPhone 13 Mini/12 Mini/12 Pro 5G Factory Unlocked All Carriers,iPhone 13 Mini,13,FALSE,,,New,327.55,,,3,32,Seller 024,"Whippany, New Jersey, United States",NJ,3/28/2026
Apple iPhone 12 64 GB Factory Unlocked | Excellent Condition,iPhone 12,12,FALSE,64GB,64,Used,299,,,3,,Seller 631,"Euless, Texas, United States",TX,7/17/2024
NEW IN BOX Apple Iphone 13 Mini A2481 128GB 256GB Unlocked GSM CDMA All Carrier,iPhone 13 Mini,13,FALSE,128GB|256GB,128,New,323.99,,,2,1,Seller 024,"Whippany, New Jersey, United States",NJ,3/28/2026
NEW Apple Iphone 13 Mini A2481 128GB 256GB Unlocked AT&T T-MOBILE VERIZON,iPhone 13 Mini,13,FALSE,128GB|256GB,128,New,323.99,,,2,1,Seller 024,"Whippany, New Jersey, United States",NJ,3/28/2026
iPhone 12 Promax Unlocked Smartphone 512GB Blue With Tiktok App,iPhone 12 Pro Max,12,TRUE,512GB,512,Used,1000,,,,,Seller 336,"Memphis, Tennessee, United States",TN,
iPhone 12 Pro Max With Tik Tok,iPhone 12 Pro Max,12,TRUE,,,Open Box,4000,,,,,Seller 357,"Richmond, Virginia, United States",VA,12/26/2025
New Sealed Apple iPhone 13 MINI A2481 128GB/256GB US Factory Unlocked GSM CDMA,iPhone 13 Mini,13,FALSE,128GB|256GB,128,New,323.99,,,2,1,Seller 024,"Whippany, New Jersey, United States",NJ,3/28/2026
Brand New Apple iPhone 13 Mini 64GB/128GB/256GB Unlocked for All Carriers Colors,iPhone 13 Mini,13,FALSE,64GB|128GB|256GB,64,New,323.99,,,2,,Seller 024,"Whippany, New Jersey, United States",NJ,3/28/2026
"New sealed Apple iPhone 13 MINI A2481 128/256/512GB 5.4"" US Unlocked Smartphone",iPhone 13 Mini,13,FALSE,512GB,512,New,323.99,,,2,,Seller 024,"Whippany, New Jersey, United States",NJ,3/28/2026
Apple iPhone 12 Pro Max 128GB 256GB 512GB Unlocked Smartphone - All Colors,iPhone 12 Pro Max,12,TRUE,128GB|256GB|512GB,128,Good - Refurbished,309.99,,,,204,Seller 089,"Moonachie, New Jersey, United States",NJ,3/29/2026
Apple iPhone 14 128GB 256GB 512GB Unlocked Smartphone - Very Good,iPhone 14,14,FALSE,128GB|256GB|512GB,128,Very Good - Refurbished,334.99,,,,189,Seller 089,"Moonachie, New Jersey, United States",NJ,3/27/2026
New Apple iPhone 13 MINI A2481 128GB/256GB/512GB Fully Unlocked US Version,iPhone 13 Mini,13,FALSE,128GB|256GB|512GB,128,New,323.99,,,2,1,Seller 024,"Whippany, New Jersey, United States",NJ,3/28/2026
iPhone 13,iPhone 13,13,FALSE,,,Open Box,340,,,,,Seller 591,"Brooklyn, New York, United States",NY,4/27/2025
Apple iPhone 14 128GB 256GB 512GB Unlocked Smartphone - Heavy Scratch,iPhone 14,14,FALSE,128GB|256GB|512GB,128,Used,239.99,,,10,118,Seller 089,"Moonachie, New Jersey, United States",NJ,3/27/2026
Apple iPhone 14 Plus A2632 128GB 256GB 512GB Unlocked Smartphone - Heavy Scratch,iPhone 14 Plus,14,FALSE,128GB|256GB|512GB,128,Used,319.99,,,,22,Seller 089,"Moonachie, New Jersey, United States",NJ,3/27/2026
Apple Iphone 13 Mini A2481 128GB 256 512GB Factory Unlocked GSM CDMA Smartphones,iPhone 13 Mini,13,FALSE,128GB|512GB,128,New,323.99,,,2,,Seller 024,"Whippany, New Jersey, United States",NJ,3/28/2026
Apple Iphone 13 Mini 5G A2481 128GB 512GB Factory Unlocked GSM CDMA Smartphones,iPhone 13 Mini,13,FALSE,128GB|512GB,128,New,323.99,,,2,,Seller 024,"Whippany, New Jersey, United States",NJ,3/28/2026
Apple Iphone 13 Mini 5G 512GB 256GB 128GB Factory Unlocked GSM CDMA Smartphones,iPhone 13 Mini,13,FALSE,128GB|256GB|512GB,128,New,323.99,,,2,,Seller 024,"Whippany, New Jersey, United States",NJ,3/28/2026
Apple iPhone 13 -128GB- Black – Unlocked – Premium Condition 100% Battery Health,iPhone 13,13,FALSE,128GB,128,Excellent - Refurbished,355,,,10,,Seller 112,"Eatontown, New Jersey, United States",NJ,3/26/2026
FACTORY NEW SEALED APPLE IPHONE 14 128GB 256G/512 FULLY UNLOCKED ALL GSM CDMA,iPhone 14,14,FALSE,128GB,128,New,389.99,,,5,1,Seller 509,"Whippany, New Jersey, United States",NJ,3/28/2026
Apple iPhone 14 – Unlocked – 128GB – Blue – Excellent Condition,iPhone 14,14,FALSE,128GB,128,Excellent - Refurbished,350,,,10,,Seller 112,"Eatontown, New Jersey, United States",NJ,3/26/2026
NEW SEALED APPLE IPHONE 14 PRO MAX 128GB 256G 512G FACTORY UNLOCKED 2 YEAR WARR,iPhone 14 Pro Max,14,TRUE,128GB,128,New,745.12,,,2,10,Seller 509,"Whippany, New Jersey, United States",NJ,3/28/2026
NEW APPLE IPHONE 14 PRO MAX 128GB-512G AT&T T-Mobile Verizon Factory Unlocked,iPhone 14 Pro Max,14,TRUE,128GB,128,New,745.12,,,2,3,Seller 509,"Whippany, New Jersey, United States",NJ,3/28/2026
New Apple iPhone 13 Mini 128GB/256/512B A2626 Factory Unlocked for All Carriers,iPhone 13 Mini,13,FALSE,128GB,128,New,322.01,,,2,58,Seller 509,"Whippany, New Jersey, United States",NJ,3/28/2026
NEW SEALEDAPPLE IPHONE 14 PRO MAX 128GB 256G 512G 1TB FACTORY UNLOCKED COLORS,iPhone 14 Pro Max,14,TRUE,128GB|1024GB,128,New,745.12,,,2,,Seller 509,"Whippany, New Jersey, United States",NJ,3/28/2026
FACTORY NEW SEALED APPLE IPHONE 14 PRO MAX 128G/256G/512 UNLOCKED 2 YRS WARRANTY,iPhone 14 Pro Max,14,TRUE,,,New,745.12,,,2,,Seller 509,"Whippany, New Jersey, United States",NJ,3/28/2026
New Apple iPhone 14/14 Pro Max /13/13 MINI/12 MINI 5G Factory Unlocked GSM CDMA,iPhone 14,14,FALSE,,,New,335.99,,,3,2,Seller 024,"Whippany, New Jersey, United States",NJ,3/28/2026
"Apple iPhone 12 Pro Max, 128 GB Unlocked - Used Very Good",iPhone 12 Pro Max,12,TRUE,128GB,128,Used,599.99,,,,,Seller 149,"Miami, Florida, United States",FL,
Apple iPhone 17 - 256gb - Unlocked - New/Sealed - Factory Warranty - All Colors,iPhone 17,17,FALSE,256GB,256,New,879,,,9,39,Seller 011,"Plaistow, New Hampshire, United States",NH,3/23/2026
Apple iPhone 16 128GB 256GB Unlocked Smartphone - All Colors - Good,iPhone 16,16,FALSE,128GB|256GB,128,Good - Refurbished,549.99,,,10,23,Seller 089,"Moonachie, New Jersey, United States",NJ,3/29/2026
Apple iPhone 12 64GB – Fully Unlocked - VERY GOOD CONDITION - Unlocked - Purple,iPhone 12,12,FALSE,64GB,64,Very Good - Refurbished,259.99,,,,,Seller 162,"Encino, California, United States",CA,3/27/2026
Apple iPhone 14 Pro Max 128GB 256GB 512GB Unlocked Smartphone - Heavy Scratch,iPhone 14 Pro Max,14,TRUE,128GB|256GB|512GB,128,Used,399.99,,,,29,Seller 089,"Moonachie, New Jersey, United States",NJ,3/27/2026
Apple iPhone 14 128GB Black Unlocked Smartphone - Heavy Scratch,iPhone 14,14,FALSE,128GB,128,Used,229.99,,,10,8,Seller 089,"Moonachie, New Jersey, United States",NJ,3/27/2026
Apple iPhone 17 US Version 256GB Black - Unlocked - Excellent,iPhone 17,17,FALSE,256GB,256,Excellent - Refurbished,799.99,,,10,2,Seller 018,"Addison, Texas, United States",TX,3/27/2026
"Apple iPhone 12 128GB Unlocked, GSM/CDMA, Purple, Factory",iPhone 12,12,FALSE,128GB,128,Used,185,,,,,Seller 616,"Miami, Florida, United States",FL,1/18/2026
New Sealed Box Apple iPhone 13 Mini Factory Unlocked Fully ALL carrier FAST SHIP,iPhone 13 Mini,13,FALSE,,,New,322.01,,,2,,Seller 509,"Brooklyn, New York, United States",NY,3/28/2026
Apple iPhone 14 - 128GB Black - Unlocked,iPhone 14,14,FALSE,128GB,128,Used,245.99,,,,,Seller 066,"Britton, Michigan, United States",MI,3/19/2026
Apple iPhone 17 256GB E -SIM US Version - Unlocked - Very Good,iPhone 17,17,FALSE,256GB,256,Very Good - Refurbished,764.99,,,4,2,Seller 018,"Addison, Texas, United States",TX,3/26/2026
Apple iPhone 12 - 128 GB - Black (Unlocked) (Dual SIM) B-Stock (Screen Replaced),iPhone 12,12,FALSE,128GB,128,Used,169.98,,,,,Seller 004,"Lima, Ohio, United States",OH,3/26/2026
TOTALMENTE NUEVO en CAJA Apple iPhone 15 5G 128 GB Negro (Desbloqueado) SELLADO-,iPhone 15,15,FALSE,128GB,128,New,519.55,,,,,Seller 432,"Burbank, CA, Estados Unidos",INTL,3/25/2026
"Apple iPhone 12 6.1"" Black Smart Phone 256GB Factory Unlocked - VG",iPhone 12,12,FALSE,256GB,256,Used,210,,,,,Seller 041,"Lenoir, North Carolina, United States",NC,3/18/2026
"Apple iPhone 14 -128GB, Unlocked, Midnight Blue, Original Box & Acc. EXCELLENT",iPhone 14,14,FALSE,128GB,128,Used,300,,,,,Seller 579,"Miami, Florida, United States",FL,3/17/2026
New Apple Iphone 13 Mini 5G Midnight 512GB/4GB Single Sim Unlocked Sim Free IOS,iPhone 13 Mini,13,FALSE,512GB,512,New,430.67,,,,4,Seller 143,"GB, United Kingdom",INTL,3/23/2026
"Apple iPhone 12 128GB Unlocked, GSM/CDMA, Purple",iPhone 12,12,FALSE,128GB,128,Used,77,,,,,Seller 614,"West Hempstead, New York, United States",NY,
Apple iPhone 17 (6.3-in) Smartphone (A3258) Unlocked - 256GB / BLUE / EXCELLENT,iPhone 17,17,FALSE,256GB,256,Excellent - Refurbished,749,,,,,Seller 558,"Lewisville, Texas, United States",TX,3/27/2026
Apple iPhone 17 (6.3-in) Smartphone (A3258) Unlocked - 256GB LAVENDER /EXCELLENT,iPhone 17,17,FALSE,256GB,256,Excellent - Refurbished,749,,,,,Seller 558,"Lewisville, Texas, United States",TX,3/27/2026
Apple iPhone 14 128 GB Midnight (Unlocked) NEW OTHER RESEALED OPEN BOX,iPhone 14,14,FALSE,128GB,128,Open Box,317.55,,,2,,Seller 432,"Burbank, California, United States",CA,
Apple iPhone 12 Pro Max-4G/5G (WHITE) 128GB-Unlocked! w/AppleCare Dual Sim,iPhone 12 Pro Max,12,TRUE,128GB,128,Used,325,,,,,Seller 293,"New Bern, North Carolina, United States",NC,3/29/2026
Iphone 17,iPhone 17,17,FALSE,,,Open Box,650,,,,,Seller 315,"Grayslake, Illinois, United States",IL,
Apple iPhone 12 Smartphone Verizon AT&T T-Mobile GSM Factory Unlocked Phone,iPhone 12,12,FALSE,,,Used,179.95,,,21,357,Seller 045,"Harriman, New York, United States",NY,3/27/2026
Apple iPhone 13 Verizon AT&T T-Mobile GSM Factory Fully Unlocked Phone 5G Good,iPhone 13,13,FALSE,,,Used,279.95,,,12,65,Seller 045,"Harriman, New York, United States",NY,3/8/2026
apple iPhone 13 Mini - Verizon AT&T T-Mobile GSM Factory Unlocked Phone - parts,iPhone 13 Mini,13,FALSE,,,For Parts Or Not Working,169.99,,,,24,Seller 045,"Harriman, New York, United States",NY,3/4/2026
apple iPhone 12 Verizon AT&T T-Mobile 256GB BLK Unlock Cell Phone -SHTRD/BSTD BT,iPhone 12,12,FALSE,256GB,256,Used,159.99,,,1,,Seller 045,"Harriman, New York, United States",NY,3/4/2026
"Apple iPhone 13 Fully Unlocked - All Colors - 128GB - 6.1""",iPhone 13,13,FALSE,128GB,128,Used,264,379.99,30.52,,20,Seller 387,"Linden, New Jersey, United States",NJ,3/29/2026
"Apple iPhone 13 - At&t - 128GB - 6.1"" -Very Good",iPhone 13,13,FALSE,128GB,128,Very Good - Refurbished,320,615,47.97,,3,Seller 387,"Linden, New Jersey, United States",NJ,3/29/2026
Apple iPhone 13 - T-Mobile - 6.1in - 128GB - Very Good,iPhone 13,13,FALSE,128GB,128,Very Good - Refurbished,595,,,1,,Seller 387,"Linden, New Jersey, United States",NJ,3/29/2026
Apple iPhone 14 Plus - 256GB - Black (Unlocked),iPhone 14 Plus,14,FALSE,256GB,256,Used,700,,,,,Seller 435,"Grand Rapids, Michigan, United States",MI,10/18/2024
"apple iPhone 14 Pro MAX 6.7"" Verizon AT&T T-Mobile GSM Unlocked Phone 5G crck",iPhone 14 Pro Max,14,TRUE,,,Used,389.99,,,1,,Seller 045,"Harriman, New York, United States",NY,3/4/2026
"apple iPhone 14 Pro MAX 6.7"" Verizon AT&T T-Mobile GSM Unlocked Phone 5G crak",iPhone 14 Pro Max,14,TRUE,,,For Parts Or Not Working,354.99,,,,2,Seller 045,"Harriman, New York, United States",NY,3/4/2026
"apple iPhone 14 Pro MAX 6.7"" Verizon AT&T T-Mobile GSM Unlocked Phone 5G lcd",iPhone 14 Pro Max,14,TRUE,,,Used,429.99,,,1,,Seller 045,"Harriman, New York, United States",NY,3/4/2026
"apple iPhone 14 Pro MAX 6.7"" Verizon AT&T T-Mobile GSM Factory Unlocked READ! ck",iPhone 14 Pro Max,14,TRUE,,,Used,384.99,,,1,,Seller 045,"Harriman, New York, United States",NY,3/4/2026
New in Sealed Apple iPhone 13 MINI A2481 128/256GB Fully Unlocked Fast shipping⚡,iPhone 13 Mini,13,FALSE,256GB,256,New,323.99,,,2,1,Seller 538,"Whippany, New Jersey, United States",NJ,3/28/2026
"apple iPhone 14 Pro MAX 6.7"" Verizon AT&T T-Mobile GSM Factory Unlocked READ cam",iPhone 14 Pro Max,14,TRUE,,,Used,409.99,,,1,,Seller 045,"Harriman, New York, United States",NY,3/4/2026
New Sealed Apple iPhone 13 MINI A2481 128/256/512GB Fully Unlocked 2 YR WARRANTY,iPhone 13 Mini,13,FALSE,512GB,512,New,321.01,402.51,20.25,2,47,Seller 135,"Whippany, New Jersey, United States",NJ,3/29/2026
✅New in box Apple iPhone 13 MINI A2481 128/256/512GB Unlocked 5.4''Free Shipping,iPhone 13 Mini,13,FALSE,512GB,512,New,321.01,,,2,3,Seller 135,"Whippany, New Jersey, United States",NJ,3/29/2026
New sealed Apple iPhone 13 MINI A2481 128/256/512GB Unlocked 5.4''12MPAll colors,iPhone 13 Mini,13,FALSE,512GB,512,New,321.01,,,2,3,Seller 135,"Whippany, New Jersey, United States",NJ,3/29/2026
New sealed Apple iPhone 13 MINI A2481 128/256GB Unlocked 5.4'' All colors+memory,iPhone 13 Mini,13,FALSE,256GB,256,New,321.01,,,2,2,Seller 135,"Whippany, New Jersey, United States",NJ,3/29/2026
New Sealed Apple iPhone 13 MINI 5G A2481 128GB/256GB Factory Unlocked GSM CDMA,iPhone 13 Mini,13,FALSE,128GB|256GB,128,New,323.99,,,2,11,Seller 538,"Whippany, New Jersey, United States",NJ,3/28/2026
iPhone 12 Pro Max With TikTok -256 GB-(Unlocked from apple) excellent condition,iPhone 12 Pro Max,12,TRUE,256GB,256,Used,5000,,,,,Seller 549,"Harrison, New Jersey, United States",NJ,1/26/2025
New Apple iPhone 13 Mini / iphone 12Mini 256GB 128GB Unlocked All Carriers Lot,iPhone 13 Mini,13,FALSE,128GB|256GB,128,New,335.99,,,5,32,Seller 538,"Whippany, New Jersey, United States",NJ,3/28/2026
New 2026 Apple - iPhone 17e A3575 USA eSIM Unlocked,iPhone 17,17,FALSE,,,New,699.99,,,,14,Seller 618,"Richardson, Texas, United States",TX,3/28/2026
New-Sealed Apple iPhone 13 MINI A2481 128 256GB 5.4''Unlocked ALL COLOR MEMORY,iPhone 13 Mini,13,FALSE,256GB,256,New,323.99,,,2,,Seller 538,"Whippany, New Jersey, United States",NJ,3/28/2026
New Sealed Box Apple iPhone 13 MINI A2481 128GB/256GB US Unlocked Smartphones,iPhone 13 Mini,13,FALSE,128GB|256GB,128,New,323.99,,,2,,Seller 538,"Whippany, New Jersey, United States",NJ,3/28/2026
New in Box Apple iPhone 13 MINI A2481 128/256GB USA Unlocked Smartphone,iPhone 13 Mini,13,FALSE,256GB,256,New,323.99,,,2,,Seller 538,"Whippany, New Jersey, United States",NJ,3/28/2026
New Apple iPhone 13 PRO MAX/13 MINI 128GB 256GB A2176 A2484 US Factory Unlocked,iPhone 13 Pro Max,13,TRUE,128GB|256GB,128,New,322.99,,,3,7,Seller 538,"Whippany, New Jersey, United States",NJ,3/28/2026
apple iPhone 14 Pro MAX 6.7 Verizon AT&T T-Mobile GSM Factory Unlocked touch,iPhone 14 Pro Max,14,TRUE,,,Used,449.99,,,,1,Seller 045,"Harriman, New York, United States",NY,3/4/2026
Factory New Sealed Apple iPhone 13 MINI A2481 128/256GB Fully Unlocked GSM+CDMA,iPhone 13 Mini,13,FALSE,256GB,256,New,321.01,,,2,3,Seller 135,"Whippany, New Jersey, United States",NJ,3/29/2026
Apple iPhone 13 MINI A2481 128/256/512GB Factory Unlocked T-Mobile AT&T Verizon,iPhone 13 Mini,13,FALSE,512GB,512,Open Box,327.55,,,2,2,Seller 538,"Whippany, New Jersey, United States",NJ,3/28/2026
"apple iPhone 14 Pro MAX 6.7"" Verizon AT&T T-Mobile GSM Unlocked Phone 5G pop",iPhone 14 Pro Max,14,TRUE,,,Used,424.99,,,1,,Seller 045,"Harriman, New York, United States",NY,3/4/2026
New in Sealed Box Apple iPhone 14 PRO MAX A2651 128/256GB Unlocked Smartphone US,iPhone 14 Pro Max,14,TRUE,256GB,256,New,699.99,,,2,3,Seller 135,"Whippany, New Jersey, United States",NJ,3/28/2026
New Apple iPhone 13/iPhone 14/14 Pro Max Factory Unlocked GSM CDMA Smartphones,iPhone 13,13,FALSE,,,New,409.95,,,10,10,Seller 135,"Whippany, New Jersey, United States",NJ,3/28/2026
NEW SEALED APPLE IPHONE 14 PRO MAX 128-512GB FACTORY UNLOCKED GSM+CDMA US SHIP,iPhone 14 Pro Max,14,TRUE,512GB,512,New,699.99,,,2,5,Seller 135,"Whippany, New Jersey, United States",NJ,3/28/2026
"Apple iPhone 12 Pro Max, 128/256/512GB - Unlocked - Good",iPhone 12 Pro Max,12,TRUE,512GB,512,Good - Refurbished,609,,,4,,Seller 162,"Encino, California, United States",CA,3/27/2026
Apple iPhone 12 Pro Max 512GB – Unlocked – Good Condition – Fast Shipping,iPhone 12 Pro Max,12,TRUE,512GB,512,Good - Refurbished,609,,,4,,Seller 162,"Encino, California, United States",CA,3/27/2026
"New Sealed Apple iPhone 13 Mini (128/256GB) 5G ,Factory Unlocked (USA Model)",iPhone 13 Mini,13,FALSE,256GB,256,New,323.99,,,2,1,Seller 538,"Whippany, New Jersey, United States",NJ,3/28/2026
Factory New Sealed Apple iPhone 14 5G 128/256GB Unlocked AT&T Verizon T-Mobile,iPhone 14,14,FALSE,256GB,256,New,403.95,,,5,,Seller 135,"Whippany, New Jersey, United States",NJ,3/28/2026
apple iPhone 14 Verizon AT&T T-Mobile GSM Factory Fully Unlocked Phone scrn jump,iPhone 14,14,FALSE,,,Used,254.99,,,,1,Seller 045,"Harriman, New York, United States",NY,3/4/2026
New 2025 Apple - iPhone 17 6.3-inch A3258 USA eSIM Unlocked,iPhone 17,17,FALSE,,,New,994.99,,,,27,Seller 618,"Richardson, Texas, United States",TX,12/17/2025
New 2025 Apple - iPhone 17 Air 6.5-inch A3260 USA eSIM Unlocked,iPhone 17,17,FALSE,,,New,1199.99,,,,27,Seller 618,"Richardson, Texas, United States",TX,2/21/2026
NEW SEALED SEALEDAPPLE IPHONE 14 PRO MAX 128-512GB FACTORY UNLOCKED GSM CDMA USA,iPhone 14 Pro Max,14,TRUE,512GB,512,New,699.88,,,2,,Seller 135,"Whippany, New Jersey, United States",NJ,3/28/2026
New Sealed in Box Apple iPhone 13/13 Pro Max 5G Factory Unlocked 2 YEAR WARRANTY,iPhone 13,13,FALSE,,,New,432.12,,,2,13,Seller 135,"Whippany, New Jersey, United States",NJ,3/28/2026
New 2025 Apple - iPhone 17 Pro Max 6.9-inch A3257 USA eSIM Unlocked,iPhone 17 Pro Max,17,TRUE,,,New,1474.99,,,,79,Seller 618,"Richardson, TX, United States",TX,2/25/2026
"New Apple iPhone 13 128GB 256GB Unlocked, Verizon, AT&T, T-Mobile -Free Shipping",iPhone 13,13,FALSE,128GB|256GB,128,New,432.12,,,2,2,Seller 135,"Whippany, New Jersey, United States",NJ,3/28/2026
Factory New Sealed Apple iPhone 14 PRO MAX 128/256/512GB UNLOCKED 2 YEAR WARRANT,iPhone 14 Pro Max,14,TRUE,512GB,512,New,699.88,,,2,20,Seller 135,"Los Angeles, California, United States",CA,3/28/2026
New Sealed Apple iPhone 13 Mini Factory Unlocked 256G/128 ALL Carrier Fast Ship,iPhone 13 Mini,13,FALSE,,,New,321.01,402.51,20.25,2,6,Seller 135,"Los Angeles, California, United States",CA,3/29/2026
"iPhone 14, 128GB Unlocked, Black, 85% + Battery Excellent Condition Tested!",iPhone 14,14,FALSE,128GB,128,Used,249.99,,,,,Seller 339,"La Canada Flintridge, California, United States",CA,3/4/2026
"Genuine Apple iPhone 17 Pro Max 6.9"" DUAL NANO SIM China Model A3527 Unlocked",iPhone 17 Pro Max,17,TRUE,,,New,1999,,,49,4,Seller 115,"Scottsdale, Arizona, United States",AZ,2/27/2026
"Genuine Apple iPhone 17 Pro Max 6.9"" One NANO SIM + eSIM China A3526 Unlocked",iPhone 17 Pro Max,17,TRUE,,,New,1789,,,49,8,Seller 115,"Scottsdale, Arizona, United States",AZ,3/20/2026
Brand New in Sealed Box Apple iPhone 13 MINI A2481 128GB USA Unlocked Smartphone,iPhone 13 Mini,13,FALSE,128GB,128,New,321.01,,,2,14,Seller 135,"Los Angeles, California, United States",CA,3/29/2026
Apple iPhone 16 (6.1-inch) Smartphone (A3081) Unlocked - 128GB / White,iPhone 16,16,FALSE,128GB,128,Excellent - Refurbished,634.99,,,,,Seller 150,"Sykesville, Maryland, United States",MD,3/27/2026
iPhone 17 Air 512gb (white),iPhone 17,17,FALSE,512GB,512,Open Box,1050,,,,,Seller 384,"Grand Rapids, Michigan, United States",MI,
Apple iPhone 12 - 128 GB - Blue (AT&T) A2172 - Works - READ DESCRIPTION,iPhone 12,12,FALSE,128GB,128,Used,141.5,,,,,Seller 077,"North Brunswick, New Jersey, United States",NJ,
Factory New Sealed Apple iPhone 13 A2482 128GB 256GB 512GB Unlocked US SHIPPING,iPhone 13,13,FALSE,128GB|256GB|512GB,128,New,432.12,,,2,16,Seller 135,"Austin, Texas, United States",TX,3/28/2026
Apple iPhone 14 Pro Max 1TB Unlocked Fair - All Colors- Used Excellent,iPhone 14 Pro Max,14,TRUE,1024GB,1024,Used,539.99,,,2,1,Seller 207,"桃園區, Taiwan",INTL,3/11/2026
Apple iPhone 16 256GB Excellent Condition AT&T,iPhone 16,16,FALSE,256GB,256,Open Box,599,,,,,Seller 426,"Southampton, New York, United States",NY,3/28/2026
Apple iPhone 17 256GB E -SIM US Version - Unlocked - Good,iPhone 17,17,FALSE,256GB,256,Good - Refurbished,799.99,,,4,1,Seller 018,"Addison, Texas, United States",TX,3/12/2026
Apple iPhone 17 256GB E -SIM US Version - Unlocked - Excellent,iPhone 17,17,FALSE,256GB,256,Excellent - Refurbished,789.99,,,10,101,Seller 018,"Addison, Texas, United States",TX,3/28/2026
"GENUINE Apple iPhone 17 6.3"" Physical NANO SIM + eSIM A3520 Unlocked 256GB/512GB",iPhone 17,17,FALSE,256GB|512GB,256,New,1089,,,46,10,Seller 115,"Scottsdale, Arizona, United States",AZ,2/27/2026
New Sealed Box Apple iPhone 13 MINI 128G/256GB Factory Unlocked GSM+CDMA US SHIP,iPhone 13 Mini,13,FALSE,256GB,256,New,321.88,,,2,,Seller 651,"Whippany, New Jersey, United States",NJ,3/28/2026
Apple iPhone 17 256GB Lavender Open Box A3258 Unlocked (100% Battery) OPEN BOX,iPhone 17,17,FALSE,256GB,256,Open Box,784.13,,,2,,Seller 027,"Kapolei, Hawaii, United States",HI,3/2/2026
New &Sealed Apple iPhone 13 MINI 128/256GB Factory Unlocked ALL GSM CDMA US SHIP,iPhone 13 Mini,13,FALSE,256GB,256,New,321.88,,,2,,Seller 651,"Whippany, New Jersey, United States",NJ,3/28/2026
"Apple iPhone 13 5G 256GB 6.1"" Factory Unlocked Smartphone Midnight",iPhone 13,13,FALSE,256GB,256,Used,260.99,384.99,32.21,,,Seller 009,"Cass City, Michigan, United States",MI,3/27/2026
New Sealed Apple iPhone 13 A2482 128-512GB Factory Unlocked All Mobile Carriers,iPhone 13,13,FALSE,512GB,512,New,432.12,,,2,,Seller 135,"Whippany, New Jersey, United States",NJ,3/28/2026
New Sealed Apple iPhone 13 MINI 128GB/256GB 5G Factory Unlocked GSM CDMA US SHIP,iPhone 13 Mini,13,FALSE,128GB|256GB,128,New,321.99,,,2,,Seller 651,"Whippany, New Jersey, United States",NJ,3/28/2026
Apple IPhone 14 Pro Max 5G 512GB Factory Unlocked CDMA + GSM,iPhone 14 Pro Max,14,TRUE,512GB,512,Used,526.99,647.99,18.67,,,Seller 009,"Cass City, Michigan, United States",MI,3/27/2026
New & Sealed | Apple iPhone 17 Pro Max - 256 GB - Silver (Unlocked),iPhone 17 Pro Max,17,TRUE,256GB,256,New,1397,,,2,,Seller 524,"Silver Spring, Maryland, United States",MD,
"NEW Apple iPhone 13 Mini 128GB 256GB 5.4"" Unlocked in SEALED BOX US Fast Ship 5G",iPhone 13 Mini,13,FALSE,128GB|256GB,128,New,321.01,,,2,,Seller 135,"Austin, Texas, United States",TX,3/29/2026
Apple iPhone 15 Plus 128GB Blue (Unlocked) SmartPhone - Excellent,iPhone 15 Plus,15,FALSE,128GB,128,Excellent - Refurbished,457.99,,,10,,Seller 182,"Prospect Heights, Illinois, United States",IL,3/29/2026
Apple iPhone 17 ProMAX - 256GB - Orange - Unlocked / EXCELLENT / 100% BATTERY,iPhone 17 Pro Max,17,TRUE,256GB,256,Excellent - Refurbished,1299,,,,,Seller 558,"Lewisville, Texas, United States",TX,3/23/2026
Apple iPhone 14 Plus 128GB Unlocked - Excellent,iPhone 14 Plus,14,FALSE,128GB,128,Used,90,,,,,Seller 010,"Dunkirk, New York, United States",NY,
Apple iPhone 14 Pro Max 128GB (Network Unlocked) US E Sim Gold,iPhone 14 Pro Max,14,TRUE,128GB,128,Used,413.99,1080.99,61.7,,,Seller 009,"Cass City, Michigan, United States",MI,3/27/2026
"New & Sealed Apple iPhone 14 (128GB/256GB) Factory Unlocked, All Mobile Carriers",iPhone 14,14,FALSE,128GB|256GB,128,New,403.95,,,5,1,Seller 135,"Austin, Texas, United States",TX,3/28/2026
Factory New Sealed Apple iPhone 14 A2649 128GB 256GB 512GB Unlocked US SHIPPING,iPhone 14,14,FALSE,128GB|256GB|512GB,128,New,403.95,,,5,,Seller 135,"Austin, Texas, United States",TX,3/28/2026
NEW SEALED APPLE IPHONE 14 PRO MAX 128GB/256/512GB 1TB UNLOCKED GSM CDMA US SHIP,iPhone 14 Pro Max,14,TRUE,128GB|512GB|1024GB,128,New,675.99,,,2,,Seller 135,"Austin, Texas, United States",TX,3/28/2026
Apple iPhone 15 256GB Black (Unlocked) SmartPhone - Good,iPhone 15,15,FALSE,256GB,256,Good - Refurbished,472.99,,,,,Seller 182,"Prospect Heights, Illinois, United States",IL,3/29/2026
Apple iPhone 12 Pro Max - 256GB - Gold (Factory Unlocked),iPhone 12 Pro Max,12,TRUE,256GB,256,Open Box,650,,,,,Seller 530,"Pompano Beach, Florida, United States",FL,11/14/2023
Apple iPhone 16 A3081 Unlocked 256GB Pink Good,iPhone 16,16,FALSE,256GB,256,Good - Refurbished,570.01,,,,1,Seller 208,"Clive, Iowa, United States",IA,3/25/2026
iPhone 12 Pro With TikTok App,iPhone 12 Pro,12,TRUE,,,Used,5000,,,,,Seller 325,"Newark, New Jersey, United States",NJ,
Apple iPhone 12 Pro Max - 512 GB - Blue (Unlocked),iPhone 12 Pro Max,12,TRUE,512GB,512,Used,385,,,,,Seller 669,"Bellport, New York, United States",NY,
Apple iPhone 13 - 256 GB - White (Unlocked),iPhone 13,13,FALSE,256GB,256,Used,4500,,,,,Seller 322,"Sacramento, California, United States",CA,
TikTok Apple iPhone 12 Pro (Unlocked),iPhone 12 Pro,12,TRUE,,,Used,5000,,,,,Seller 335,"Milwaukee, Wisconsin, United States",WI,
iPhone 13 with TikTok installed,iPhone 13,13,FALSE,,,Used,800,,,,,Seller 444,"Hatfield, Pennsylvania, United States",PA,
Apple iPhone 13 mini 128GB Factory Unlocked Red Very Good Condition,iPhone 13 Mini,13,FALSE,128GB,128,Very Good - Refurbished,305.67,,,18,2,Seller 081,"Owings Mills, Maryland, United States",MD,3/29/2026
Apple iPhone 14 Plus 128GB l 256GB l 512GB Unlocked Dual eSIM) -Refurbished-GOOD,iPhone 14 Plus,14,FALSE,128GB|256GB|512GB,128,Good - Refurbished,399.99,,,1,,Seller 031,"Hauppauge, New York, United States",NY,7/3/2025
Apple iPhone 14 Pro Max 5G Space Black,iPhone 14 Pro Max,14,TRUE,,,Used,750,,,,,Seller 223,"Westerville, Ohio, United States",OH,9/28/2025
Apple iPhone 14 Pro 5G Smartphone,iPhone 14 Pro,14,TRUE,,,Used,750,,,,,Seller 223,"Westerville, Ohio, United States",OH,9/28/2025
Apple IPhone 17 Pro Max 5G (Unlocked) 512GB Dual SIM 6.9in 48MP OLED Display,iPhone 17 Pro Max,17,TRUE,512GB,512,New,2199,,,,30,Seller 187,"Taiwan, Taiwan",INTL,3/29/2026
Apple iPhone 14 - 128 GB - Midnight (Unlocked),iPhone 14,14,FALSE,128GB,128,Used,429.99,,,10,,Seller 330,"Paramount, California, United States",CA,
Read* Apple iPhone 13 - 128 GB - Pink (Unlocked) ~60736,iPhone 13,13,FALSE,128GB,128,For Parts Or Not Working,179,,,,,Seller 410,"Monroeville, Pennsylvania, United States",PA,11/30/2025
Apple iPhone 12 Pro Max - 128GB - Graphite - Unlocked - Good Condition,iPhone 12 Pro Max,12,TRUE,128GB,128,Used,299.99,,,,,Seller 633,"Waukesha, Wisconsin, United States",WI,12/17/2025
Lot of 10 iPhone 14 Plus 128GB Unlocked (Mint Condition),iPhone 14 Plus,14,FALSE,128GB,128,Used,3500,,,,,Seller 329,"Staten Island, New York, United States",NY,
iPhone 16 128GB Unlocked Excellent Condition,iPhone 16,16,FALSE,128GB,128,Open Box,643.99,,,,,Seller 458,"West New York, New Jersey, United States",NJ,
IPhone 16 128gb Unlocked Excellent Condition,iPhone 16,16,FALSE,128GB,128,Open Box,669.99,,,,,Seller 458,"West New York, New Jersey, United States",NJ,2/3/2026
Apple iPhone 17 Pro Max - 2 TB - Deep Blue (Unlocked),iPhone 17 Pro Max,17,TRUE,2048GB,2048,New,1900,,,,,Seller 497,"Spring, Texas, United States",TX,
Apple iPhone 17 A3258 Unlocked 256GB Mist Blue Good,iPhone 17,17,FALSE,256GB,256,Good - Refurbished,759.98,,,2,,Seller 208,"Clive, Iowa, United States",IA,3/26/2026
Lot of 4 iPhone 14 128GB/256GB Unlocked (Great Condition),iPhone 14,14,FALSE,128GB|256GB,128,Used,1200,,,,,Seller 329,"Staten Island, New York, United States",NY,
Apple iPhone 17 A3258 Unlocked 256GB Sage Excellent,iPhone 17,17,FALSE,256GB,256,Excellent - Refurbished,839.98,,,4,,Seller 208,"Clive, Iowa, United States",IA,3/29/2026
"APPLE IPHONE 16 TEAL 256GB Unlocked, New & Sealed, Sold Out! A3081 USA E-Sim",iPhone 16,16,FALSE,256GB,256,New,875,,,,,Seller 259,"Lafayette, California, United States",CA,3/26/2026
Apple iPhone 17 A3258 Unlocked 256GB Sage Very Good,iPhone 17,17,FALSE,256GB,256,Very Good - Refurbished,799.98,,,,,Seller 208,"Clive, Iowa, United States",IA,3/26/2026
Apple iPhone 17 A3258 Unlocked 256GB Lavender Good,iPhone 17,17,FALSE,256GB,256,Good - Refurbished,759.98,,,2,,Seller 208,"Clive, Iowa, United States",IA,3/27/2026
"Apple iPhone 13 Unlocked, 256GB",iPhone 13,13,FALSE,256GB,256,Used,300,,,,,Seller 626,"Torrance, California, United States",CA,3/22/2026
"Apple iPhone 13 Mini Unlocked White/Starlight, 128GB",iPhone 13 Mini,13,FALSE,128GB,128,Used,380,,,,,Seller 270,"Clinton Township, Michigan, United States",MI,3/24/2026
Apple iPhone 13 - 128 GB - Midnight (Unlocked),iPhone 13,13,FALSE,128GB,128,Used,173.5,,,,,Seller 492,"New Castle, Delaware, United States",DE,
Apple iPhone 14 Pro Max 128GB White,iPhone 14 Pro Max,14,TRUE,128GB,128,Used,500,,,,,Seller 268,"Batesville, Mississippi, United States",MS,
Broken Unlocked Apple iPhone 12 128GB 26.3.1 MGHD3LL/A Cracked Screen,iPhone 12,12,FALSE,128GB,128,For Parts Or Not Working,169.99,,,,,Seller 128,"Cincinnati, Ohio, United States",OH,3/29/2026
Apple iPhone 17 Pro Max - 1 TB - Cosmic Orange (Unlocked),iPhone 17 Pro Max,17,TRUE,1024GB,1024,New,1200,,,,,Seller 288,"Lynden, Washington, United States",WA,3/28/2026
Apple iPhone 17 Pro Max - 1 TB - Cosmic Orange (Unlocked),iPhone 17 Pro Max,17,TRUE,1024GB,1024,New,1200,,,,,Seller 241,"Whitakers, North Carolina, United States",NC,3/28/2026
NEW APPLE IPHONE 16 UNLOCKED 128GB BLACK 100% BATTERY APPLE WARRANTY UNTIL 10/26,iPhone 16,16,FALSE,128GB,128,New,599,,,,,Seller 097,"Baldwin, New York, United States",NY,
Apple iPhone 13 - 128GB Blue (Untested),iPhone 13,13,FALSE,128GB,128,Used,200,,,,,Seller 622,"Morristown, Tennessee, United States",TN,3/27/2026
Apple iPhone 13 - 128GB Dark Blue (Untested),iPhone 13,13,FALSE,128GB,128,Used,200,,,,,Seller 622,"Morristown, Tennessee, United States",TN,3/27/2026
Apple iPhone 16 - 128GB - Black (Unlocked) - NEW & SEALED,iPhone 16,16,FALSE,128GB,128,New,625,,,,,Seller 248,"West Hollywood, California, United States",CA,
Apple iPhone 14 eSIM 128GB Midnight Unlocked Clean IMEI,iPhone 14,14,FALSE,128GB,128,Used,200,,,,,Seller 340,"Anaheim, California, United States",CA,
Apple iPhone 12 - 64GB | 128GB - A2172 (Unlocked) Smartphone - Very Good,iPhone 12,12,FALSE,64GB|128GB,64,Very Good - Refurbished,194.7,204.95,5,10,25,Seller 083,"Spartanburg, South Carolina, United States",SC,3/27/2026
Apple iPhone 15 A2846 Unlocked 128GB Black Good,iPhone 15,15,FALSE,128GB,128,Good - Refurbished,357.38,,,,110,Seller 208,"Clive, Iowa, United States",IA,3/29/2026
Apple iPhone 13 - 128GB | 256GB - (Unlocked) AT&T Verizon T-Mobile Metro Cricket,iPhone 13,13,FALSE,128GB|256GB,128,Open Box,256.45,269.95,5,7,52,Seller 083,"Spartanburg SC, United States",INTL,3/28/2026
Apple iPhone 13 - 128GB | 256GB - (Unlocked) AT&T Verizon T-Mobile Cricket Metro,iPhone 13,13,FALSE,128GB|256GB,128,Very Good - Refurbished,275.45,289.95,5,10,89,Seller 083,"Spartanburg SC, United States",INTL,3/20/2026
Apple iPhone 14 | 14 Plus 128GB | 256GB | 512GB - Unlocked AT&T Verizon T-Mobile,iPhone 14,14,FALSE,128GB|256GB|512GB,128,Open Box,289.7,304.95,5,,25,Seller 083,"Spartanburg SC, United States",INTL,3/25/2026
Apple iPhone 14 | 14 Plus - 128GB | 256GB | 512GB Unlocked AT&T Metro T-mobile,iPhone 14,14,FALSE,128GB|256GB|512GB,128,Very Good - Refurbished,270.7,284.95,5,,33,Seller 083,"Spartanburg SC, United States",INTL,3/29/2026
Apple iPhone 12 Pro Max Unlocked | 128GB | Pacific Blue | A2342 - USED,iPhone 12 Pro Max,12,TRUE,128GB,128,Used,349,,,2,,Seller 154,"Brooklyn, New York, United States",NY,11/30/2025
Apple iPhone 16 A3081 Unlocked 256GB Black Good,iPhone 16,16,FALSE,256GB,256,Good - Refurbished,570.01,,,2,2,Seller 208,"Clive, Iowa, United States",IA,3/27/2026
Apple iPhone 12 | 12 mini - 64GB 128GB 256GB - Unlocked T-Mobile AT&T Verizon,iPhone 12,12,FALSE,64GB|128GB|256GB,64,Very Good - Refurbished,156.7,164.95,5,10,62,Seller 083,"Spartanburg SC, United States",INTL,3/29/2026
Apple iPhone 12 64GB / 128GB / 256GB –Unlocked - VERY GOOD CONDITION #3,iPhone 12,12,FALSE,64GB|128GB|256GB,64,Used,195.99,,,,3,Seller 465,"Kissimmee, Florida, United States",FL,2/11/2026
Apple iPhone 17 Pro Max A3526 Unlocked New Sealed Physical SIM Card Tray -FedEX,iPhone 17 Pro Max,17,TRUE,,,New,2124.2,,,,29,Seller 144,"Seoul, South Korea",INTL,3/24/2026
Apple iPhone 14 A2649 128 GB iOS 26.1 (Wi-Fi + 5G) Unlocked,iPhone 14,14,FALSE,128GB,128,Used,269.99,,,,,Seller 393,"Indianapolis, Indiana, United States",IN,3/3/2026
iPhone 12 Pro Max 128GB AT&T,iPhone 12 Pro Max,12,TRUE,128GB,128,Used,295,,,,,Seller 406,"Atlantic City, New Jersey, United States",NJ,1/9/2026
Apple iPhone 13 mini 128GB A2628 Fully Unlocked All colors C stock Cosmetic Wear,iPhone 13 Mini,13,FALSE,128GB,128,Used,179.85,,,1,,Seller 649,"Brooklyn, New York, United States",NY,2/19/2026
Unlocked Apple iPhone 12 Pro Max 128GB Blue Cracked Front Glass 73% Battery,iPhone 12 Pro Max,12,TRUE,128GB,128,For Parts Or Not Working,210,,,,,Seller 104,"South Bend, Indiana, United States",IN,
Apple iPhone 13 mini 512 GB All colors Unlocked AT&T T-Mobile Verizon Good,iPhone 13 Mini,13,FALSE,512GB,512,Good - Refurbished,357.77,,,,1,Seller 649,"Brooklyn, New York, United States",NY,2/19/2026
Apple iPhone 14 Plus (A2632) 128GB - Black - Parts Only As Is Check Description,iPhone 14 Plus,14,FALSE,128GB,128,For Parts Or Not Working,92,,,,,Seller 355,"Pearland, Texas, United States",TX,3/18/2026
Apple iPhone 17 A3258 Unlocked 256GB Mist Blue Very Good,iPhone 17,17,FALSE,256GB,256,Very Good - Refurbished,799.98,,,10,,Seller 208,"Clive, Iowa, United States",IA,3/26/2026
Apple iPhone 13 - 128 GB - Midnight (Unlocked) No service and screen lines,iPhone 13,13,FALSE,128GB,128,For Parts Or Not Working,154.98,,,,,Seller 649,"Brooklyn, New York, United States",NY,2/15/2026
Apple iPhone 14 eSIM 128GB Midnight Unlocked Clean IMEI BH=100% Charged 11 Times,iPhone 14,14,FALSE,128GB,128,Used,333.33,,,,,Seller 188,"Shawnee, Kansas, United States",KS,2/23/2026
Apple iPhone 14 Plus 512GB Unlocked phone.,iPhone 14 Plus,14,FALSE,512GB,512,Open Box,500,,,,,Seller 503,"Buda, Texas, United States",TX,2/21/2026
Apple iPhone 17 A3258 Unlocked 256GB Mist Blue Excellent,iPhone 17,17,FALSE,256GB,256,Excellent - Refurbished,839.98,,,10,,Seller 208,"Clive, Iowa, United States",IA,3/29/2026
Jailbroken IPhone 12 Pro Max 256gb (Unlocked) RARE iOS 16.1 (READ DESCRIPTION),iPhone 12 Pro Max,12,TRUE,256GB,256,Used,790,,,,,Seller 592,"Jersey City, New Jersey, United States",NJ,
iPhone 14 Physical Sim & E-Sim Unlocked 128Gb Storage,iPhone 14,14,FALSE,128GB,128,Used,350,,,,,Seller 060,"Orlando, Florida, United States",FL,3/3/2026
Apple iPhone 17 A3258 Unlocked 256GB Black Good,iPhone 17,17,FALSE,256GB,256,Good - Refurbished,759.98,,,,,Seller 208,"Clive, Iowa, United States",IA,3/23/2026
Apple iPhone 12 Pro Max - 512 GB - All colors (Unlocked) used with cosmetic wear,iPhone 12 Pro Max,12,TRUE,512GB,512,Used,299.99,,,1,,Seller 649,"Brooklyn, New York, United States",NY,
Apple iPhone 12 - 64 GB - Green (Unlocked) Excellent condition but no face id,iPhone 12,12,FALSE,64GB,64,Used,149.99,,,,,Seller 649,"Brooklyn, New York, United States",NY,
Apple iPhone 17e A3634 Unlocked New Sealed Physical SIM Card Tray - FedEX,iPhone 17,17,FALSE,,,New,874.2,,,1,,Seller 144,"Seoul, South Korea",INTL,3/18/2026
"Apple iPhone 16 6.1"" Physical SIM A3287 Unlocked 128GB UPS",iPhone 16,16,FALSE,128GB,128,Open Box,800,,,,,Seller 484,"West Chester, Pennsylvania, United States",PA,3/22/2026
New Factory Unlocked Apple iPhone 16 128GB Teal MYAW3LL/A,iPhone 16,16,FALSE,128GB,128,New,674.99,,,,,Seller 132,"Charlotte, North Carolina, United States",NC,3/29/2026
Apple iPhone 16 - 128GB ( Unlocked ) NEW SEALED (#622),iPhone 16,16,FALSE,128GB,128,Open Box,629.97,,,,,Seller 408,"Sarasota, Florida, United States",FL,3/16/2026
Apple iPhone 12 BLACK 64GB Unlocked -Battery 100% Very Good 22,iPhone 12,12,FALSE,64GB,64,Used,209.99,,,,,Seller 465,"Kissimmee, Florida, United States",FL,
Apple iPhone 14 Plus 256GB Unlocked Clean IMEI Good Condition 84% Battery,iPhone 14 Plus,14,FALSE,256GB,256,Used,364,,,,,Seller 072,"Lexington, Kentucky, United States",KY,3/22/2026
Apple iPhone 14 Plus 128 GB unlocked all colors fully working with cosmetic wear,iPhone 14 Plus,14,FALSE,128GB,128,Used,249.99,,,2,3,Seller 649,"Brooklyn, New York, United States",NY,
Apple iPhone 14 Plus - 512 GB - All colors (Unlocked) used tested cosmetic wear,iPhone 14 Plus,14,FALSE,512GB,512,Used,309.99,,,2,1,Seller 649,"Brooklyn, New York, United States",NY,
Apple iPhone 17 Pro Max 256GB Unlocked Silver MFXG4LL/A Brand New,iPhone 17 Pro Max,17,TRUE,256GB,256,New,1330,,,,,Seller 111,"Gresham, Oregon, United States",OR,3/29/2026
Apple iPhone 15 Fully Unlocked Blue 128GB,iPhone 15,15,FALSE,128GB,128,Very Good - Refurbished,363.99,,,,,Seller 191,"New Brunswick, New Jersey, United States",NJ,3/25/2026
Apple iPhone 17 - 512 GB - Lavender (Factory Unlocked),iPhone 17,17,FALSE,512GB,512,Open Box,825,,,,,Seller 395,"McKinney, Texas, United States",TX,3/28/2026
Apple iPhone 12 A2172 64 GB iOS 26.3.1 (Wi-Fi + 4G) Unlocked,iPhone 12,12,FALSE,64GB,64,Used,169.99,,,,,Seller 393,"Indianapolis, Indiana, United States",IN,3/27/2026
Apple iPhone 12 Pro Max - 256 GB - Graphite (Unlocked) Smartphone,iPhone 12 Pro Max,12,TRUE,256GB,256,Used,265,,,,,Seller 211,"New York, New York, United States",NY,3/27/2026
Apple iPhone 14 Pro Max 1tb unlocked all colors fully working with cosmetic wear,iPhone 14 Pro Max,14,TRUE,1024GB,1024,Used,469.99,,,2,,Seller 649,"Brooklyn, New York, United States",NY,
Apple iPhone 17 Pro Max - 1 TB - Deep Blue (Unlocked),iPhone 17 Pro Max,17,TRUE,1024GB,1024,New,670,,,,,Seller 225,"Mount Pleasant, Michigan, United States",MI,
Apple iPhone 17 Pro Max - 1 TB - Cosmic Orange (Unlocked),iPhone 17 Pro Max,17,TRUE,1024GB,1024,New,710,,,,,Seller 513,"Dallas, Texas, United States",TX,
Apple iPhone 14 Plus 128GB White - Unlocked For Parts Or Repair - Cracked Screen,iPhone 14 Plus,14,FALSE,128GB,128,For Parts Or Not Working,239,,,,,Seller 214,"Watertown, Wisconsin, United States",WI,
Apple iPhone 17 - 256 GB - Mist Blue (Unlocked) - Brand New & Sealed,iPhone 17,17,FALSE,256GB,256,New,869.95,,,2,,Seller 111,"Portland, Oregon, United States",OR,3/29/2026
Apple iPhone 13 Midnight 128GB Factory Unlocked (Excellent Condition),iPhone 13,13,FALSE,128GB,128,Used,315,,,,,Seller 572,"Smithtown, New York, United States",NY,
Apple IPhone 17 Pro Max Orange 1TB,iPhone 17 Pro Max,17,TRUE,1024GB,1024,New,1050,,,,2,Seller 653,"Bridge City, Texas, United States",TX,3/29/2026
Apple iPhone 12 128GB Unlocked Smartphone,iPhone 12,12,FALSE,128GB,128,Used,189.99,,,10,66,Seller 407,"Brooklyn, New York, United States",NY,3/11/2026
Apple iPhone 15 Plus A2847 Unlocked 128GB Black Good,iPhone 15 Plus,15,FALSE,128GB,128,Good - Refurbished,369.99,,,,170,Seller 208,"Clive, Iowa, United States",IA,3/29/2026
Apple iPhone 13 - 256 GB - White (Unlocked),iPhone 13,13,FALSE,256GB,256,Used,1000,,,,,Seller 590,"Buffalo, New York, United States",NY,1/23/2025
95%Ne w Apple iPhone 12 - 64 GB/128GB/256GB 4GB RAM-Multicolor Factory Unlocked,iPhone 12,12,FALSE,64GB|128GB|256GB,64,Used,244.21,,,5,2,Seller 065,"HK, China",INTL,3/20/2026
Full working Apple iPhone 14 Plus-128 GB -(Unlocked) With Face ID 4323mAh 90%+BH,iPhone 14 Plus,14,FALSE,128GB,128,Used,488.64,,,4,1,Seller 065,"hongkong, China",INTL,3/20/2026
Good Apple iPhone 13 mini-128GB/256GB - all colors (Unlocked) IOS Worth buying,iPhone 13 Mini,13,FALSE,128GB|256GB,128,Used,303.77,,,5,6,Seller 065,"hongkong, China",INTL,3/20/2026
"Excellent condition Apple iPhone 14 - 128GB/256GB-6.1"" Multicolor (Unlocked)",iPhone 14,14,FALSE,128GB|256GB,128,Used,426.65,,,3,11,Seller 065,"hongkong, China",INTL,3/20/2026
Apple iPhone 12 Pro Max - 128/256/512GB- Unlocked IOS GOOD CONDITION SMARTOHONE,iPhone 12 Pro Max,12,TRUE,512GB,512,Used,334.27,,,2,11,Seller 065,"hongkong, China",INTL,3/20/2026
Good Condition Apple iPhone 14 Pro Max - 128GB /256GB/1TB- (Unlocked),iPhone 14 Pro Max,14,TRUE,128GB|256GB|1024GB,128,Used,578.47,,,4,13,Seller 065,"hongkong, China",INTL,3/20/2026
Apple iPhone 12ProMax/13ProMax/14ProMax-128GB/256GB-NO FACE ID(Unlocked) SO GOOD,iPhone 12Pro Max,12,TRUE,128GB|256GB,128,Used,328.07,,,9,6,Seller 065,"hongkong, China",INTL,3/20/2026
EXCELLENT Apple iPhone 12 Pro Max - 128/256/512GB- Unlocked IOS SMARTOHONE,iPhone 12 Pro Max,12,TRUE,512GB,512,Used,312.39,,,10,62,Seller 065,"hongkong, China",INTL,3/20/2026
Good Apple iPhone 13 -128GB/256GB -Multicolor Unlocked IOS Smartphone,iPhone 13,13,FALSE,128GB|256GB,128,Used,318.35,,,5,6,Seller 065,"HK, China",INTL,3/20/2026
Optional Colors Apple iPhone 12 Pro Max - 128/256/512GB- Unlocked With face ID,iPhone 12 Pro Max,12,TRUE,512GB,512,Used,341.55,,,10,1,Seller 065,"hongkong, China",INTL,3/20/2026
iPhone 13 Unlocked 128GB Excellent Condition Preowned,iPhone 13,13,FALSE,128GB,128,Used,310,,,,,Seller 689,"Leander, Texas, United States",TX,
Blue Apple iPhone 12 256GB Unlocked - GOOD Condition Check photos 83%battery,iPhone 12,12,FALSE,256GB,256,Used,229.99,,,,,Seller 090,"Stryker, Ohio, United States",OH,2/17/2026
Apple iPhone 12 Pro Max A2342 128GB Silver 99% battery health Unlocked phone,iPhone 12 Pro Max,12,TRUE,128GB,128,Used,346.85,408.06,15,,,Seller 346,"Mundelein, Illinois, United States",IL,2/27/2026
Apple iPhone 12 Pro Max A2342 128GB Silver Clean ESN Unlocked 96% battery health,iPhone 12 Pro Max,12,TRUE,128GB,128,Used,341.91,402.25,15,,,Seller 346,"Mundelein, Illinois, United States",IL,2/27/2026
Apple iPhone 17 Pro Max A3257 512GB Unlocked Very Good Condition,iPhone 17 Pro Max,17,TRUE,512GB,512,Open Box,1450,,,,,Seller 258,"San Francisco, California, United States",CA,
Apple iPhone 15 A2846 MTLV3LL/A 128GB Unlocked Clean ESN Good (DSM),iPhone 15,15,FALSE,128GB,128,Good - Refurbished,359.95,,,8,9,Seller 020,"Jacksonville, Florida, United States",FL,3/27/2026
iPhone 17 256 Black Unlocked,iPhone 17,17,FALSE,,,Open Box,770,,,,,Seller 070,"Lakewood, New Jersey, United States",NJ,
iPhone 17,iPhone 17,17,FALSE,,,New,680,,,,,Seller 447,"Grovetown, Georgia, United States",GA,
Brand New Apple iPhone 17E – Black – T-Mobile Locked,iPhone 17,17,FALSE,,,Open Box,699,,,,,Seller 369,"Palm City, Florida, United States",FL,
Apple iPhone 17 Pro Max - 1 TB - Cosmic Orange (Unlocked),iPhone 17 Pro Max,17,TRUE,1024GB,1024,New,1000,,,,,Seller 641,"Ames, Iowa, United States",IA,3/28/2026
Apple iPhone 17 Pro Max - 512 GB - Silver (Unlocked),iPhone 17 Pro Max,17,TRUE,512GB,512,New,650,,,,,Seller 594,"Tuscaloosa, Alabama, United States",AL,
iPhone 12 Black - 64GB - Factory Unlocked - Excellent Condition! 100% Battery,iPhone 12,12,FALSE,64GB,64,Used,199.99,,,,,Seller 654,"Lockport, Illinois, United States",IL,
Apple iPhone 12 Pro Max - 512 GB - Blue (Unlocked),iPhone 12 Pro Max,12,TRUE,512GB,512,Used,1000,,,,,Seller 228,"Johnston, South Carolina, United States",SC,
Apple iPhone 13 - 128 GB - Black (Unlocked),iPhone 13,13,FALSE,128GB,128,Used,5000,,,,,Seller 679,"Beaufort, South Carolina, United States",SC,1/26/2025
Apple iPhone 12 Pro Max - 128 GB - Silver (Unlocked),iPhone 12 Pro Max,12,TRUE,128GB,128,Used,2500,,,,,Seller 224,"Carlsbad, New Mexico, United States",NM,1/25/2025
APPLE IPHONE 13 MINI 128/256GB FACTORY UNLOCKED GSM+CDMA RE-SEALED - EXCELLENT,iPhone 13 Mini,13,FALSE,256GB,256,Open Box,321.01,,,2,,Seller 193,"Whippany, New Jersey, United States",NJ,3/29/2026
Apple iPhone 12 256GB Factory Unlocked AT&T T-Mobile Verizon Very Good Refurbish,iPhone 12,12,FALSE,256GB,256,Very Good - Refurbished,269.95,,,4,14,Seller 037,"Vernon Hills, Illinois, United States",IL,3/20/2026
NEW SEALED Apple iPhone 13 MINI A2481 128/256GB Unlocked GSM CDMA All Colors,iPhone 13 Mini,13,FALSE,256GB,256,New,321.43,,,,1,Seller 666,"Whippany, New Jersey, United States",NJ,3/28/2026
New Sealed Apple iPhone 13 MINI 5G 128/256/512GB A2481 Unlocked 2 year warranty⚡,iPhone 13 Mini,13,FALSE,512GB,512,New,321.43,,,,2,Seller 666,"Whippany, New Jersey, United States",NJ,3/28/2026
Apple iPhone 12 - 128GB - Fully Unlocked - ALL CARRIERS - VERY GOOD Condition,iPhone 12,12,FALSE,128GB,128,Very Good - Refurbished,224.99,,,10,14,Seller 170,"Brooklyn, New York, United States",NY,3/20/2026
Apple iPhone 12 64GB - Fully Unlocked - GOOD Condition,iPhone 12,12,FALSE,64GB,64,Good - Refurbished,187.99,,,5,6,Seller 170,"Brooklyn, New York, United States",NY,2/18/2026
Apple iPhone 12 Pro Max A2342 256GB Pacific Blue Unlocked Fair,iPhone 12 Pro Max,12,TRUE,256GB,256,Used,250.99,361.7,30.61,,2,Seller 047,"Addison, Texas, United States",TX,3/25/2026
Apple iPhone 13 mini - (Unlocked) - 128GB 256GB 512GB - A2481 - Excellent,iPhone 13 Mini,13,FALSE,128GB|256GB|512GB,128,Open Box,321.01,,,2,2,Seller 193,"Whippany, New Jersey, United States",NJ,3/29/2026
Apple iPhone 14 Plus 128GB Fully Unlocked - ALL CARRIERS - VERY GOOD Condition,iPhone 14 Plus,14,FALSE,128GB,128,Very Good - Refurbished,304.99,,,5,9,Seller 170,"Brooklyn, New York, United States",NY,3/20/2026
Apple iPhone 12 Pro Max 128GB - Fully Unlocked - VERY GOOD Condition,iPhone 12 Pro Max,12,TRUE,128GB,128,Very Good - Refurbished,324.99,,,,8,Seller 170,"Brooklyn, New York, United States",NY,2/18/2026
FACTORY NEW SEALED APPLE IPHONE 14 512-128GB FULLY UNLOCKED CDMA+GSM SMARTPHONES,iPhone 14,14,FALSE,128GB,128,New,403.95,,,5,,Seller 193,"Whippany, New Jersey, United States",NJ,3/28/2026
New Sealed Apple iPhone 14 PRO MAX A2651 128/256GB Factory Unlocked Smartphone,iPhone 14 Pro Max,14,TRUE,256GB,256,New,699.99,,,3,,Seller 193,"Whippany, New Jersey, United States",NJ,3/28/2026
New in Box Apple iPhone 14 PRO MAX 5G 128/256/512GB 1TB Unlocked Smartphone USA,iPhone 14 Pro Max,14,TRUE,512GB|1024GB,512,New,629.51,,,,2,Seller 666,"Whippany, New Jersey, United States",NJ,3/28/2026
NEW SEALED APPLE IPHONE 13/IPHONE 14/14 PRO MAX 128GB 256G 512G FACTORY UNLOCKED,iPhone 13,13,FALSE,128GB,128,New,409.95,,,10,,Seller 193,"Whippany, New Jersey, United States",NJ,3/28/2026
NEW SEALED APPLE IPHONE 14 PRO MAX 128GB 256G 512G FACTORY UNLOCKED ALL CARRIERS,iPhone 14 Pro Max,14,TRUE,128GB,128,New,699.99,,,3,1,Seller 193,"Whippany, New Jersey, United States",NJ,3/28/2026
NEW APPLE IPHONE 14 5G 128GB 256GB FACTORY UNLOCKED ✅2 YEAR WARANTY✅⚫⚪✤SEALED✤,iPhone 14,14,FALSE,128GB|256GB,128,New,403.95,,,5,,Seller 193,"Whippany, New Jersey, United States",NJ,3/28/2026
NEW IN Apple iPhone 14/14 Pro max 5G GSM CDMA FACTORY UNLOCKED 2 YEAR WARRANTY,iPhone 14,14,FALSE,,,New,408.03,,,10,,Seller 666,"Whippany, New Jersey, United States",NJ,3/28/2026
New Sealed Apple iPhone 13 MINI 5G 128/256/512GB A2481 Unlocked for All Carrier⚡,iPhone 13 Mini,13,FALSE,512GB,512,New,321.43,,,,3,Seller 666,"Los Angeles, California, United States",CA,3/28/2026
Apple iPhone 12 Pro Max - 256 GB - Pacific Blue (Unlocked) - BH75% - NO FACE ID,iPhone 12 Pro Max,12,TRUE,256GB,256,Used,229,,,,,Seller 658,"Miami, Florida, United States",FL,2/12/2026
Apple iPhone 12 Pro Max - 256 GB - Pacific Blue (Unlocked) - BH76% - NO FACE ID,iPhone 12 Pro Max,12,TRUE,256GB,256,Used,229,,,,,Seller 658,"Miami, Florida, United States",FL,2/12/2026
NewApple iPhone 17 Pro Max UNLOCKED 256GB Deep Blue 📱 Sealed ✅ FREE SHIPPING,iPhone 17 Pro Max,17,TRUE,256GB,256,New,1498,,,2,1,Seller 002,"Kent, Washington, United States",WA,1/6/2026
NEW SEALED Apple iPhone 13 MINI A2481 128~256G Unlocked GSM CDMA Free shipping,iPhone 13 Mini,13,FALSE,,,New,321.41,,,,1,Seller 666,"Los Angeles, California, United States",CA,3/28/2026
Apple iPhone 12 Pro Max - 128 GB - Silver (Unlocked) A2411 FULLY WORKING,iPhone 12 Pro Max,12,TRUE,128GB,128,Used,319.99,,,,,Seller 349,"Joniskis, Lithuania",INTL,3/10/2026
New Sealed Apple iPhone 12 Pro/12 Mini/13 Mini/13 Pro max Unlocked ALL Carrier,iPhone 12 Pro,12,TRUE,,,New,332.08,,,5,,Seller 666,"Whippany, New Jersey, United States",NJ,3/28/2026
New in Box Apple iPhone 14 PRO MAX 5G 128/256/512G 1TB Fully Unlocked All Colors,iPhone 14 Pro Max,14,TRUE,1024GB,1024,New,629.51,,,1,,Seller 666,"Whippany, New Jersey, United States",NJ,3/28/2026
New in Box Apple iPhone 14 PRO MAX 5G 128/256/512G 1TB Unlocked Fast Delivery,iPhone 14 Pro Max,14,TRUE,1024GB,1024,New,629.51,,,1,,Seller 666,"Whippany, New Jersey, United States",NJ,3/28/2026
New SEALD Apple iPhone 13 Mini/12 Mini Factory Unlocked All Carriers Smartphone,iPhone 13 Mini,13,FALSE,,,New,332.08,,,5,,Seller 666,"Los Angeles, California, United States",CA,3/28/2026
Apple iPhone 12 Pro Max A2342 128GB Silver Unlocked phone 96% battery health,iPhone 12 Pro Max,12,TRUE,128GB,128,Used,343.88,404.57,15,,,Seller 665,"Mundelein, Illinois, United States",IL,2/27/2026
Blue Apple iPhone 16 128gb unlocked,iPhone 16,16,FALSE,128GB,128,Open Box,589,,,,,Seller 517,"Valley Stream, New York, United States",NY,3/27/2026
Apple iPhone 14 Pro Max 1TB Space Black Unlocked Great Condition,iPhone 14 Pro Max,14,TRUE,1024GB,1024,Used,699.99,,,,,Seller 216,"Plainfield, New Jersey, United States",NJ,
New in Sealed Apple iPhone 13 MINI 5G 128/256GB Factory Unlocked for All Carrier,iPhone 13 Mini,13,FALSE,256GB,256,New,321.43,,,1,,Seller 666,"Los Angeles, California, United States",CA,3/28/2026
Apple iPhone 14 - 128GB - Unlocked - Physical SIM - Like New Condition FastShip,iPhone 14,14,FALSE,128GB,128,Used,534,,,,,Seller 113,"Toronto, Ontario, Canada",INTL,3/7/2026
Apple iPhone 14 - 128 GB - Unlocked - Physical SIM - 100% BH Excellent Condition,iPhone 14,14,FALSE,128GB,128,Used,574,,,,,Seller 113,"Toronto, Ontario, Canada",INTL,
NEW Sealed IPhone 13 mini 5G 128GB/256GB Unlocked Smartphone All Colors US Stock,iPhone 13 Mini,13,FALSE,128GB|256GB,128,New,345.29,,,4,,Seller 360,"Edison, New Jersey, United States",NJ,3/17/2026
Apple iPhone 16 - 128 GB - Black (Unlocked),iPhone 16,16,FALSE,128GB,128,Open Box,558,,,,,Seller 688,"Staten Island, New York, United States",NY,3/22/2026
Apple iPhone 14 Pro Max 256GB Deep Purple - Unlocked - Display Issue,iPhone 14 Pro Max,14,TRUE,256GB,256,Used,395,,,,,Seller 658,"Miami, Florida, United States",FL,3/13/2026
Apple iPhone 12 Pro Max 256GB A2411 Graphite CDMA/GSM Unlocked - AS/IS F - 3AUV,iPhone 12 Pro Max,12,TRUE,256GB,256,For Parts Or Not Working,177.19,,,,,Seller 331,"Coppell, Texas, United States",TX,3/29/2026
Apple iPhone 16 128GB Unlocked Teal – Open Box Excellent Condition,iPhone 16,16,FALSE,128GB,128,Open Box,550,,,,,Seller 303,"Lancaster, California, United States",CA,3/29/2026
"Apple iPhone 12 A2172 128GB Blue CDMA/GSM Unlocked, For Parts - 383V - 383V",iPhone 12,12,FALSE,128GB,128,For Parts Or Not Working,110.29,,,,,Seller 331,"Coppell, Texas, United States",TX,3/29/2026
New Apple iPhone 14 128GB 256GB 512GB USA Unlocked Verizon AT&T T-Mobile A2649,iPhone 14,14,FALSE,128GB|256GB|512GB,128,New,403.95,,,5,,Seller 193,"Austin, Texas, United States",TX,3/28/2026
"New Sealed Apple iPhone 14 128/256/512GB 6.1"" USA Factory Unlocked SmartPhone",iPhone 14,14,FALSE,512GB,512,New,403.95,,,5,,Seller 193,"Austin, Texas, United States",TX,3/28/2026
Factory New Apple iPhone 14 5G 128-512GB Unlocked Us stock Att T-Mobile Verizon,iPhone 14,14,FALSE,512GB,512,New,389.01,,,1,,Seller 666,"Whippany, New Jersey, United States",NJ,3/28/2026
Apple iPhone 14+ Plus A2632 256GB Red CDMA/GSM Unlocked - For Parts - 3D - 3DNH,iPhone 14,14,FALSE,256GB,256,For Parts Or Not Working,222.49,,,,,Seller 331,"Las Vegas, Nevada, United States",NV,3/29/2026
New in Sealed BoxSealed Apple iPhone 13 MINI 5G Factory Unlocked for All Carrier,iPhone 13 Mini,13,FALSE,,,New,321.43,,,1,,Seller 666,"Los Angeles, California, United States",CA,3/28/2026
New in Sealed Apple iPhone 13 MINI 5G Factory Unlocked for All Carrier USA SHIP,iPhone 13 Mini,13,FALSE,,,New,321.43,,,1,,Seller 666,"Los Angeles, California, United States",CA,3/28/2026
Apple iPhone 12 PRO MAX 128GB │256GB│512GB (UNLOCKED) 🔋100% BATTERY🔋 ✤SEALED✤,iPhone 12 Pro Max,12,TRUE,128GB|256GB|512GB,128,New,429.99,,,8,789,Seller 146,"Los Angeles, California, United States",CA,2/19/2026
Apple iPhone 13 - 128GB 256GB 512GB (UNLOCKED) ✅1 YEAR WARRANTY ✅ ⚫⚪🔴🔵 ✤O/B✤,iPhone 13,13,FALSE,128GB|256GB|512GB,128,Open Box,429.95,,,,287,Seller 146,"Los Angeles, CA, United States",CA,1/31/2026
Apple iPhone 13 - 128GB (FACTORY UNLOCKED) ✅ 1 YEAR WARRANTY ✅ BLUE ❖SEALED❖,iPhone 13,13,FALSE,128GB,128,New,366.95,,,10,42,Seller 146,"Los Angeles, California, United States",CA,3/25/2026
APPLE IPHONE 14 - 128GB 256GB (FACTORY UNLOCKED) 100% BATTERY ⚫⚪🔴🔵 ✤SEALED✤,iPhone 14,14,FALSE,128GB|256GB,128,New,422.95,,,10,1127,Seller 146,"Los Angeles, California, United States",CA,3/6/2026
APPLE IPHONE 14 - 128GB (FACTORY UNLOCKED) MIDNIGHT ⚫️ ✅1 YEAR WARANTY✅ ✤SEALED✤,iPhone 14,14,FALSE,128GB,128,New,419.95,,,10,91,Seller 146,"Los Angeles, California, United States",CA,3/18/2026
Apple iPhone 12 - 64GB-256GB - Fully Unlocked - VERY Good Condition,iPhone 12,12,FALSE,64GB|256GB,64,Very Good - Refurbished,188.99,,,22,93,Seller 114,"Brooklyn, New York, United States",NY,3/29/2026
Apple iPhone 12 64GB-256GB - Fully Unlocked - EXCELLENT Condition,iPhone 12,12,FALSE,64GB|256GB,64,Excellent - Refurbished,202.99,,,,261,Seller 114,"Brooklyn, New York, United States",NY,3/29/2026
Apple iPhone 12 Pro Max 128GB - Fully Unlocked - VERY GOOD Condition,iPhone 12 Pro Max,12,TRUE,128GB,128,Very Good - Refurbished,314.99,,,4,1906,Seller 114,"Brooklyn, New York, United States",NY,3/29/2026
Apple iPhone 12 Pro Max- 256GB - Gold (Unlocked) (CDMA + GSM) A2342,iPhone 12 Pro Max,12,TRUE,256GB,256,Used,520,,,,,Seller 657,"Brooklyn, New York, United States",NY,3/25/2026
Apple iPhone 12 Pro Max A2411 GSM Unlocked Excellent A Condition.,iPhone 12 Pro Max,12,TRUE,,,Used,490,,,,3,Seller 145,"Seoul, South Korea",INTL,3/26/2026
Apple iPhone 12 Pro Max 128GB Fully Unlocked - EXCELLENT Condition,iPhone 12 Pro Max,12,TRUE,128GB,128,Excellent - Refurbished,324.99,,,3,638,Seller 114,"Brooklyn, New York, United States",NY,3/29/2026
"Apple iPhone 12, 64/128/256GB - Unlocked - Used Very Good - All colors",iPhone 12,12,FALSE,256GB,256,Used,204.99,,,10,2782,Seller 061,"Brooklyn, New York, United States",NY,3/29/2026
APPLE IPHONE 14 PLUS 128GB 256GB (FACTORY UNLOCKED) ✅1 YEAR WARANTY✅⚫⚪🔴✤SEALED✤,iPhone 14 Plus,14,FALSE,128GB|256GB,128,New,416.95,,,10,434,Seller 146,"Los Angeles, California, United States",CA,3/21/2026
APPLE IPHONE 15 128GB 256GB 512GB (FACTORY UNLOCKED) 🔋 100% BATTERY 🔋 ❖SEALED❖,iPhone 15,15,FALSE,128GB|256GB|512GB,128,New,526.95,,,10,664,Seller 146,"Los Angeles, California, United States",CA,3/27/2026
"Apple iPhone 14 Plus, 128- 256-512GB - Unlocked All Colors -Used Excellent",iPhone 14 Plus,14,FALSE,512GB,512,Used,344.99,,,8,147,Seller 061,"Brooklyn, New York, United States",NY,3/29/2026
"Apple iPhone 14 Plus, 128- 256-512GB - Unlocked All Colors -Used Good",iPhone 14 Plus,14,FALSE,512GB,512,Used,319.99,,,,30,Seller 061,"Brooklyn, New York, United States",NY,3/25/2026
"Apple iPhone 13, 128/256/512GB - Unlocked - Used Good - All colors",iPhone 13,13,FALSE,512GB,512,Used,244.99,,,10,3150,Seller 061,"Brooklyn, New York, United States",NY,3/29/2026
Apple iPhone 14 128GB - Fully Unlocked - VERY GOOD Condition,iPhone 14,14,FALSE,128GB,128,Very Good - Refurbished,299.99,,,8,4325,Seller 114,"Brooklyn, New York, United States",NY,3/29/2026
Apple iPhone 12 Pro Max- 128GB - Graphite (Unlocked) A2342 (CDMA + GSM),iPhone 12 Pro Max,12,TRUE,128GB,128,Used,480,,,,,Seller 657,"Brooklyn, New York, United States",NY,3/25/2026
Apple iPhone 12 - 128GB - Green (Unlocked) A2172 (CDMA + GSM),iPhone 12,12,FALSE,128GB,128,Used,280,,,,,Seller 657,"Brooklyn, New York, United States",NY,3/25/2026
"New Apple iPhone 13 MINI A2481 128/256/512GB 5.4"" FullyUnlocked ALL COLOR&MEMORY",iPhone 13 Mini,13,FALSE,512GB,512,New,322.01,,,2,1,Seller 151,"Whippany, New Jersey, United States",NJ,3/28/2026
New Apple iPhone 13 MINI 5G A2481 128/256/512GB Unlocked AT&T T-Mobile Verizon,iPhone 13 Mini,13,FALSE,512GB,512,New,322.01,,,2,,Seller 151,"Whippany, New Jersey, United States",NJ,3/28/2026
Apple iPhone 12 Pro Max- 128GB - Pacific blue (Unlocked) (CDMA + GSM) A2342,iPhone 12 Pro Max,12,TRUE,128GB,128,Used,480,,,,,Seller 657,"Brooklyn, New York, United States",NY,3/25/2026
Apple iPhone 12 Pro Max - 256 GB - Blue (Unlocked),iPhone 12 Pro Max,12,TRUE,256GB,256,Used,280,,,,,Seller 525,"Irvine, California, United States",CA,2/26/2026
Apple iPhone 14 Plus 128GB - Fully Unlocked - FAIR Condition,iPhone 14 Plus,14,FALSE,128GB,128,Used,274.99,,,5,18,Seller 114,"Brooklyn, New York, United States",NY,3/29/2026
APPLE IPHONE 16 - 128GB 256GB 512GB (FACTORY UNLOCKED) ✅APPLE WARRANTY✅ ❖SEALED❖,iPhone 16,16,FALSE,128GB|256GB|512GB,128,New,649.95,,,10,194,Seller 146,"Los Angeles, California, United States",CA,3/21/2026
Apple iPhone 15 128GB - Fully Unlocked- VERY GOOD Condition,iPhone 15,15,FALSE,128GB,128,Very Good - Refurbished,389.99,,,,1228,Seller 114,"Brooklyn, New York, United States",NY,3/29/2026
Apple iPhone 14 Plus Fully Unlocked (Any Carrier) SmartPhone 128GB/256GB,iPhone 14 Plus,14,FALSE,128GB|256GB,128,Used,279.99,,,5,37,Seller 625,"Brooklyn, New York, United States",NY,2/27/2026
NEW SEALED Apple iPhone 13 MINI 128/256G Fully Unlocked GSM CDMA 2 YEAR WARRANTY,iPhone 13 Mini,13,FALSE,,,New,321.01,,,2,1,Seller 560,"Whippany, New Jersey, United States",NJ,3/29/2026
New Sealed Apple iPhone 13 Mini/13/12 Mini Factory Unlocked 256G/128 ALL Carrier,iPhone 13 Mini,13,FALSE,,,New,332.01,,,3,20,Seller 151,"Whippany, New Jersey, United States",NJ,3/28/2026
FACTORY NEW SEALED Apple iPhone 13 MINI 512GB-128G FULLY UNLOCKED 2Yr Warranty,iPhone 13 Mini,13,FALSE,512GB,512,New,322.01,,,2,17,Seller 151,"Whippany, New Jersey, United States",NJ,3/28/2026
New Sealed Apple iPhone 13 Mini/12 Mini Factory Unlocked Smartphones ALL Carrier,iPhone 13 Mini,13,FALSE,,,New,314.11,,,,1,Seller 560,"Whippany, New Jersey, United States",NJ,3/29/2026
NEW SEALEDAPPLE IPHONE 14 PRO MAX 128GB 256G 512G 1TB FACTORY UNLOCKED COLORS,iPhone 14 Pro Max,14,TRUE,128GB|1024GB,128,New,745.12,,,2,64,Seller 151,"Whippany, New Jersey, United States",NJ,3/28/2026
New Sealed Apple iPhone 14 Pro Max 5G 128GB/256GB/512G Factory Unlocked GSM+CDMA,iPhone 14 Pro Max,14,TRUE,128GB|256GB,128,New,699.99,,,2,,Seller 560,"Whippany, New Jersey, United States",NJ,3/28/2026
NEW Apple iPhone 14 PRO MAX A2651 128/256/512GB Factory Unlocked 2 YEAR WARRANTY,iPhone 14 Pro Max,14,TRUE,512GB,512,New,699.99,,,2,1,Seller 560,"Whippany, New Jersey, United States",NJ,3/28/2026
"Apple iPhone 13 Mini, 128/256/512GB - Unlocked - Refurbished Excellent",iPhone 13 Mini,13,FALSE,512GB,512,Excellent - Refurbished,254.99,,,,871,Seller 061,"Brooklyn, New York, United States",NY,3/29/2026
"Apple iPhone 12, 64/128/256GB - Unlocked - Refurbished Excellent",iPhone 12,12,FALSE,256GB,256,Excellent - Refurbished,229.99,,,,532,Seller 061,"Brooklyn, New York, United States",NY,3/29/2026
Factory New Sealed Box Apple iPhone 14 Pro Max 128GB 256G 512G Unlocked GSM+CDMA,iPhone 14 Pro Max,14,TRUE,128GB,128,New,699.99,,,2,25,Seller 560,"Whippany, New Jersey, United States",NJ,3/28/2026
New Sealed Apple iPhone 14/14 Pro Max 128GB 256GB Factory Unlocked GSM+CDMA USA,iPhone 14,14,FALSE,128GB|256GB,128,New,403.95,,,5,3,Seller 560,"Whippany, New Jersey, United States",NJ,3/28/2026
New Apple iPhone 14 Pro Max 128/256GB/512 Unlocked T-Mobile AT&T Verizon phone,iPhone 14 Pro Max,14,TRUE,256GB,256,New,745.12,,,2,,Seller 151,"Whippany, New Jersey, United States",NJ,3/28/2026
"New Apple iPhone 14 5G Unlocked - 128GB, 256GB, 512GB Factory Sealed in Box, US",iPhone 14,14,FALSE,128GB|256GB|512GB,128,New,403.95,,,5,1,Seller 560,"Whippany, New Jersey, United States",NJ,3/28/2026
New In Sealed Box Apple iPhone 14 128-512GB Factory Unlocked GSM+CDMA Smartphone,iPhone 14,14,FALSE,512GB,512,New,403.95,,,5,,Seller 560,"Whippany, New Jersey, United States",NJ,3/28/2026
New Apple iPhone 13 Pro Max/14 Pro Max 128/256 Factory Unlocked GSM+CDMA 2-YR-WT,iPhone 13 Pro Max,13,TRUE,,,New,409.95,,,10,1,Seller 560,"Whippany, New Jersey, United States",NJ,3/28/2026
New Apple iPhone 13 MINI A2481 128/256GB Factory Unlocked Sealed Box Smartphone,iPhone 13 Mini,13,FALSE,256GB,256,New,321.01,,,2,3,Seller 560,"Whippany, New Jersey, United States",NJ,3/29/2026
"🔥 New Sealed Apple iPhone 13 (128/256GB) 5G, Factory Unlocked for All Carriers",iPhone 13,13,FALSE,256GB,256,New,432.12,,,2,12,Seller 560,"Whippany, New Jersey, United States",NJ,3/28/2026
Apple iPhone 16 128GB Unlocked Excellent Condition,iPhone 16,16,FALSE,128GB,128,Excellent - Refurbished,545,,,,269,Seller 472,"Bloomington, Indiana, United States",IN,3/29/2026
APPLE IPHONE 13 128GB 256GB 512GB (UNLOCKED) ✅ 1 YEAR ALLSTATE WARRANTY ✅❖GOOD❖,iPhone 13,13,FALSE,128GB|256GB|512GB,128,Excellent - Refurbished,298.95,,,,3,Seller 146,"Los Angeles, California, United States",CA,12/17/2025
Apple iPhone 16 128GB Unlocked Smartphone A3081 Good Condition,iPhone 16,16,FALSE,128GB,128,Good - Refurbished,518,,,3,108,Seller 472,"Bloomington, Indiana, United States",IN,3/22/2026
Apple iPhone 17 Pro Max Model A3526.A19. 256GB/512GB/1TB/2TB - 3 colors=,iPhone 17 Pro Max,17,TRUE,256GB|512GB|1024GB|2048GB,256,New,1703.11,,,2,18,Seller 197,"Seoul, South Korea",INTL,3/20/2026
New in Sealed Box Apple iPhone 13 Mini/12 Mini 128/256GB USA Unlocked Smartphone,iPhone 13 Mini,13,FALSE,256GB,256,New,331.99,,,5,6,Seller 560,"Los Angeles, California, United States",CA,3/29/2026
NEW SEALED APPLE IPHONE 14 PRO MAX 128GB 256G 512G FACTORY UNLOCKED USA STOCK,iPhone 14 Pro Max,14,TRUE,128GB,128,New,745.12,,,2,,Seller 151,"Whippany, New Jersey, United States",NJ,3/28/2026
Apple iPhone 12 navy blue- 64GB - NEEDS WORK - *NO FACE ID* AT&T,iPhone 12,12,FALSE,64GB,64,Used,99.99,,,,,Seller 663,"Stillwater, Oklahoma, United States",OK,12/18/2025
Apple iPhone 13 256GB -FOR PARTS OR REPAIR,iPhone 13,13,FALSE,256GB,256,For Parts Or Not Working,229,,,,,Seller 480,"Costa Mesa, California, United States",CA,
Apple iPhone 14 Pro Max 1TB Unlocked ✨6GB RAM 4 Colors A2651 6.7'' - Excellent,iPhone 14 Pro Max,14,TRUE,1024GB,1024,Used,638.99,,,2,,Seller 467,"Alhambra, California, United States",CA,3/29/2026
Factory Unlocked ✨ Apple iPhone 14 Pro Max 1TB 6GB RAM 4 Colors 6.7'' - FLAWLESS,iPhone 14 Pro Max,14,TRUE,1024GB,1024,Used,634.99,,,1,,Seller 467,"Alhambra, California, United States",CA,3/28/2026
APPLE IPHONE 17 PRO MAX 256GB DEEP BLUE (UNLOCKED) ✅PHYSICAL SIM CARD ✅❖SEALED❖,iPhone 17 Pro Max,17,TRUE,256GB,256,New,1738.95,,,2,6,Seller 146,"Los Angeles, California, United States",CA,3/24/2026
Apple iPhone 14 Plus,iPhone 14 Plus,14,FALSE,,,Used,550,,,,,Seller 439,"Parker, Arizona, United States",AZ,
APPLE IPHONE 17 256GB (FACTORY UNLOCKED) ✅DUAL PHYSICAL SIM CARD✅ A3521 ❖SEALED❖,iPhone 17,17,FALSE,256GB,256,New,989.95,,,10,40,Seller 146,"Los Angeles, California, United States",CA,3/24/2026
APPLE IPHONE 14 128GB 256GB 512GB (FACTORY UNLOCKED) ✅PHYSICAL SIM TRAY✅ ✤GOOD✤,iPhone 14,14,FALSE,128GB|256GB|512GB,128,Good - Refurbished,349.95,,,,15,Seller 146,"Los Angeles, California, United States",CA,2/13/2026
"Apple iPhone 13, 256 GB - Unlocked - Excellent",iPhone 13,13,FALSE,256GB,256,Used,305,,,2,,Seller 599,"Farmingdale, New York, United States",NY,12/29/2025
Apple iPhone 14 Pro Max 128GB Unlocked - Excellent,iPhone 14 Pro Max,14,TRUE,128GB,128,Used,420,,,,,Seller 420,"Mandeville, Louisiana, United States",LA,1/18/2026
New Apple iPhone 13 MINI 128/256GB Factory Unlocked US IN STOCK 🚚 Fast Delivery,iPhone 13 Mini,13,FALSE,256GB,256,New,321.01,,,2,,Seller 560,"Los Angeles, California, United States",CA,3/29/2026
Apple iPhone 12 PRO MAX 128GB BLUE (UNLOCKED) 🔋 100% BATTERY🔋 ✤SEALED✤,iPhone 12 Pro Max,12,TRUE,128GB,128,New,432.95,,,10,8,Seller 146,"Los Angeles, California, United States",CA,3/5/2026
UNLOCKED Apple IPHONE 12 Pro Max 128GB Gold,iPhone 12 Pro Max,12,TRUE,128GB,128,Used,329,,,,,Seller 076,"Fort Lauderdale, Florida, United States",FL,
Apple iPhone 16 - T-Mobile - 128GB - 95%+ Battery - Pink - Excellent,iPhone 16,16,FALSE,128GB,128,Excellent - Refurbished,487.99,799.99,39,10,,Seller 098,"Lutherville-Timonium, Maryland, United States",MD,3/24/2026
Apple iPhone 12 Pro Max 256GB Unlocked Used- Good condition,iPhone 12 Pro Max,12,TRUE,256GB,256,Used,449.99,,,,,Seller 507,"Chittenango, New York, United States",NY,3/28/2026
New Sealed Apple iPhone 13 Mini 5G 128GB/256/512GB UNLOCKED GSM CDMA All Carrier,iPhone 13 Mini,13,FALSE,128GB|512GB,128,New,322.01,,,2,1,Seller 151,"Los Angeles, California, United States",CA,3/28/2026
New Sealed Apple iPhone 13 Mini/12 Mini Factory Unlocked 512-128GB ALL Carrier,iPhone 13 Mini,13,FALSE,128GB,128,New,332.01,,,3,2,Seller 151,"Los Angeles, California, United States",CA,3/28/2026
"Apple iPhone 13, 256GB - Unlocked - Used Good - Red",iPhone 13,13,FALSE,256GB,256,Used,260,,,,,Seller 305,"Pekin, Illinois, United States",IL,2/6/2026
Apple iPhone 17 Pro Max 12GB+256GB ORANGE Dual SIM Unlocked iOS Cell Phone,iPhone 17 Pro Max,17,TRUE,12GB|256GB,12,New,1900,,,10,,Seller 578,"Selangor, Malaysia",INTL,3/29/2026
(New) Apple iPhone 17 5G 8GB+256GB BLACK Dual SIM Unlocked iOS Cell Phone,iPhone 17,17,FALSE,256GB,256,New,1300,,,10,,Seller 578,"Selangor, Malaysia",INTL,3/29/2026
(New) Apple iPhone 17 5G 8GB+256GB SAGE Dual SIM Unlocked iOS Cell Phone,iPhone 17,17,FALSE,256GB,256,New,1300,,,10,,Seller 578,"Selangor, Malaysia",INTL,3/29/2026
Iphone 13 128GB,iPhone 13,13,FALSE,128GB,128,New,347,,,,,Seller 295,"Saint Clair Shores, Michigan, United States",MI,2/6/2026
Unlocked Apple iPhone 12 128GB 18.6.2 Blue MGFX3LL/A,iPhone 12,12,FALSE,128GB,128,For Parts Or Not Working,149.99,,,,,Seller 204,"Brooklyn, New York, United States",NY,3/29/2026
Apple iPhone 12 - 128GB WHITE (FACTORY UNLOCKED) 🔋 100% BATTERY🔋 ✤SEALED✤,iPhone 12,12,FALSE,128GB,128,New,334.99,,,2,,Seller 146,"Los Angeles, California, United States",CA,3/25/2026
Apple iPhone 12 - 128GB BLUE (FACTORY UNLOCKED) 🔋 100% BATTERY🔋 ✤SEALED✤,iPhone 12,12,FALSE,128GB,128,New,329.99,,,10,1,Seller 146,"Los Angeles, California, United States",CA,3/25/2026
Apple iPhone 12 PRO MAX 512GB A2342 Unlocked Silver Sealed in box by Apple,iPhone 12 Pro Max,12,TRUE,512GB,512,Used,499.99,,,,,Seller 333,"Edison, New Jersey, United States",NJ,
Apple iPhone 12 Pro Max A2342 128GB Silver 99% battery health Factory Unlocked,iPhone 12 Pro Max,12,TRUE,128GB,128,Used,347.84,409.22,15,,,Seller 401,"Mundelein, Illinois, United States",IL,2/27/2026
Apple iPhone 12 Pro Max A2342 128GB Silver Unlocked device 96% battery health,iPhone 12 Pro Max,12,TRUE,128GB,128,Used,342.89,403.4,15,,,Seller 401,"Mundelein, Illinois, United States",IL,2/27/2026
"Apple iPhone 13 128GB, Unlocked, Midnight",iPhone 13,13,FALSE,128GB,128,Used,250,,,,,Seller 372,"Pensacola, Florida, United States",FL,
Apple iPhone 16 256GB Unlocked Good Condition,iPhone 16,16,FALSE,256GB,256,Good - Refurbished,599,,,5,4,Seller 472,"Bloomington, Indiana, United States",IN,3/26/2026
"Apple iPhone 12 Pro Max, 512GB - Unlocked - Used READ DESCRIPTION",iPhone 12 Pro Max,12,TRUE,512GB,512,For Parts Or Not Working,268,,,,,Seller 643,"Saratoga Springs, Utah, United States",UT,3/25/2026
Apple iPhone 13 | 256GB | Unlocked | Grade C | READ,iPhone 13,13,FALSE,256GB,256,Used,313,,,,,Seller 068,"Portland, Oregon, United States",OR,
Apple iPhone 13 mini Blue 128GB Factory Unlocked MLAD3LL/A with Box,iPhone 13 Mini,13,FALSE,128GB,128,Used,215,,,,,Seller 585,"Payson, Utah, United States",UT,
APPLE IPHONE 16 - 128GB BLACK (FACTORY UNLOCKED) ✅APPLE WARRANTY✅ ❖SEALED❖,iPhone 16,16,FALSE,128GB,128,New,648.95,,,10,7,Seller 146,"Los Angeles, California, United States",CA,3/18/2026
Apple iPhone 17 256 GB Lavender Factory Unlocked Brand New Sealed Box,iPhone 17,17,FALSE,256GB,256,New,869,,,,3,Seller 199,"Greenlawn, New York, United States",NY,3/27/2026
Apple iPhone 14 Unlocked (See pic) White/Starlight 128GB,iPhone 14,14,FALSE,128GB,128,Used,280,,,,,Seller 459,"Perkinston, Mississippi, United States",MS,3/25/2026
iPhone 17 256GB Verizon Only Clean IMEI - Brand New Sealed In Box + Warranty,iPhone 17,17,FALSE,256GB,256,New,739,,,4,,Seller 479,"Mason, Ohio, United States",OH,3/25/2026
Apple iPhone 17 Pro Max - 256 GB - Blue (Unlocked) Brand New Device,iPhone 17 Pro Max,17,TRUE,256GB,256,New,1379,,,,,Seller 226,"Valencia, California, United States",CA,3/19/2026
iPhone 17 Air Apple - 256GB Cloud White (Unlocked),iPhone 17,17,FALSE,256GB,256,Open Box,848,,,,,Seller 643,"Saratoga Springs, Utah, United States",UT,3/25/2026
Apple iPhone 13 mini 256GB (BUNDLE) VIEW DESCRIPTION,iPhone 13 Mini,13,FALSE,256GB,256,Used,270,,,,,Seller 364,"Leander, Texas, United States",TX,3/18/2026
iphone 13 128gb black unlocked,iPhone 13,13,FALSE,128GB,128,Used,228,,,,,Seller 643,"Saratoga Springs, Utah, United States",UT,3/25/2026
New Sealed Box Factory Unlocked Apple iPhone 16 128GB Pink,iPhone 16,16,FALSE,128GB,128,New,628,,,2,2,Seller 199,"Greenlawn, New York, United States",NY,3/24/2026
NEW SEALED BOX Factory Unlocked Apple iPhone 17 256GB Black MG464LL/A,iPhone 17,17,FALSE,256GB,256,New,829.95,,,3,1,Seller 199,"Greenlawn, New York, United States",NY,3/24/2026
Factory Unlocked - Apple iPhone 14 Plus 128GB Midnight Black 6GB RAM - A Grade,iPhone 14 Plus,14,FALSE,128GB,128,Used,358.99,,,,,Seller 032,"La Puente, California, United States",CA,3/29/2026
Apple iPhone 16 256GB A3081 XFinity Mobile Only 256GB Ultramarine **OPEN BOX**,iPhone 16,16,FALSE,256GB,256,Open Box,499,,,,,Seller 198,"Kensington, Maryland, United States",MD,
Factory Unlocked ✨Apple iPhone 14 Plus A2632 128GB 6GB RAM Red 6.7'' - FLAWLESS,iPhone 14 Plus,14,FALSE,128GB,128,Open Box,364.99,,,3,,Seller 467,"Alhambra, California, United States",CA,3/29/2026
New Sealed Box Apple iPhone 14 5G 128GB 256GB Factory Unlocked 2 YEAR WARRANTY,iPhone 14,14,FALSE,128GB|256GB,128,New,403.95,,,5,,Seller 560,"Austin, Texas, United States",TX,3/28/2026
New Sealed Box Apple iPhone 14 5G A2649 512GB-128GB Factory Unlocked All Carrier,iPhone 14,14,FALSE,128GB|512GB,128,New,403.95,,,5,,Seller 560,"Austin, Texas, United States",TX,3/28/2026
Factory Unlocked - Apple iPhone 14 Plus A2632 128GB Red 6.7'' 12MP - Excellent,iPhone 14 Plus,14,FALSE,128GB,128,Open Box,362.99,,,2,,Seller 032,"La Puente, California, United States",CA,3/29/2026
Apple iPhone 15 128GB Unlocked Blue -New Sealed,iPhone 15,15,FALSE,128GB,128,New,479.99,,,,,Seller 044,"Milwaukee, Wisconsin, United States",WI,3/28/2026
Apple iPhone 17 Pro Max - 256 GB - Cosmic Orange (Unlocked),iPhone 17 Pro Max,17,TRUE,256GB,256,New,610,,,,,Seller 609,"Allentown, Pennsylvania, United States",PA,
FACTORY NEW SEALED APPLE IPHONE 14 PRO MAX 128/256/512GB 1TB UNLOCKED GSM CDMA,iPhone 14 Pro Max,14,TRUE,512GB|1024GB,512,New,675.99,,,2,,Seller 560,"Brooklyn, New York, United States",NY,
NEW SEALED APPLE IPHONE 14 PRO MAX 128/256/512GB 1TB FACTORY UNLOCKED SMARTPHONE,iPhone 14 Pro Max,14,TRUE,512GB|1024GB,512,New,675.99,,,2,,Seller 560,"Brooklyn, New York, United States",NY,
Apple iPhone 12 Black 64GB Factory Unlocked,iPhone 12,12,FALSE,64GB,64,Used,200,,,,,Seller 569,"West Warwick, Rhode Island, United States",RI,
Brand New Sealed Apple iPhone 17 - 256GB - Black (T-Mobile),iPhone 17,17,FALSE,256GB,256,New,699.99,,,,,Seller 100,"Waterville, Maine, United States",ME,
"Apple iPhone 13 pr Read for Parts only. Networking, Defected ￼￼",iPhone 13,13,FALSE,,,For Parts Or Not Working,414,,,,,Seller 462,"Chicopee, Massachusetts, United States",MA,
Apple iPhone 17 Pro Max - 2 TB - Deep Blue (Unlocked),iPhone 17 Pro Max,17,TRUE,2048GB,2048,Open Box,1749,,,,,Seller 352,"Irvine, California, United States",CA,
"Apple iPhone 12 Pro Max, 128/256/512GB - Unlocked - Used Good (NO FACE ID)",iPhone 12 Pro Max,12,TRUE,512GB,512,Used,269.99,,,,83,Seller 061,"Brooklyn, New York, United States",NY,3/22/2026
Apple iPhone 12 64/128/256GB Unlocked -All colors - Used Good (NO FACE ID),iPhone 12,12,FALSE,256GB,256,Used,154.99,,,,513,Seller 061,"Brooklyn, New York, United States",NY,3/28/2026
"Apple iPhone 12 Pro Max, 128/256/512GB - Unlocked - Used Condition - All colors",iPhone 12 Pro Max,12,TRUE,512GB,512,Used,264.99,,,,20,Seller 061,"Brooklyn, New York, United States",NY,3/13/2026
"Apple iPhone 12, 64/128/256GB - Unlocked - Used Good - All colors",iPhone 12,12,FALSE,256GB,256,Used,179.99,,,2,990,Seller 061,"Brooklyn, New York, United States",NY,3/29/2026
"Apple iPhone 14 Plus, 256/512GB - Unlocked All Colors - Used Condition",iPhone 14 Plus,14,FALSE,512GB,512,Used,304.99,,,,19,Seller 061,"Brooklyn, New York, United States",NY,3/26/2026
"Apple iPhone 13, 128/256/512GB - Unlocked - Used Excellent - All colors",iPhone 13,13,FALSE,512GB,512,Used,294.99,,,10,601,Seller 061,"Brooklyn, New York, United States",NY,3/29/2026
"Apple iPhone 12 Pro Max, 128/256/512GB - Unlocked - Used Excellent",iPhone 12 Pro Max,12,TRUE,512GB,512,Used,339.99,,,10,647,Seller 061,"Brooklyn, New York, United States",NY,3/29/2026
"Apple iPhone 13, 128/256/512GB - Unlocked - Used Very Good - All colors",iPhone 13,13,FALSE,512GB,512,Used,264.99,,,10,2046,Seller 061,"Brooklyn, New York, United States",NY,3/29/2026
"Apple iPhone 14, 128/256/512GB, Unlocked - Refurbished Excellent",iPhone 14,14,FALSE,512GB,512,Excellent - Refurbished,359.99,,,6,495,Seller 061,"Brooklyn, New York, United States",NY,3/29/2026
"Apple iPhone 14 Plus, 128- 256-512GB - Unlocked - Refurbished B Grade",iPhone 14 Plus,14,FALSE,512GB,512,Very Good - Refurbished,309.99,,,,33,Seller 061,"Brooklyn, New York, United States",NY,3/29/2026
"Apple iPhone 14, 128GB-256GB-512GB, Unlocked - Refurbished B Grade",iPhone 14,14,FALSE,128GB|256GB|512GB,128,Very Good - Refurbished,289.99,,,,24,Seller 061,"Brooklyn, New York, United States",NY,3/27/2026
"Apple iPhone 13 Mini, 128/256/512GB - Unlocked - Refurbished B Grade",iPhone 13 Mini,13,FALSE,512GB,512,Very Good - Refurbished,229.99,,,10,38,Seller 061,"Brooklyn, New York, United States",NY,3/29/2026
"Apple iPhone 12 Pro Max, 128/256/512GB - Unlocked - Refurbished B Grade",iPhone 12 Pro Max,12,TRUE,512GB,512,Very Good - Refurbished,349.99,,,,95,Seller 061,"Brooklyn, New York, United States",NY,3/28/2026
Apple iPhone 14 Pro Max - 1 TB - (Unlocked) - A2651 - Black - Excellent,iPhone 14 Pro Max,14,TRUE,1024GB,1024,Used,649.99,,,10,1,Seller 450,"New Hyde Park, New York, United States",NY,12/8/2025
Apple iPhone 13 mini - 128 GB/256GB - All colors(Unlocked)✅1 YEAR WARRANTY,iPhone 13 Mini,13,FALSE,128GB|256GB,128,Used,288.45,,,3,,Seller 511,"hongkong, China",INTL,3/20/2026
Sealed in Box Apple iPhone 13 Unlocked 128GB 256GB All colors Good Condition,iPhone 13,13,FALSE,128GB|256GB,128,Used,325.46,,,5,9,Seller 511,"HK, China",INTL,3/20/2026
Apple iPhone 13 - 128GB 256GB Network Unlocked All colors Very Good Condition,iPhone 13,13,FALSE,128GB|256GB,128,Used,325.46,,,10,6,Seller 511,"HK, China",INTL,3/20/2026
Apple iPhone 12 Pro Max - 128GB * 3 - (Unlocked) with FACE ID,iPhone 12 Pro Max,12,TRUE,128GB,128,Used,980.19,,,3,,Seller 511,"hongkong, China",INTL,3/20/2026
"Apple iPhone 14 Pro Max ( Unlocked ) 5G - 1TB - 6.7"" Smartphone - Boxed",iPhone 14 Pro Max,14,TRUE,1024GB,1024,Used,788.29,,,6,,Seller 511,"HK, China",INTL,3/20/2026
Boxed - Apple iPhone 12 Pro Max 512GB (Unlocked) 5G withFACE ID,iPhone 12 Pro Max,12,TRUE,512GB,512,Used,424.46,,,4,1,Seller 511,"hongkong, China",INTL,3/20/2026
Apple iPhone 13 mini - 128 GB (Unlocked) Smartphone,iPhone 13 Mini,13,FALSE,128GB,128,Used,287.15,,,3,2,Seller 511,"hongkong, China",INTL,3/20/2026
BOXED - Apple iPhone 14 Plus - 128GB 256GB 512GB - Unlocked Good Working,iPhone 14 Plus,14,FALSE,128GB|256GB|512GB,128,Used,468.39,,,5,,Seller 511,"hongkong, China",INTL,3/20/2026
Apple iPhone 12 Pro Max 256GB (Unlocked) with FACE ID Sealed in box,iPhone 12 Pro Max,12,TRUE,256GB,256,Used,363.83,,,8,,Seller 511,"hongkong, China",INTL,3/20/2026
Apple iPhone 14 Plus - 128GB 256GB 512GB - Unlocked Good Working,iPhone 14 Plus,14,FALSE,128GB|256GB|512GB,128,Used,468.39,,,8,,Seller 511,"hongkong, China",INTL,3/20/2026
Sealed in Box Apple iPhone 13 *10 unit - Unlocked 128GB Smartphone Good Gift,iPhone 13,13,FALSE,128GB,128,Used,3063.08,,,1,,Seller 511,"HK, China",INTL,3/20/2026
"Apple iPhone 12 - (Unlocked) 64GB/128GB/256GB 6.1"" - All colors - Free Shipping",iPhone 12,12,FALSE,64GB|128GB|256GB,64,Used,242.5,,,5,,Seller 511,"hongkong, China",INTL,3/20/2026
95%N ew Apple iPhone 14 Pro Max - 128GB 256 GB (Unlocked) Smartphone,iPhone 14 Pro Max,14,TRUE,128GB|256GB,128,Used,587.1,,,1,,Seller 511,"hongkong, China",INTL,3/20/2026
"Apple iPhone 12 - (Unlocked) 64GB/128GB/256GB 6.1"" - All colors - Smartphone",iPhone 12,12,FALSE,64GB|128GB|256GB,64,Used,253.58,,,5,,Seller 511,"hongkong, China",INTL,3/20/2026
Apple iPhone 13 Mini A2481 Unlocked 128 GB Midnight Blue,iPhone 13 Mini,13,FALSE,128GB,128,Used,250.99,,,,,Seller 260,"Philadelphia, Pennsylvania, United States",PA,1/1/2026
Apple iPhone 12 Pro Max 128GB/256GB/512GB (Unlocked) with FACE ID Sealed in box,iPhone 12 Pro Max,12,TRUE,128GB|256GB|512GB,128,Used,330.75,,,5,3,Seller 511,"hongkong, China",INTL,3/20/2026
Apple iPhone 12 - 64 GB - Black (Unlocked) Excellent,iPhone 12,12,FALSE,64GB,64,Used,247,,,,,Seller 493,"Doma, Slovenia",INTL,2/28/2026
Iphone 17 256gb Unlocked,iPhone 17,17,FALSE,256GB,256,Open Box,739,,,,,Seller 670,"Johnson City, New York, United States",NY,3/26/2026
Apple iPhone 17 Air 256 GB White Excellent Condition,iPhone 17,17,FALSE,256GB,256,Open Box,925,,,,,Seller 221,"West Palm Beach, Florida, United States",FL,3/10/2026
New Factory Unlocked Apple iPhone 17 Pro Max 512GB Silver Dual Sim MG0X4CH/A,iPhone 17 Pro Max,17,TRUE,512GB,512,New,1799.99,,,,,Seller 131,"South San Francisco, California, United States",CA,3/29/2026
"Apple iPhone 13, 128 - Fully Unlocked - Used - All colors (REED DESCRIPTION.)",iPhone 13,13,FALSE,,,Used,211.31,,,,,Seller 411,"Huntersville, North Carolina, United States",NC,
"Apple iPhone 17 - 256 GB - Black (Unlocked) BRAND NEW, SEALED!",iPhone 17,17,FALSE,256GB,256,New,799,,,,,Seller 148,"Silver Spring, Maryland, United States",MD,3/27/2026
iPhone 12 64 GB,iPhone 12,12,FALSE,64GB,64,New,102.5,,,,,Seller 554,"Mastic, New York, United States",NY,
Apple iPhone 17 - 512 GB - Lavender (Unlocked),iPhone 17,17,FALSE,512GB,512,New,399,,,5,,Seller 431,"Fort Worth, Texas, United States",TX,
Apple iPhone 17 Pro Max - 256 GB - Silver (Unlocked),iPhone 17 Pro Max,17,TRUE,256GB,256,New,799.28,,,3,,Seller 233,"Sandy, Utah, United States",UT,
Apple iPhone 16 New - Black – 128GB – Unlocked - Dual eSIM- Open Box,iPhone 16,16,FALSE,128GB,128,Open Box,549,,,,,Seller 448,"Fort Lauderdale, Florida, United States",FL,3/28/2026
iphone 17 pro max unlocked,iPhone 17 Pro Max,17,TRUE,,,Open Box,1199,,,,,Seller 670,"Johnson City, New York, United States",NY,3/28/2026
Apple iPhone 14 Blue 128GB Unlocked 5G Prestige A+ 100% Battery1Yr Warranty,iPhone 14,14,FALSE,128GB,128,Open Box,275.99,,,3,71,Seller 556,"Reading, United Kingdom",INTL,3/29/2026
Apple iPhone 13 Mini 128GB Blue - Factory Unlocked - Good Condition,iPhone 13 Mini,13,FALSE,128GB,128,Used,219.94,,,4,85,Seller 167,"Pompano Beach, Florida, United States",FL,3/25/2026
Apple iPhone 13 - 128GB | 256GB - (Unlocked) AT&T Verizon T-Mobile Cricket Metro,iPhone 13,13,FALSE,128GB|256GB,128,Very Good - Refurbished,275.45,289.95,5,,161,Seller 190,"Spartanburg, South Carolina, United States",SC,3/20/2026
Apple iPhone 14 | 14 Plus - 128GB | 256GB | 512GB (Unlocked) Smartphone,iPhone 14,14,FALSE,128GB|256GB|512GB,128,Very Good - Refurbished,270.7,284.95,5,,157,Seller 190,"Spartanburg, South Carolina, United States",SC,3/29/2026
Apple iPhone 14 | 14 Plus 128GB | 256GB | 512GB (Unlocked) Smartphone Excellent,iPhone 14,14,FALSE,128GB|256GB|512GB,128,Excellent - Refurbished,299.2,314.95,5,2,27,Seller 190,"Spartanburg, South Carolina, United States",SC,3/25/2026
Apple iPhone 12-5G -64GB Factory Unlocked-Green-EXCELLENT CONDITION,iPhone 12,12,FALSE,64GB,64,Used,425,,,,,Seller 619,"Rockford, Illinois, United States",IL,1/6/2026
Apple iPhone 12 | 12 mini 64GB | 128GB | 256GB (Unlocked AT&T Verizon T-Mobile),iPhone 12,12,FALSE,64GB|128GB|256GB,64,Open Box,142.45,149.95,5,5,61,Seller 190,"Spartanburg, South Carolina, United States",SC,3/29/2026
In-Box Apple iPhone 13 Mini A2481 512GB 256GB 128GB Factory Unlocked- Excellent,iPhone 13 Mini,13,FALSE,128GB|256GB|512GB,128,Open Box,289.95,,,10,145,Seller 306,"Allen, Texas, United States",TX,3/28/2026
Apple iPhone 12 Pro Max 128GB Graphite Unlocked - Very Good Condition,iPhone 12 Pro Max,12,TRUE,128GB,128,Used,309.94,,,10,15,Seller 167,"Pompano Beach, Florida, United States",FL,2/16/2026
Apple iPhone 13 Mini - 128GB - Midnight Factory Unlocked - Very Good Condition,iPhone 13 Mini,13,FALSE,128GB,128,Used,209,,,9,33,Seller 167,"Pompano Beach, Florida, United States",FL,3/25/2026
iPhone 14 Pro With TIK TOK Installed!!!,iPhone 14 Pro,14,TRUE,,,Used,2500,,,,,Seller 286,"Asheville, North Carolina, United States",NC,2/6/2025
Iphone 13 With Ticktok Downloaded,iPhone 13,13,FALSE,,,Used,2500,,,,,Seller 584,"Buffalo, New York, United States",NY,
"Apple iPhone 14 Plus 6.7"" 5G Factory 🔓 Unlocked 128/256/512GB 1 Year Warranty",iPhone 14 Plus,14,FALSE,512GB,512,Very Good - Refurbished,479,,,,7,Seller 023,"New York, New York, United States",NY,12/4/2025
Apple iPhone 14 Plus (Product) Red 128GB - Unlocked - Very Good Condition,iPhone 14 Plus,14,FALSE,128GB,128,Used,309,,,2,17,Seller 167,"Pompano Beach, Florida, United States",FL,3/25/2026
NEW Apple iPhone 14 5G Factory 🔓 Unlocked 100% 🔋 Battery 🛡️ 1 Year Warranty,iPhone 14,14,FALSE,,,Open Box,379,,,10,595,Seller 023,"New York, New York, United States",NY,3/9/2026
Apple iPhone 14 Plus - Red - 128GB Unlocked - Good Condition,iPhone 14 Plus,14,FALSE,128GB,128,Used,309.94,,,2,35,Seller 167,"Pompano Beach, Florida, United States",FL,1/28/2026
Apple iPhone 14 | 14 Plus - 128GB | 256GB | 512GB Unlocked T-Mobile AT&T - Good,iPhone 14,14,FALSE,128GB|256GB|512GB,128,Good - Refurbished,289.7,304.95,5,,16,Seller 190,"Spartanburg, South Carolina, United States",SC,3/25/2026
Apple iPhone 14 - Red 128GB - Fully Unlocked - Good Condition,iPhone 14,14,FALSE,128GB,128,Used,299.93,,,2,21,Seller 167,"Pompano Beach, Florida, United States",FL,1/4/2026
Apple iPhone 12 Blue 64GB Fully Unlocked - Good Condition,iPhone 12,12,FALSE,64GB,64,Used,189.94,,,4,7,Seller 167,"Pompano Beach, Florida, United States",FL,2/7/2026
Apple iPhone 14 Plus - 128GB - Blue (Fully Unlocked) - Very Good Condition,iPhone 14 Plus,14,FALSE,128GB,128,Used,309.94,,,2,14,Seller 167,"Pompano Beach, Florida, United States",FL,1/28/2026
Apple iPhone 14 - 128 GB - Midnight (Unlocked),iPhone 14,14,FALSE,128GB,128,Good - Refurbished,299,,,4,1,Seller 685,"Coppell, Texas, United States",TX,1/23/2026
Apple iPhone 13 Mini A2481 256GB Unlocked Excellent In-Box- 100% Battery Health,iPhone 13 Mini,13,FALSE,256GB,256,Open Box,339.95,,,3,64,Seller 306,"Allen, Texas, United States",TX,3/23/2026
Apple iPhone 14 Plus 512GB Factory Unlocked Any Carrier GSM CDMA - Excellent,iPhone 14 Plus,14,FALSE,512GB,512,Open Box,519.95,,,6,30,Seller 306,"Allen, Texas, United States",TX,3/5/2026
Apple iPhone 14 - 128GB - Black - Fully Unlocked 5G E-Sim - Visible Scratches,iPhone 14,14,FALSE,128GB,128,Used,239.99,,,9,14,Seller 209,"Brooklyn, New York, United States",NY,3/28/2026
Apple iPhone 14 - 128 GB - Blue - Fully Unlocked 5G Smartphone (Heavy Scratches),iPhone 14,14,FALSE,128GB,128,Used,234.99,,,5,2,Seller 209,"Brooklyn, New York, United States",NY,3/25/2026
Apple iPhone 14 Plus - 128GB - Blue - Fully Unlocked 5G E-Sim (Heavy Scratches),iPhone 14 Plus,14,FALSE,128GB,128,Used,249.99,,,3,6,Seller 209,"Brooklyn, New York, United States",NY,3/6/2026
Apple iPhone 14 Plus - 128 GB - Black - Fully Unlocked (Heavy Scratches),iPhone 14 Plus,14,FALSE,128GB,128,Used,249.99,,,10,1,Seller 209,"Brooklyn, New York, United States",NY,3/10/2026
Apple iPhone 14 Pro Max - 128GB Deep Purple (Unlocked) - Very Good Condition,iPhone 14 Pro Max,14,TRUE,128GB,128,Used,459.95,,,10,3,Seller 167,"Pompano Beach, Florida, United States",FL,3/25/2026
Apple iPhone 14 Pro Max - 128GB Deep Purple (Unlocked) - Good Condition,iPhone 14 Pro Max,14,TRUE,128GB,128,Used,459,,,4,6,Seller 167,"Pompano Beach, Florida, United States",FL,3/23/2026
Apple iPhone 15 128GB Unlocked - Very Good,iPhone 15,15,FALSE,128GB,128,Very Good - Refurbished,384.99,799,51.82,6,108,Seller 029,"Astoria, New York, United States",NY,3/29/2026
Apple iPhone 15 128GB Unlocked - Good,iPhone 15,15,FALSE,128GB,128,Good - Refurbished,369.99,799,53.69,,116,Seller 029,"Astoria, New York, United States",NY,3/29/2026
Apple iPhone 15 Pro 128GB Unlocked - Excellent,iPhone 15 Pro,15,TRUE,128GB,128,Excellent - Refurbished,489.99,999,50.95,5,67,Seller 029,"Astoria, New York, United States",NY,3/29/2026
Apple iPhone 13 Mini - 128GB - Pink (Factory Unlocked) - Good Condition,iPhone 13 Mini,13,FALSE,128GB,128,Used,229,,,3,2,Seller 167,"Pompano Beach, Florida, United States",FL,3/25/2026
Apple iPhone 15 128GB Unlocked - Excellent,iPhone 15,15,FALSE,128GB,128,Excellent - Refurbished,399.99,799,49.94,,211,Seller 029,"Astoria, New York, United States",NY,3/29/2026
Apple iPhone 14 512GB Factory Unlocked All A2649 All Colors In-Box Excellent,iPhone 14,14,FALSE,512GB,512,Open Box,449.95,,,1,,Seller 180,"Allen, Texas, United States",TX,3/5/2026
Apple iPhone 15 Plus 128GB Unlocked - Excellent,iPhone 15 Plus,15,FALSE,128GB,128,Excellent - Refurbished,429.99,899,52.17,10,51,Seller 029,"Astoria, New York, United States",NY,3/29/2026
Apple iPhone 14 256GB Factory Unlocked A2649 Open Box All Colors All Networks 5G,iPhone 14,14,FALSE,256GB,256,Open Box,389.95,,,,2,Seller 180,"Allen, Texas, United States",TX,3/21/2026
Apple iPhone 13 - 256GB - Blue - Factory Unlocked - Very Good Condition,iPhone 13,13,FALSE,256GB,256,Used,289,,,2,2,Seller 167,"Pompano Beach, Florida, United States",FL,3/7/2026
Apple iPhone 13 Mini 128GB Blue - Factory Unlocked - Very Good Condition,iPhone 13 Mini,13,FALSE,128GB,128,Used,224.94,,,3,6,Seller 167,"Pompano Beach, Florida, United States",FL,3/25/2026
Apple iPhone 15 128GB Unlocked - Open Box,iPhone 15,15,FALSE,128GB,128,Open Box,434.99,799,45.56,10,4,Seller 029,"Astoria, New York, United States",NY,3/28/2026
Apple iPhone 12 Pro Max A2342 128GB Silver 99% battery health Unlocked device,iPhone 12 Pro Max,12,TRUE,128GB,128,Used,345.86,406.89,15,,,Seller 320,"Mundelein, Illinois, United States",IL,2/27/2026
Apple iPhone 12 Pro Max A2342 128GB Silver Factory Unlocked 96% battery health,iPhone 12 Pro Max,12,TRUE,128GB,128,Used,340.92,401.08,15,,,Seller 320,"Mundelein, Illinois, United States",IL,2/27/2026
Apple iPhone 13 128GB Factory Unlocked GSM+CDMA Excellent (Read Desc) Blue,iPhone 13,13,FALSE,128GB,128,Used,299.95,,,1,,Seller 306,"Allen, Texas, United States",TX,2/21/2026
Apple iPhone 14 Plus - 128GB - Blue (Fully Unlocked) - NO Front camera,iPhone 14 Plus,14,FALSE,128GB,128,Used,269.95,,,,,Seller 167,"Pompano Beach, Florida, United States",FL,
Apple iPhone 13 - 128GB - Midnight Factory Unlocked - LCD dot,iPhone 13,13,FALSE,128GB,128,Used,249.94,,,,,Seller 167,"Pompano Beach, Florida, United States",FL,
New Apple iPhone 17 256GB Black Unlocked *Never Used* 1-Yr Apple Warranty,iPhone 17,17,FALSE,256GB,256,Open Box,799.99,,,,1,Seller 348,"Oakland Gardens, New York, United States",NY,
Apple iPhone 13 A2482 256GB CDMA/GSM Unlocked 70%+ Battery - Excellent,iPhone 13,13,FALSE,256GB,256,Used,213.89,,,1,,Seller 048,"Coppell, Texas, United States",TX,3/28/2026
Apple iPhone 13 Mini - 128GB - Midnight Factory Unlocked - Tiny Back C dmg,iPhone 13 Mini,13,FALSE,128GB,128,Used,189.94,,,,,Seller 167,"Pompano Beach, Florida, United States",FL,
Apple iPhone 13 Mini - 128GB - Pink (Factory Unlocked) - (Battery Health 60-75%),iPhone 13 Mini,13,FALSE,128GB,128,Used,199.93,,,,,Seller 167,"Pompano Beach, Florida, United States",FL,
Apple iPhone 13 - 256GB - Midnight Factory Unlocked - Battery 60-75%,iPhone 13,13,FALSE,256GB,256,Used,249,,,,,Seller 167,"Pompano Beach, Florida, United States",FL,
Apple iPhone 14 Plus Midnight - 128GB - Unlocked - Battery 60-75%,iPhone 14 Plus,14,FALSE,128GB,128,Used,279,,,,,Seller 167,"Pompano Beach, Florida, United States",FL,
Apple iPhone 13 - 256GB - Midnight Factory Unlocked - Good Condition,iPhone 13,13,FALSE,256GB,256,Used,299,,,4,,Seller 167,"Pompano Beach, Florida, United States",FL,
New Open Box Apple iPhone 17 256GB Black Unlocked Apple Warranty *Never Used*,iPhone 17,17,FALSE,256GB,256,Open Box,769.99,,,3,,Seller 348,"Oakland Gardens, New York, United States",NY,3/26/2026
New Apple iPhone 17 256GB Black Unlocked Apple Warranty *Never Used*,iPhone 17,17,FALSE,256GB,256,Open Box,784.99,,,4,2,Seller 348,"Oakland Gardens, New York, United States",NY,3/25/2026
Apple iPhone 13 A248 128GB - Unlocked -70%+ battery - Used Poor,iPhone 13,13,FALSE,128GB,128,Used,175.29,,,1,,Seller 048,"Coppell, Texas, United States",TX,3/28/2026
"Apple iPhone 13 Mini 128GB A2481 Unlocked 70%+ Battery Very Good, No Face ID",iPhone 13 Mini,13,FALSE,128GB,128,Used,174.69,,,1,,Seller 048,"Coppell, Texas, United States",TX,3/28/2026
Apple iPhone 13 A2482 256GB CDMA/GSM Unlocked Smartphone - Heavy Scratch,iPhone 13,13,FALSE,256GB,256,Used,197.69,,,1,,Seller 048,"Coppell, Texas, United States",TX,3/28/2026
New Apple iPhone 16 128GB Black (Verizon Only) 1-Year Apple Warranty,iPhone 16,16,FALSE,128GB,128,New,499.99,,,5,3,Seller 348,"Flushing, New York, United States",NY,3/29/2026
New Apple iPhone 17 256GB White (Verizon ONLY) *Never Used* Battery cycle: 0,iPhone 17,17,FALSE,256GB,256,Open Box,659.99,,,4,4,Seller 348,"Oakland Gardens, New York, United States",NY,3/29/2026
iphone 16 - 128 Gb -Unlocked- Clean IMEI-Ships Fast !! Excellent Condition,iPhone 16,16,FALSE,128GB,128,Open Box,575,,,,,Seller 237,"White Plains, New York, United States",NY,
Apple iPhone 16 - 128 GB - Ultra Blue (Unlocked) Clean IMEI- Excellent condition,iPhone 16,16,FALSE,128GB,128,Open Box,575,,,,,Seller 237,"White Plains, New York, United States",NY,
iphone 16 128gb-Unlocked- Clean IMEI-Ships Fast!! Excellent Condition!!,iPhone 16,16,FALSE,128GB,128,Open Box,575,,,,,Seller 237,"White Plains, New York, United States",NY,
"New Open Box Apple iPhone 17 256GB Black Unlocked (100% Battery, Cycle 18)",iPhone 17,17,FALSE,256GB,256,Open Box,759.99,,,,,Seller 348,"Oakland Gardens, New York, United States",NY,
"New Open Box Apple iPhone 17 256GB Black Unlocked (100% Battery, Cycle 9)",iPhone 17,17,FALSE,256GB,256,Open Box,759.99,,,,,Seller 348,"Oakland Gardens, New York, United States",NY,
Apple iPhone 17 256gb T-Mobile Blue New in Box,iPhone 17,17,FALSE,256GB,256,New,699,,,,,Seller 168,"Lynnwood, Washington, United States",WA,3/21/2026
New Apple iPhone 17 e 256GB White 256gb Factory Unlocked Warranty Fast Shipping,iPhone 17,17,FALSE,256GB,256,New,795,,,,,Seller 582,"Brooklyn, New York, United States",NY,3/25/2026
Apple iPhone 14 - 128GB - Midnight (Unlocked) A2649 Brand New Sealed A15 5G,iPhone 14,14,FALSE,128GB,128,New,403,,,2,1,Seller 174,"Broken Arrow, Oklahoma, United States",OK,3/28/2026
Apple iPhone 14 Plus White MQ3T3LL/A 128GB Bluetooth Wi-Fi iOS Mint Condition,iPhone 14 Plus,14,FALSE,128GB,128,Used,320,,,,,Seller 699,"Glendale, California, United States",CA,3/24/2026
Apple iPhone 12 Pro Max A2342 256GB - Unlocked - 100% Battery - Graphite - Fair,iPhone 12 Pro Max,12,TRUE,256GB,256,Very Good - Refurbished,357.69,510.99,30,,,Seller 205,"Mahwah, New Jersey, United States",NJ,
New Sealed Apple iPhone 17 256GB Black Unlocked 1-Year Apple Warranty *Sealed*,iPhone 17,17,FALSE,256GB,256,New,848.99,,,,1,Seller 348,"Oakland Gardens, New York, United States",NY,3/25/2026
New Apple iPhone 17 256GB Black (Verizon ONLY) Never Used 1-Yr Apple Warranty,iPhone 17,17,FALSE,256GB,256,Open Box,659.99,,,4,,Seller 348,"Oakland Gardens, New York, United States",NY,3/29/2026
New *Sealed* Apple iPhone 17 Pro Max 1TB Silver Unlocked 1-Year Apple Warranty,iPhone 17 Pro Max,17,TRUE,1024GB,1024,New,1699.99,,,3,2,Seller 348,"Oakland Gardens, New York, United States",NY,
Smartphone Apple iPhone 13 Blanco Starlight A2482 Doble Cámara 5G iOS - Muy Bueno-,iPhone 13,13,FALSE,,,Used,249,,,,,Seller 474,"Downers Grove, Illinois, Estados Unidos",IL,
"Apple iPhone 14 Plus, Unlocked, 128GB, Cracked f/b - Screen OUT, Clean IMEI",iPhone 14 Plus,14,FALSE,128GB,128,For Parts Or Not Working,199.99,,,,,Seller 056,"Kew Gardens, New York, United States",NY,
Apple iPhone 13 128GB Midnight (Unlocked) A2161 Smartphone Clean ESN,iPhone 13,13,FALSE,128GB,128,Used,240,,,,,Seller 430,"Minneapolis, Minnesota, United States",MN,
New Apple iPhone 16 128GB Black Unlocked (Never Used) 1-Year Apple Warranty,iPhone 16,16,FALSE,128GB,128,New,629.99,,,10,,Seller 348,"Flushing, New York, United States",NY,
Apple iPhone 13 - 128GB | 256GB - (Unlocked) T-Mobile Verizon AT&T - Excellent,iPhone 13,13,FALSE,128GB|256GB,128,Excellent - Refurbished,294.45,309.95,5,2,27,Seller 190,"Spartanburg, South Carolina, United States",SC,3/28/2026
Apple iPhone 14 256GB Factory Unlocked All A2649 All Colors In-Box Excellent,iPhone 14,14,FALSE,256GB,256,Open Box,399.95,,,,29,Seller 306,"Allen, Texas, United States",TX,2/25/2026
"NEW Apple iPhone 14 PLUS 6.7"" Factory Unlocked 🔓 100% 🔋 Battery 256GB / 512GB",iPhone 14 Plus,14,FALSE,256GB|512GB,256,Open Box,439,,,4,421,Seller 023,"New York, New York, United States",NY,3/23/2026
"✅ Apple iPhone 14 PLUS 6.7"" 5G Factory 🔓 Unlocked with 1 Year Warranty 128/256",iPhone 14 Plus,14,FALSE,,,Very Good - Refurbished,398,,,,24,Seller 023,"New York, New York, United States",NY,2/2/2026
Apple iPhone 12 Pro Max - 512 GB - Blue (Unlocked) With Tiktok & Capcut.,iPhone 12 Pro Max,12,TRUE,512GB,512,Used,1900,,,,,Seller 210,"Emeryville, California, United States",CA,1/25/2025
Iphone 13 ( Tiktok Installed),iPhone 13,13,FALSE,,,Used,5000,,,,,Seller 667,"Desert Hot Springs, California, United States",CA,1/26/2025
"Apple iPhone 14 6.1"" Factory 🔓 Unlocked with 100% 🔋 Battery (1 Year Warranty)",iPhone 14,14,FALSE,,,Very Good - Refurbished,349,,,4,32,Seller 023,"New York, New York, United States",NY,2/2/2026
Apple iPhone 14 Factory Unlocked 128GB A2649 New OPN Box 1Y Extended Warranty,iPhone 14,14,FALSE,128GB,128,Open Box,349.99,,,2,,Seller 058,"Granada Hills, California, United States",CA,2/14/2026
Apple iPhone 14 PRO MAX A2651 Factory Unlocked 128GB purple Black colors,iPhone 14 Pro Max,14,TRUE,128GB,128,Very Good - Refurbished,719.99,,,2,,Seller 058,"Granada Hills, California, United States",CA,12/16/2025
Apple iPhone 14 Plus Factory Unlocked 128GB A2632 1Y Extended Warranty OPEN Box,iPhone 14 Plus,14,FALSE,128GB,128,Open Box,399.99,,,1,,Seller 058,"Granada Hills, California, United States",CA,1/29/2026
Apple iPhone 14 Plus 14+ Factory Unlocked 128GB A2632 1Y Extended W Great Used,iPhone 14 Plus,14,FALSE,128GB,128,Excellent - Refurbished,369.99,,,,1,Seller 058,"Granada Hills, California, United States",CA,1/5/2026
Apple iPhone 14 PRO MAX A2651 Factory Unlocked 512GB GSM CDMA Phone Used Great,iPhone 14 Pro Max,14,TRUE,512GB,512,Used,669.99,,,1,,Seller 058,"Granada Hills, California, United States",CA,3/12/2026
Apple iPhone 13 - 128GB | 256GB - Unlocked AT&T Verizon T-Mobile Cricket - Good,iPhone 13,13,FALSE,128GB|256GB,128,Good - Refurbished,256.45,269.95,5,7,66,Seller 190,"Spartanburg, South Carolina, United States",SC,2/10/2026
Apple iPhone 13 Mini A2481 256GB 128GB Unlocked Excellent - 100% Battery Health,iPhone 13 Mini,13,FALSE,128GB|256GB,128,Open Box,294.95,,,,15,Seller 180,"Allen, Texas, United States",TX,3/28/2026
Apple iphone 14 PRO MAX A2651 Factory Unlocked 128GB gold color,iPhone 14 Pro Max,14,TRUE,128GB,128,Excellent - Refurbished,719.99,,,1,,Seller 058,"Granada Hills, California, United States",CA,12/20/2025
Apple iPhone 14 Plus 14+ Factory Unlocked 128GB A2632 1Y Warranty Open Box 76%,iPhone 14 Plus,14,FALSE,128GB,128,Open Box,384.99,,,2,,Seller 058,"Granada Hills, California, United States",CA,2/16/2026
Apple iPhone 14 PRO MAX A2651 Factory Unlocked 256GB GSM CDMA Phone Used Great,iPhone 14 Pro Max,14,TRUE,256GB,256,Very Good - Refurbished,735.99,,,2,,Seller 058,"Granada Hills, California, United States",CA,12/23/2025
Apple iPhone 14 Factory Unlocked 128GB A2649 Blue Yellow Red OEM Box Very Good,iPhone 14,14,FALSE,128GB,128,Very Good - Refurbished,349.99,,,3,,Seller 058,"Granada Hills, California, United States",CA,2/5/2026
Apple iPhone 14 Plus 14+ Factory Unlocked 128GB A2632 1Y Warranty Open Box,iPhone 14 Plus,14,FALSE,128GB,128,Excellent - Refurbished,399.99,,,1,,Seller 058,"Granada Hills, California, United States",CA,1/29/2026
Apple iPhone 14 PRO MAX A2651 Factory Unlocked 1TB GSM CDMA Phone Great B+,iPhone 14 Pro Max,14,TRUE,1024GB,1024,Very Good - Refurbished,661.99,,,2,,Seller 058,"Granada Hills, California, United States",CA,12/29/2025
Apple iPhone 14 PRO MAX 512GB Factory Unlocked A2651 Open Box,iPhone 14 Pro Max,14,TRUE,512GB,512,Open Box,699.99,,,1,,Seller 058,"Granada Hills, California, United States",CA,3/16/2026
Apple iPhone 14 Plus 512GB Factory Unlocked GSM CDMA Excellent In Box All Colors,iPhone 14 Plus,14,FALSE,512GB,512,Open Box,489.9,,,6,5,Seller 180,"Allen, Texas, United States",TX,3/12/2026
Open Box Apple iPhone 13 128GB A2631 Factory Unlocked black White colors,iPhone 13,13,FALSE,128GB,128,Open Box,314.99,,,8,1,Seller 058,"Granada Hills, California, United States",CA,1/22/2026
Apple iPhone 12 128GB - Black - Fully Unlocked 5G Smartphone (Heavy Scratches),iPhone 12,12,FALSE,128GB,128,Used,154.95,,,10,28,Seller 209,"Brooklyn, New York, United States",NY,3/18/2026
Apple iPhone 14 - 128GB - Midnight - Fully Unlocked (Heavy Scratches),iPhone 14,14,FALSE,128GB,128,Used,219.99,,,10,2,Seller 209,"Brooklyn, New York, United States",NY,3/25/2026
Apple iPhone 13 Mini A2481 256GB Factory Unlocked 100% Battery -Open Box,iPhone 13 Mini,13,FALSE,256GB,256,Open Box,344.95,,,,5,Seller 180,"Allen, Texas, United States",TX,3/5/2026
Apple iPhone 13 Mini A2481 128GB Factory Unlocked In-Box Blue (Read Desc),iPhone 13 Mini,13,FALSE,128GB,128,Used,259.95,,,,,Seller 306,"Allen, Texas, United States",TX,2/21/2026
Apple iPhone 13 Mini A2481 256GB Factory Unlocked In-Box Blue (Read Desc),iPhone 13 Mini,13,FALSE,256GB,256,Used,319.95,,,3,1,Seller 306,"Allen, Texas, United States",TX,2/21/2026
iPhone 14 Pro - Factory Unlocked - 128GB - Black- Very Good,iPhone 14 Pro,14,TRUE,128GB,128,Used,350,,,,,Seller 269,"Piscataway, New Jersey, United States",NJ,3/14/2026
NEW OB Apple iPhone 16 128GB Black UNLOCKED w/Apple Warr thru Dec 2026!,iPhone 16,16,FALSE,128GB,128,New,645.15,,,,2,Seller 136,"Hackensack, New Jersey, United States",NJ,2/27/2026
Apple iPhone 14 256GB Factory Unlocked A2649 Excellent In-Box All Colors,iPhone 14,14,FALSE,256GB,256,Open Box,379.95,,,9,,Seller 180,"Allen, Texas, United States",TX,3/21/2026
Apple iPhone 14 128GB Factory Unlocked GSM + CDMA EXCELLENT 100% Battery,iPhone 14,14,FALSE,128GB,128,Open Box,369.95,,,,1,Seller 180,"Allen, Texas, United States",TX,3/5/2026
"Apple iPhone 14 128GB Factory Unlocked All Networks A2649 Open Box, All Colors",iPhone 14,14,FALSE,128GB,128,Open Box,359.95,,,,3,Seller 306,"Allen, Texas, United States",TX,2/25/2026
Apple iPhone 14 256GB A2649 Unlocked Smartphone - Excellent,iPhone 14,14,FALSE,256GB,256,Excellent - Refurbished,308.29,,,,1,Seller 048,"Coppell, Texas, United States",TX,3/28/2026
Apple iPhone 14 Pro Max 256GB AT&T- Very Good Condition - **MINOR ISSUE**,iPhone 14 Pro Max,14,TRUE,256GB,256,Used,399,,,,,Seller 117,"Hialeah, Florida, United States",FL,3/19/2026
Apple iPhone 16 - 128 GB - Ultra Blue (Unlocked) Clean IMEI- Excellent condition,iPhone 16,16,FALSE,128GB,128,Open Box,599,,,,,Seller 237,"White Plains, New York, United States",NY,3/18/2026
Apple iPhone 17 Model A3520.A19. 512GB- Mist Blue No Tariffs In US,iPhone 17,17,FALSE,512GB,512,Open Box,1229,,,3,,Seller 001,"Seongnam, South Korea",INTL,3/24/2026
New Sealed Apple iPhone 17 256GB White Unlocked 1-Year Apple Warranty *Sealed*,iPhone 17,17,FALSE,256GB,256,New,849.99,,,,1,Seller 348,"Oakland Gardens, New York, United States",NY,
🔥NEW Apple iPhone 17 Pro Max UNLOCKED 256GB Cosmic Orange ✅UNOPENED ✅ 🌎,iPhone 17 Pro Max,17,TRUE,256GB,256,New,1609.99,,,,,Seller 095,"Rose Hill, Kansas, United States",KS,3/25/2026
Apple iPhone 16 - 256 GB - Black (Unlocked)-Clean IMEI-Ships FAST!,iPhone 16,16,FALSE,256GB,256,Open Box,650,,,,,Seller 237,"White Plains, New York, United States",NY,
Apple iPhone 13 A2482 128GB CDMA/GSM Unlocked Smartphone - Used Poor,iPhone 13,13,FALSE,128GB,128,Used,190.89,,,1,,Seller 048,"Coppell, Texas, United States",TX,3/28/2026
New Open Box Apple iPhone 16 128GB Black Unlocked *Never Used* Battery cycle 0,iPhone 16,16,FALSE,128GB,128,Open Box,594.99,,,2,1,Seller 348,"Oakland Gardens, New York, United States",NY,3/28/2026
iphone 17 unlocked 256gb,iPhone 17,17,FALSE,256GB,256,New,1100,,,,,Seller 310,"Mount Pearl, Newfoundland And Labrador, Canada",INTL,
New Open Box Apple iPhone 17 256GB White Unlocked Never Used *Never Activated*,iPhone 17,17,FALSE,256GB,256,Open Box,779.99,,,3,,Seller 348,"Oakland Gardens, New York, United States",NY,
New Apple iPhone 17 256GB Blue (Verizon ONLY) Apple Warranty *Never Used*,iPhone 17,17,FALSE,256GB,256,Open Box,659.99,,,,,Seller 348,"Oakland Gardens, New York, United States",NY,3/29/2026
New Apple iPhone 17 Pro Max 256GB Silver Unlocked Direct From Apple *Sealed*,iPhone 17 Pro Max,17,TRUE,256GB,256,New,1439.99,,,2,2,Seller 348,"Oakland Gardens, New York, United States",NY,3/25/2026
New Sealed Apple iPhone 17 Pro Max 256GB Blue Unlocked Worldwide *Sealed*,iPhone 17 Pro Max,17,TRUE,256GB,256,New,1399.99,,,2,,Seller 348,"Oakland Gardens, New York, United States",NY,3/25/2026
New Sealed Apple iPhone 17 Pro Max 256GB Orange Factory Unlocked *Sealed*,iPhone 17 Pro Max,17,TRUE,256GB,256,New,1399.99,,,,,Seller 348,"Oakland Gardens, New York, United States",NY,
"Open Box Apple iPhone 16 128GB Teal Unlocked (100% Battery, Cycle 52) Flawless",iPhone 16,16,FALSE,128GB,128,Open Box,569.99,,,,,Seller 348,"Oakland Gardens, New York, United States",NY,
Apple iPhone 15 128GB Unlocked Excellent Condition - All Colors,iPhone 15,15,FALSE,128GB,128,Excellent - Refurbished,409.99,,,3,112,Seller 084,"Sanford, Florida, United States",FL,3/28/2026
Apple iPhone 13 - 128GB | 256GB - Unlocked AT&T T-Mobile Verizon Metro Cricket,iPhone 13,13,FALSE,128GB|256GB,128,Open Box,256.45,269.95,5,7,125,Seller 176,"Spartanburg SC, United States",INTL,3/28/2026
Apple iPhone 13 - 128GB | 256GB - Unlocked AT&T Verizon T-Mobile Cricket Metro,iPhone 13,13,FALSE,128GB|256GB,128,Very Good - Refurbished,275.45,289.95,5,,118,Seller 176,"Spartanburg SC, United States",INTL,3/20/2026
Apple iPhone 14 | 14 Plus 128GB | 256GB | 512GB - Unlocked AT&T Verizon T-Mobile,iPhone 14,14,FALSE,128GB|256GB|512GB,128,Open Box,280.2,294.95,5,,50,Seller 176,"Spartanburg SC, United States",INTL,3/25/2026
APL IPhone 14 128G BLK KIT,iPhone 14,14,FALSE,,,Open Box,675,,,,,Seller 376,"Greenbelt, Maryland, United States",MD,12/20/2025
Apple iPhone 12 | 12 mini 64GB | 128GB | 256GB - Unlocked AT&T Verizon T-Mobile,iPhone 12,12,FALSE,64GB|128GB|256GB,64,Open Box,142.45,149.95,5,5,193,Seller 176,"Spartanburg SC, United States",INTL,3/29/2026
Apple iPhone 12 | 12 mini - 64GB 128GB 256GB - Unlocked AT&T T-Mobile Verizon,iPhone 12,12,FALSE,64GB|128GB|256GB,64,Very Good - Refurbished,156.7,164.95,5,,1073,Seller 176,"Spartanburg SC, United States",INTL,3/29/2026
Apple iPhone 14 Midnight 128GB Unlocked - Very Good Cond. w/ Bad Front Camera,iPhone 14,14,FALSE,128GB,128,For Parts Or Not Working,430.99,,,,,Seller 084,"Sanford, Florida, United States",FL,1/15/2026
Apple iPhone 16 128GB Black Unlocked - NEW & SEALED,iPhone 16,16,FALSE,128GB,128,New,649.99,,,4,34,Seller 084,"Sanford, FL, United States",FL,3/25/2026
Apple iPhone 16 - Unlocked - Ultramarine - 128GB - Excellent,iPhone 16,16,FALSE,128GB,128,Excellent - Refurbished,569,,,,6,Seller 028,"Chandler, Arizona, United States",AZ,3/27/2026
iPhone 12 Green 128GB A2172 MGFE3LL/A UNLOCKED fair condition fast shipping!,iPhone 12,12,FALSE,128GB,128,Used,269,,,,,Seller 613,"Miami, Florida, United States",FL,5/25/2025
Apple iPhone 16 128GB Unlocked Excellent Condition - All Colors,iPhone 16,16,FALSE,128GB,128,Excellent - Refurbished,569.99,,,2,48,Seller 084,"Sanford, Florida, United States",FL,3/29/2026
Apple iPhone 16 128GB Unlocked Very Good Condition - All Colors,iPhone 16,16,FALSE,128GB,128,Very Good - Refurbished,549.99,,,,33,Seller 084,"Sanford, Florida, United States",FL,3/28/2026
EC. Apple iPhone 14 Pro Max - 1Tb - White - Factory & Telco unlocked (pre-owned),iPhone 14 Pro Max,14,TRUE,1024GB,1024,Used,1750,,,,,Seller 661,"Werribee, VIC, Australia",INTL,3/27/2026
Apple iPhone 12 | 12 mini - 64GB 128GB 256GB - Unlocked AT&T T-Mobile Verizon,iPhone 12,12,FALSE,64GB|128GB|256GB,64,Good - Refurbished,142.45,149.95,5,5,203,Seller 176,"Spartanburg SC, United States",INTL,3/28/2026
Apple iPhone 14 | 14 Plus - 128GB 256GB 512GB - Unlocked Verizon T-Mobile AT&T,iPhone 14,14,FALSE,128GB|256GB|512GB,128,Good - Refurbished,289.7,304.95,5,,38,Seller 176,"Spartanburg SC, United States",INTL,3/25/2026
Apple iPhone 14 | 14 Plus - 128GB 256GB 512GB - Unlocked Verizon T-Mobile AT&T,iPhone 14,14,FALSE,128GB|256GB|512GB,128,Used,242.2,254.95,5,,18,Seller 176,"Spartanburg SC, United States",INTL,3/25/2026
Apple iPhone 13 Unlocked | AT&T | T-Mobile Verizon 256 GB/ 512 GB Good Condition,iPhone 13,13,FALSE,256GB|512GB,256,Used,315.97,,,,3,Seller 033,"Pompano Beach, Florida, United States",FL,1/29/2026
Apple iPhone 16 - Unlocked - Black - 128GB - Very Good,iPhone 16,16,FALSE,128GB,128,Very Good - Refurbished,557,,,,,Seller 028,"Chandler, AZ, United States",AZ,3/27/2026
Apple iPhone 12 Pro Max 256GB,iPhone 12 Pro Max,12,TRUE,256GB,256,Used,370,,,,,Seller 271,"Escondido, California, United States",CA,3/13/2026
Apple iPhone 14 Pro Max 256GB Deep Purple Unlocked A2651 eSIM,iPhone 14 Pro Max,14,TRUE,256GB,256,Used,650,,,,,Seller 415,"New York, New York, United States",NY,10/3/2025
Apple iPhone 12 | 12 Pro | 12 Pro Max | 12 mini - Unlocked AT&T T-Mobile Verizon,iPhone 12,12,FALSE,,,Very Good - Refurbished,156.7,164.95,5,10,34,Seller 176,"Spartanburg SC, United States",INTL,3/29/2026
Apple iPhone 12 | 12 Pro | 12 Pro Max | 12 mini - Unlocked AT&T T-Mobile Verizon,iPhone 12,12,FALSE,,,Good - Refurbished,142.45,149.95,5,5,43,Seller 176,"Spartanburg SC, United States",INTL,3/28/2026
Apple iPhone 16 128GB Pink Unlocked - NEW & SEALED,iPhone 16,16,FALSE,128GB,128,New,669.99,,,3,1,Seller 084,"Sanford, FL, United States",FL,3/26/2026
Apple iPhone 12 128GB Factory Unlocked AT&T T-Mobile Verizon Excellent Condition,iPhone 12,12,FALSE,128GB,128,Used,206,,,,,Seller 563,"Ellenton, Florida, United States",FL,12/31/2025
Apple iPhone 16 - 128GB 256GB 512GB - All Colors - Good Condition,iPhone 16,16,FALSE,128GB|256GB|512GB,128,Good - Refurbished,459,,,,4,Seller 028,"Tempe, Arizona, United States",AZ,3/29/2026
Apple iPhone 13 mini A2481 - 128GB - Unlocked AT&T Verizon T-Mobile Metro,iPhone 13 Mini,13,FALSE,128GB,128,Good - Refurbished,213.7,224.95,5,3,26,Seller 176,"Spartanburg SC, United States",INTL,3/23/2026
Apple iPhone 13 mini A2481 - 128GB - Unlocked AT&T Cricket T-Mobile Verizon,iPhone 13 Mini,13,FALSE,128GB,128,Open Box,213.7,224.95,5,3,33,Seller 176,"Spartanburg SC, United States",INTL,3/28/2026
"Apple iPhone 17 6.3"" Physical SIM + eSIM A3520 Unlocked 256GB/512GB FedEx/UPS",iPhone 17,17,FALSE,256GB|512GB,256,New,1098,,,2,5,Seller 153,"Hong Kong, Hong Kong",INTL,3/5/2026
Apple iPhone 17 - Unlocked - 256GB - Mist Blue - Excellent,iPhone 17,17,FALSE,256GB,256,Excellent - Refurbished,789,,,4,3,Seller 028,"Tempe, Arizona, United States",AZ,3/27/2026
Apple iPhone 17 Pro Max 256GB (US Cellular Only) 100% Battery *Not Unlocked*,iPhone 17 Pro Max,17,TRUE,256GB,256,Open Box,1035,,,,,Seller 088,"Waterville, Maine, United States",ME,1/23/2026
Apple iPhone 16 (For US Cellular Only) 100% Battery *Not Unlocked*,iPhone 16,16,FALSE,,,Open Box,450,,,,,Seller 088,"Waterville, Maine, United States",ME,1/21/2026
"Apple iPhone 17 Pro Max 6.9"" Dual Physical SIM China A3527 Unlocked Free UPS",iPhone 17 Pro Max,17,TRUE,,,New,1878,,,2,2,Seller 153,"Hong Kong, Hong Kong",INTL,3/16/2026
"Apple iPhone 17 Pro Max 6.9"" Physical SIM + eSIM A3526 Unlocked FedEx/UPS",iPhone 17 Pro Max,17,TRUE,,,New,1738,,,,1,Seller 153,"Hong Kong, Hong Kong",INTL,3/25/2026
Apple iPhone 17 256GB Unlocked Excellent Condition - All Colors,iPhone 17,17,FALSE,256GB,256,Excellent - Refurbished,799.99,,,4,,Seller 084,"Sanford, Florida, United States",FL,3/29/2026
iPhone 17 Air 256GB Unlocked White Open Box New - 100% Battery,iPhone 17,17,FALSE,256GB,256,Open Box,925,,,,,Seller 088,"Waterville, Maine, United States",ME,1/28/2026
Apple iPhone 13 A2482 128GB - Fully Unlocked- MIDNIGHT,iPhone 13,13,FALSE,128GB,128,Used,259.99,,,,,Seller 520,"Saint Augustine, Florida, United States",FL,2/16/2026
Apple iPhone 17 Pro Max 256GB Unlocked Excellent Condition - All Colors,iPhone 17 Pro Max,17,TRUE,256GB,256,Excellent - Refurbished,1349.99,,,8,,Seller 084,"Sanford, Florida, United States",FL,3/29/2026
iPhone 17 Air 256GB Unlocked Sky Blue Open Box New - 100% Battery,iPhone 17,17,FALSE,256GB,256,Open Box,925,,,,,Seller 088,"Waterville, Maine, United States",ME,
Apple iPhone 17 Pro Max 256GB (T-Mobile Only) 100% Battery *Not Unlocked*,iPhone 17 Pro Max,17,TRUE,256GB,256,Open Box,1120,,,,,Seller 088,"Waterville, Maine, United States",ME,3/17/2026
iPhone 17 Air 256GB Unlocked Gold Open Box New - 100% Battery,iPhone 17,17,FALSE,256GB,256,Open Box,925,,,,,Seller 088,"Waterville, Maine, United States",ME,
Apple iPhone 17 256GB Lavender Unlocked - NEW & SEALED,iPhone 17,17,FALSE,256GB,256,New,919.99,,,,,Seller 084,"Sanford, FL, United States",FL,3/27/2026
Apple iPhone 17 Pro Max 1TB Deep Blue Unlocked - NEW & SEALED,iPhone 17 Pro Max,17,TRUE,1024GB,1024,New,2129.99,,,,1,Seller 084,"Sanford, FL, United States",FL,3/25/2026
Unlocked Apple iPhone 14 Plus 84% 128GB Lavender,iPhone 14 Plus,14,FALSE,128GB,128,Used,499,,,,,Seller 281,"Ottawa, Ontario, Canada",INTL,2/28/2026
Apple iPhone 17 Pro Max 256GB (US Cellular Only) 100% Battery *Not Unlocked*,iPhone 17 Pro Max,17,TRUE,256GB,256,Open Box,1000,,,,,Seller 088,"Waterville, Maine, United States",ME,
Apple iPhone 13 Midnight 128GB Unlocked - Excellent Condition - READ,iPhone 13,13,FALSE,128GB,128,Used,249.69,,,,,Seller 084,"Sanford, Florida, United States",FL,3/26/2026
Apple iPhone 17 Pro Max 256GB Cosmic Orange Unlocked - NEW & SEALED,iPhone 17 Pro Max,17,TRUE,256GB,256,New,1399.99,,,5,1,Seller 084,"Sanford, FL, United States",FL,3/29/2026
Apple iPhone 15 128/256/512GB Unlocked Excellent Condition,iPhone 15,15,FALSE,512GB,512,Excellent - Refurbished,449,,,3,11,Seller 091,"Rochester, New York, United States",NY,3/26/2026
Apple iPhone 12 Pro Max Gold 128GB Unlocked - Battery Issue/Heavy Burn-In,iPhone 12 Pro Max,12,TRUE,128GB,128,For Parts Or Not Working,387.59,,,,,Seller 084,"Sanford, Florida, United States",FL,
Apple iPhone 17 - Unlocked 512GB Black - Excellent,iPhone 17,17,FALSE,512GB,512,Excellent - Refurbished,929,,,4,,Seller 028,"Tempe, Arizona, United States",AZ,3/27/2026
Apple iPhone 12 Pro Max Pacific Blue 512GB Unlocked - Good w/ Severe Burn In,iPhone 12 Pro Max,12,TRUE,512GB,512,For Parts Or Not Working,326.39,,,,,Seller 084,"Sanford, Florida, United States",FL,
Apple iPhone 14 Plus Blue 256GB Unlocked - Very Good w/ Bezel Discoloration,iPhone 14 Plus,14,FALSE,256GB,256,Used,377.39,,,,,Seller 084,"Sanford, Florida, United States",FL,
Apple iPhone 14 Plus Midnight 128GB Unlocked - Fair Condition w/ Cracked Back,iPhone 14 Plus,14,FALSE,128GB,128,For Parts Or Not Working,275.39,,,,,Seller 084,"Sanford, Florida, United States",FL,
Apple iPhone 14 Pro Max Space Black 512GB Unlocked - Very Good w/ Bad Mics,iPhone 14 Pro Max,14,TRUE,512GB,512,For Parts Or Not Working,489.59,,,,,Seller 084,"Sanford, Florida, United States",FL,
Unlocked Apple iPhone 14 Pro Max 256GB Cracked Back/Charging Port READ,iPhone 14 Pro Max,14,TRUE,256GB,256,For Parts Or Not Working,399.99,,,,,Seller 181,"Donaldsonville, Louisiana, United States",LA,
Apple iPhone 12 [A2172] 128GB - Fully Unlocked - 100% Battery - Blue - Fair,iPhone 12,12,FALSE,128GB,128,Very Good - Refurbished,200.19,285.99,30,2,,Seller 205,"Mahwah, New Jersey, United States",NJ,3/26/2026
Apple iPhone 16 128GB Teal Unlocked - NEW & SEALED,iPhone 16,16,FALSE,128GB,128,New,699.99,,,,,Seller 084,"Sanford, FL, United States",FL,
Apple iPhone 12 Pro Max 5G 128GB Unlocked Blue EXCELLENT,iPhone 12 Pro Max,12,TRUE,128GB,128,Open Box,225,,,,,Seller 230,"North Miami Beach, Florida, United States",FL,3/25/2026
Apple iPhone 17 Pro Max 2TB Unlocked Very Good Condition - All Colors,iPhone 17 Pro Max,17,TRUE,2048GB,2048,Very Good - Refurbished,2349.99,,,1,,Seller 084,"Sanford, Florida, United States",FL,
Apple iPhone 13 - 512GB Red unlocked A2482 Read,iPhone 13,13,FALSE,512GB,512,Used,430,,,,,Seller 415,"New York, New York, United States",NY,
Apple iPhone 15 128GB Unlocked Very Good Condition - All Colors,iPhone 15,15,FALSE,128GB,128,Very Good - Refurbished,369.99,,,,60,Seller 084,"Sanford, Florida, United States",FL,3/27/2026
Apple iPhone 12 Pro Max 256GB Unlocked Very Good Condition - All Colors,iPhone 12 Pro Max,12,TRUE,256GB,256,Very Good - Refurbished,339.99,,,7,262,Seller 084,"Sanford, Florida, United States",FL,3/27/2026
Apple iPhone 12 Pro Max 256GB Unlocked Excellent Condition - All Colors,iPhone 12 Pro Max,12,TRUE,256GB,256,Excellent - Refurbished,409.99,,,,77,Seller 084,"Sanford, Florida, United States",FL,3/23/2026
Apple iPhone 12 - 64GB - Black Unlocked (CDMA + GSM) A2172 READ,iPhone 12,12,FALSE,64GB,64,Used,160,,,,,Seller 415,"New York, New York, United States",NY,3/25/2026
Apple iPhone 13 (5G) GSM/CDMA Factory Unlocked 512GB | 256GB | 128GB,iPhone 13,13,FALSE,128GB|256GB|512GB,128,Open Box,279.77,,,2,140,Seller 192,"Brooklyn, New York, United States",NY,3/26/2026
⚫Sealed Apple iPhone 12 Pro/12 Mini/13 Mini USA Fully Unlocked Phone 1-yr-wty,iPhone 12 Pro,12,TRUE,,,New,314.11,,,,7,Seller 559,"Brooklyn, New York, United States",NY,3/28/2026
New in Sealed Box Apple iPhone 13 Mini /12 Mini /12 Pro 64/128/256GB UNLOCKED US,iPhone 13 Mini,13,FALSE,256GB,256,New,314.11,,,,1,Seller 559,"Brooklyn, New York, United States",NY,3/28/2026
New Unlocked Apple iPhone 12 Mini/13 Mini/12 Pro/13 Pro Max All Memory& Color US,iPhone 12 Mini,12,FALSE,,,New,314.11,,,,2,Seller 559,"Brooklyn, New York, United States",NY,3/28/2026
Factory Sealed New Apple iPhone 13 Mini 256/128G Fully Unlocked for All Carrier,iPhone 13 Mini,13,FALSE,,,New,322.01,,,2,5,Seller 510,"Whippany, New Jersey, United States",NJ,3/28/2026
New Sealed Box Apple iPhone 13 MINI A2481 128/256GB Factory Unlocked Smartphone,iPhone 13 Mini,13,FALSE,256GB,256,New,321.88,,,2,17,Seller 559,"Brooklyn, New York, United States",NY,3/28/2026
"NUEVO Sellado Apple iPhone 13 MINI A2481 128GB 256GB 5.4"" GSM CDMA-",iPhone 13 Mini,13,FALSE,128GB|256GB,128,New,321.99,,,,,Seller 559,"Brooklyn, New York, Estados Unidos",NY,3/28/2026
New Apple iPhone 13 Mini 128GB 256GB A2481 Factory Unlocked for All Carriers USA,iPhone 13 Mini,13,FALSE,128GB|256GB,128,New,321.99,,,2,5,Seller 559,"Brooklyn, New York, United States",NY,3/28/2026
New Apple iPhone 13 Mini /12 Mini A2176 A2481 64GB/128GB/256GB Factory Unlocked,iPhone 13 Mini,13,FALSE,64GB|128GB|256GB,64,New,314.11,,,,5,Seller 265,"Whippany, New Jersey, United States",NJ,3/28/2026
Apple iPhone 12 64GB - Black - Fully Unlocked- Excellent Condition,iPhone 12,12,FALSE,64GB,64,Used,375.99,,,2,,Seller 451,"Pompano Beach, Florida, United States",FL,12/29/2025
iphone 13 unlocked perfect condition with tiktok,iPhone 13,13,FALSE,,,Used,5000,,,,,Seller 456,"Wichita, Kansas, United States",KS,
New Sealed Apple iPhone 13 MINI A2481 128GB/256GB Factory Unlocked Smartphone US,iPhone 13 Mini,13,FALSE,128GB|256GB,128,New,321.88,,,2,6,Seller 265,"Whippany, New Jersey, United States",NJ,3/28/2026
Apple iPhone 12 Pro Max- 256GB - Pacific Blue Unlocked (CDMA + GSM) (A2342) Read,iPhone 12 Pro Max,12,TRUE,256GB,256,Used,420,,,,,Seller 415,"New York, New York, United States",NY,10/3/2025
Apple iPhone 16 256GB Unlocked Very Good Condition - All Colors,iPhone 16,16,FALSE,256GB,256,Very Good - Refurbished,679.99,,,,5,Seller 084,"Sanford, Florida, United States",FL,3/28/2026
New Sealed Apple iPhone 12 Mini13 Mini iPhone 13 Unlocked GSM+CDMA ALL Carri,iPhone 12 Mini,12,FALSE,,,New,332.01,,,3,1,Seller 510,"Whippany, New Jersey, United States",NJ,3/28/2026
New Sealed Apple iPhone 13 128GB/256GB/512GB FACTORY UNLOCKED GSM CDMA ✅2-YR-WAR,iPhone 13,13,FALSE,128GB|256GB|512GB,128,New,432.13,,,,46,Seller 559,"Brooklyn, New York, United States",NY,3/28/2026
New in Sealed Box Apple iPhone 13 128/256/512GB FACTORY UNLOCKED 2 YR WARNTY USA,iPhone 13,13,FALSE,512GB,512,New,432.13,,,,19,Seller 265,"Whippany, New Jersey, United States",NJ,3/28/2026
Apple iPhone 13/13 Mini/12 Mini/13 Pro Max 64/128/256GB Unlocked RE-SEALED A+,iPhone 13,13,FALSE,256GB,256,Open Box,294.98,,,,3,Seller 559,"Brooklyn, New York, United States",NY,3/29/2026
Apple iPhone 14 PRO MAX A2651 Factory Unlocked 1TB GSM CDMA Phone Used Great B+,iPhone 14 Pro Max,14,TRUE,1024GB,1024,Used,661.99,,,2,1,Seller 058,"Granada Hills, California, United States",CA,12/29/2025
Apple iPhone 14 PRO MAX Factory Unlocked 128GB GSM CDMA A Condition New OPN Box,iPhone 14 Pro Max,14,TRUE,128GB,128,Open Box,748.99,,,1,,Seller 058,"Granada Hills, California, United States",CA,12/16/2025
Apple iPhone 14 PRO MAX Factory Unlocked 256GB GSM CDMA All colors OPEN Box,iPhone 14 Pro Max,14,TRUE,256GB,256,Open Box,779.99,,,1,,Seller 058,"Granada Hills, California, United States",CA,12/16/2025
Apple iPhone 16 128GB A3081 Teal Black Ultramarine Factory Unlocked New Open Box,iPhone 16,16,FALSE,128GB,128,Open Box,749.99,,,,1,Seller 058,"Granada Hills, California, United States",CA,12/27/2025
Apple iPhone 14 PRO MAX A2651 Factory Unlocked 128GB GSM CDMA Phone Open Box,iPhone 14 Pro Max,14,TRUE,128GB,128,Open Box,748.99,,,,1,Seller 058,"Granada Hills, California, United States",CA,12/16/2025
"iPhone 12 64 GB, Green, Unlocked, Used, Very Good Condition. Make an offer.",iPhone 12,12,FALSE,64GB,64,Used,240,,,,,Seller 539,"Astoria, New York, United States",NY,5/17/2025
New Apple iPhone 13/12 Mini/13 Mini /SE 3rd (2022) Factory Unlocked All Carrier,iPhone 13,13,FALSE,,,New,314.11,,,,5,Seller 265,"Whippany, New Jersey, United States",NJ,3/28/2026
New Sealed Apple iPhone 13 MINI 5G A2481 128GB 256GB Factory Unlocked Smartphone,iPhone 13 Mini,13,FALSE,128GB|256GB,128,New,321.99,,,2,3,Seller 265,"Whippany, New Jersey, United States",NJ,3/28/2026
New Sealed Apple iPhone 12 Mini/13 Mini/SE (2022)/13 Pro Max Factory Unlocked,iPhone 12 Mini,12,FALSE,,,New,314.11,,,,2,Seller 559,"Brooklyn, New York, United States",NY,3/28/2026
New in Sealed Apple iPhone 13 MINI A2481 128GB 256GB Factory Unlocked Smartphone,iPhone 13 Mini,13,FALSE,128GB|256GB,128,New,321.99,,,2,1,Seller 559,"Brooklyn, New York, United States",NY,3/28/2026
New Apple iPhone 14 Pro Max 5G 128GB/256GB/512GB Unlocked All Carrier Sealed Box,iPhone 14 Pro Max,14,TRUE,128GB|256GB|512GB,128,New,675.95,,,2,1,Seller 265,"Whippany, New Jersey, United States",NJ,3/28/2026
Apple iPhone 13 128/256/512GB FACTORY UNLOCKED 2 YRS WARNTY RE-SEALED BOX A++ US,iPhone 13,13,FALSE,512GB,512,Open Box,429.97,,,,3,Seller 265,"Whippany, New Jersey, United States",NJ,3/17/2026
NEW SEALED APPLE IPHONE 14 PRO MAX 128GB 256G 512 1TB FACTORY UNLOCKED FAST SHIP,iPhone 14 Pro Max,14,TRUE,128GB|1024GB,128,New,745.12,,,2,2,Seller 510,"Whippany, New Jersey, United States",NJ,3/28/2026
Apple iPhone 16 - Unlocked - Black - 256GB - Good,iPhone 16,16,FALSE,256GB,256,Good - Refurbished,579,,,2,,Seller 028,"Chandler, Arizona, United States",AZ,3/27/2026
"New Sealed Apple iPhone 13 Mini 5G - 128/256/512GB, Unlocked, 2-Year Warranty US",iPhone 13 Mini,13,FALSE,512GB,512,New,321.88,,,2,11,Seller 265,"Whippany, New Jersey, United States",NJ,3/28/2026
NEW IN SEALED APPLE IPHONE 14 128G/256/512 FACTORY UNLOCKED T-MOBILE ATT VERIZON,iPhone 14,14,FALSE,,,New,389.99,,,5,1,Seller 510,"Whippany, New Jersey, United States",NJ,3/28/2026
Factory New Sealed Apple iPhone 14 5G 128GB/256GB Unlocked 2-Yr Warranty US SHIP,iPhone 14,14,FALSE,128GB|256GB,128,New,389.01,,,2,1,Seller 265,"Whippany, New Jersey, United States",NJ,3/28/2026
Apple iPhone 14 PRO MAX A2651 Purple Factory Unlocked 1TB GSM CDMA Phone Refurb,iPhone 14 Pro Max,14,TRUE,1024GB,1024,Excellent - Refurbished,675.99,,,1,,Seller 058,"Granada Hills, California, United States",CA,12/29/2025
New Apple iPhone 14/14 Pro Max/13/13MINI/12MINI/SE Factory Unlocked GSM CDMA LOT,iPhone 14,14,FALSE,,,New,314.11,,,,1,Seller 559,"Brooklyn, New York, United States",NY,3/28/2026
"NEW APPLE IPHONE 14 PRO MAX 6.7"" 512G/256/128G FACTORY UNLOCKED 2 YEAR WARRANT",iPhone 14 Pro Max,14,TRUE,,,New,745.12,,,2,2,Seller 510,"Whippany, New Jersey, United States",NJ,3/28/2026
New Apple iPhone 14/14 Pro Max /13 /13MINI /13 pro max /12 MINI Factory Unlocked,iPhone 14,14,FALSE,,,New,332.01,,,3,3,Seller 510,"Whippany, New Jersey, United States",NJ,3/28/2026
FACTORY NEW SEALED APPLE IPHONE 14 5G 128G/256/512GB UNLOCKED GSM+CDMA ALL COLOR,iPhone 14,14,FALSE,512GB,512,New,389.01,,,2,6,Seller 559,"Brooklyn, New York, United States",NY,3/28/2026
Apple iPhone 12 - 128 GB - Blue (All Carriers) Fair Refurbished,iPhone 12,12,FALSE,128GB,128,Good - Refurbished,183.99,879.99,79.09,5,5,Seller 108,"Long Island City, New York, United States",NY,3/27/2026
Apple iPhone 12 Pro Max 256GB Pacific Blue Unlocked (A2342),iPhone 12 Pro Max,12,TRUE,256GB,256,Used,420,,,,,Seller 415,"New York, New York, United States",NY,
Apple iPhone 16 - 128GB 256GB 512GB - All Colors - Excellent Condition,iPhone 16,16,FALSE,128GB|256GB|512GB,128,Excellent - Refurbished,525,,,,13,Seller 028,"Tempe, Arizona, United States",AZ,3/27/2026
Apple iPhone 16 - 128GB 256GB 512GB - All Colors - Very Good Condition,iPhone 16,16,FALSE,128GB|256GB|512GB,128,Very Good - Refurbished,490,,,,3,Seller 028,"Tempe, Arizona, United States",AZ,3/28/2026
Apple iPhone 14 PRO MAX Factory Unlocked 128GB GSM CDMA A Condition Excellent,iPhone 14 Pro Max,14,TRUE,128GB,128,Excellent - Refurbished,748.99,,,1,,Seller 058,"Granada Hills, California, United States",CA,12/23/2025
iPhone 15 128GB 256GB 512GB Verizon AT&T T-Mobile Unlocked (Excellent),iPhone 15,15,FALSE,128GB|256GB|512GB,128,Excellent - Refurbished,400.49,,,10,32,Seller 203,"Los Angeles, California, United States",CA,3/29/2026
iPhone 15 Pro 128GB 256GB 512GB 1TB Verizon AT&T T-Mobile Unlocked (Excellent),iPhone 15 Pro,15,TRUE,128GB|256GB|512GB|1024GB,128,Excellent - Refurbished,570.59,,,3,34,Seller 203,"Los Angeles, California, United States",CA,3/29/2026
iPhone 16 128GB 256GB 512GB Verizon AT&T T-Mobile Unlocked (Excellent),iPhone 16,16,FALSE,128GB|256GB|512GB,128,Excellent - Refurbished,530.99,,,10,1,Seller 203,"Los Angeles, California, United States",CA,3/29/2026
iPhone 15 128GB 256GB 512GB Verizon AT&T T-Mobile Unlocked (Very Good),iPhone 15,15,FALSE,128GB|256GB|512GB,128,Very Good - Refurbished,390.59,,,10,4,Seller 203,"Los Angeles, California, United States",CA,3/29/2026
Apple iPhone 13 MINI 512GB-128GB FACTORY UNLOCKED GSM CDMA【NEW US 2yr warranty】,iPhone 13 Mini,13,FALSE,128GB|512GB,128,New,322.01,,,2,,Seller 510,"Los Angeles, California, United States",CA,3/28/2026
Apple iPhone 17 - Unlocked 256GB Black - New,iPhone 17,17,FALSE,256GB,256,New,837,,,2,6,Seller 028,"Tempe, Arizona, United States",AZ,3/27/2026
Apple iPhone 17 - Unlocked 256GB White - Excellent,iPhone 17,17,FALSE,256GB,256,Excellent - Refurbished,789,,,4,3,Seller 028,"Tempe, Arizona, United States",AZ,3/27/2026
Factory New Sealed Apple iPhone 13 MINI A2481 128GB 256GB Unlocked US SHIPPING,iPhone 13 Mini,13,FALSE,128GB|256GB,128,New,321.88,,,2,14,Seller 265,"Whippany, New Jersey, United States",NJ,3/28/2026
Apple iPhone 13 128GB A2631 Factory Unlocked GSM CDMA All Color New Open Box,iPhone 13,13,FALSE,128GB,128,Open Box,318.99,,,,6,Seller 058,"Granada Hills, California, United States",CA,3/12/2026
Apple iPhone 17 Pro Max | US Version | 512GB | eSIM | Deep Blue | Unlocked,iPhone 17 Pro Max,17,TRUE,512GB,512,New,1749,1999,12.51,2,10,Seller 067,"North Brunswick, New Jersey, United States",NJ,3/28/2026
Apple iPhone 17 Pro Max | US Version | 512GB | eSIM | Cosmic Orange | Unlocked,iPhone 17 Pro Max,17,TRUE,512GB,512,New,1749,1999,12.51,,15,Seller 067,"North Brunswick, New Jersey, United States",NJ,3/26/2026
Apple iPhone 17 Pro Max | US Version | 256GB | eSIM | Deep Blue | Unlocked,iPhone 17 Pro Max,17,TRUE,256GB,256,New,1499,1599,6.25,9,14,Seller 067,"North Brunswick, New Jersey, United States",NJ,3/29/2026
New Sealed Apple iPhone 13 Mini 5G 128G/256GB/512GB Factory Unlocked GSM CDMA US,iPhone 13 Mini,13,FALSE,256GB|512GB,256,New,321.88,,,2,5,Seller 559,"Brooklyn, New York, United States",NY,3/28/2026
Apple iPhone 14+ Plus Factory Unlocked 128GB A2632 Open Box GSM CDMA,iPhone 14,14,FALSE,128GB,128,Open Box,389.99,,,,1,Seller 058,"Granada Hills, California, United States",CA,2/14/2026
Apple iPhone 17 - Unlocked 256GB Black - Excellent,iPhone 17,17,FALSE,256GB,256,Excellent - Refurbished,789,,,10,3,Seller 028,"Tempe, Arizona, United States",AZ,3/27/2026
"Apple iPhone 17 Pro Max 6.9"" Dual Physical SIM A3527 Unlocked FedEx/UPS",iPhone 17 Pro Max,17,TRUE,,,New,1878,,,2,3,Seller 153,"Hong Kong, Hong Kong",INTL,3/16/2026
"Apple iPhone 17 Pro Max 6.9"" Physical SIM + eSIM A3526 Unlocked Free UPS",iPhone 17 Pro Max,17,TRUE,,,New,1738,,,,9,Seller 153,"Hong Kong, Hong Kong",INTL,3/25/2026
New Apple iPhone 16 - 128GB - Black (Unlocked) - Open Box,iPhone 16,16,FALSE,128GB,128,Open Box,599,,,,,Seller 587,"Willard, Missouri, United States",MO,
"Apple iPhone 14 Pro Max 256gb Carrier Unlocked Black, 85% Battery",iPhone 14 Pro Max,14,TRUE,256GB,256,Used,380,,,,,Seller 282,"Upper Marlboro, Maryland, United States",MD,3/3/2026
Apple iPhone 17 - Unlocked 256GB Lavender - Excellent,iPhone 17,17,FALSE,256GB,256,Excellent - Refurbished,789,,,3,,Seller 028,"Tempe, Arizona, United States",AZ,3/27/2026
"Apple iPhone 17 6.3"" Physical SIM + eSIM A3520 Unlocked 256GB/512GB UPS",iPhone 17,17,FALSE,256GB|512GB,256,New,1098,,,,1,Seller 153,"Hong Kong, Hong Kong",INTL,3/5/2026
Apple iPhone 14 A2649 (Fully Unlocked) 128GB Purple (Excellent),iPhone 14,14,FALSE,128GB,128,Excellent - Refurbished,322.99,,,10,3,Seller 203,"Los Angeles, CA, United States",CA,3/29/2026
Apple iPhone 15 A2846 (Unlocked) 128GB Black (Very Good),iPhone 15,15,FALSE,128GB,128,Very Good - Refurbished,400.49,,,10,64,Seller 203,"Los Angeles, California, United States",CA,3/28/2026
Apple iPhone 15 A2846 Fully Unlocked 128GB Black (Excellent),iPhone 15,15,FALSE,128GB,128,Excellent - Refurbished,411.29,,,,51,Seller 203,"Los Angeles, California, United States",CA,3/25/2026
Apple iPhone 15 A2846 (Unlocked) 128GB Black (Good),iPhone 15,15,FALSE,128GB,128,Good - Refurbished,390.59,,,10,28,Seller 203,"Los Angeles, California, United States",CA,3/27/2026
Apple iPhone 15 A2846 (Fully Unlocked) 128GB Blue (Very Good),iPhone 15,15,FALSE,128GB,128,Very Good - Refurbished,400.49,,,10,48,Seller 203,"Los Angeles, California, United States",CA,3/29/2026
Apple iPhone 15 Plus A2847 (Unlocked) 128GB Black (Good),iPhone 15 Plus,15,FALSE,128GB,128,Good - Refurbished,421.19,,,10,79,Seller 203,"Los Angeles, California, United States",CA,3/27/2026
Apple iPhone 14 128GB Midnight – Factory Unlocked – 84% Battery,iPhone 14,14,FALSE,128GB,128,Open Box,289.99,,,,,Seller 040,"Santa Teresa, New Mexico, United States",NM,3/25/2026
FACTORY NEW APPLE IPHONE 14 PRO MAX 5G 128G 256G 512GB UNLOCKED GSM CDMA US SHIP,iPhone 14 Pro Max,14,TRUE,512GB,512,New,675.95,,,2,1,Seller 559,"Brooklyn, New York, United States",NY,3/28/2026
New Sealed Apple iPhone 13 Mini Factory Unlocked 128GB/256GB ALL Carrier 2Yr Wty,iPhone 13 Mini,13,FALSE,128GB|256GB,128,New,321.88,,,2,2,Seller 559,"Whippany, New Jersey, United States",NJ,3/28/2026
NEW APPLE IPHONE 14 PRO MAX 128/256/512G/1TFACTORY UNLOCKED GSM CDMA All Carrier,iPhone 14 Pro Max,14,TRUE,,,New,745.12,,,2,,Seller 510,"Los Angeles, California, United States",CA,3/28/2026
New Sealed Apple iPhone 13 128/256/512GB FACTORY UNLOCKED ALL COLOR 2 YRS WARNTY,iPhone 13,13,FALSE,512GB,512,New,432.13,,,1,,Seller 265,"Whippany, New Jersey, United States",NJ,3/28/2026
New in Sealed Box Apple iPhone 14 PRO MAX A2651 512G 1TB Unlocked Smartphone USA,iPhone 14 Pro Max,14,TRUE,1024GB,1024,New,675.95,,,2,3,Seller 265,"Whippany, New Jersey, United States",NJ,3/28/2026
New Apple iPhone 13 A2482 128GB Factory Unlocked All Mobile Carriers All Colors,iPhone 13,13,FALSE,128GB,128,New,432.13,,,1,,Seller 265,"Whippany, New Jersey, United States",NJ,3/28/2026
New Sealed Apple iPhone 13 5G A2482 128GB Factory Unlocked All Carriers US SHIP,iPhone 13,13,FALSE,128GB,128,New,432.13,,,,1,Seller 559,"Whippany, New Jersey, United States",NJ,3/28/2026
New Apple iPhone 13 A2482 128GB 256GB Factory Unlocked All Carriers All Colors,iPhone 13,13,FALSE,128GB|256GB,128,New,432.13,,,1,,Seller 559,"Whippany, New Jersey, United States",NJ,3/28/2026
Factory New Sealed Apple iPhone 13 A2482 128GB 256GB 5G Unlocked US FREE SHIP!,iPhone 13,13,FALSE,128GB|256GB,128,New,432.13,,,,1,Seller 265,"Whippany, New Jersey, United States",NJ,3/28/2026
"✅New Sealed Apple iPhone 13 MINI 5G A2481 128/256/512GB 5.4"" Unlocked ALL COLORS",iPhone 13 Mini,13,FALSE,512GB,512,New,321.88,,,2,3,Seller 265,"Brooklyn, New York, United States",NY,3/28/2026
New Apple iPhone 13 MINI A2481 128/256GB Factory Unlocked All Carrier &Color LOT,iPhone 13 Mini,13,FALSE,256GB,256,New,321.88,,,2,,Seller 559,"Brooklyn, New York, United States",NY,3/28/2026
New Sealed Apple iPhone 13 Mini 5G 128GB/256GB Factory Unlocked 2Yr Wty US STOCK,iPhone 13 Mini,13,FALSE,128GB|256GB,128,New,321.88,,,2,1,Seller 559,"Whippany, New Jersey, United States",NJ,3/28/2026
New in Sealed Box Apple iPhone 13 MINI A2481 128/256GB USA Unlocked Smartphone,iPhone 13 Mini,13,FALSE,256GB,256,New,321.99,,,2,,Seller 559,"Brooklyn, New York, United States",NY,3/28/2026
"Apple iPhone 14 Blue, 128GB, Unlocked, Battery Health 85%",iPhone 14,14,FALSE,128GB,128,Used,290,,,,,Seller 608,"Naples, Florida, United States",FL,2/26/2026
Apple iPhone 12 Factory Unlocked 128GB A2172 GSM 1 Year Ext Warranty OPEN Box,iPhone 12,12,FALSE,128GB,128,Open Box,254.99,,,1,,Seller 058,"Granada Hills, California, United States",CA,2/25/2026
Apple iPhone 17 Pro Max 1TB Unlocked Very Good Condition - All Colors,iPhone 17 Pro Max,17,TRUE,1024GB,1024,Very Good - Refurbished,1679.99,,,,1,Seller 084,"Sanford, Florida, United States",FL,3/27/2026
Apple iPhone 17 Pro Max 256GB Silver Unlocked - NEW & SEALED,iPhone 17 Pro Max,17,TRUE,256GB,256,New,1449.99,,,6,3,Seller 084,"Sanford, FL, United States",FL,3/25/2026
Apple iPhone 17 Pro Max 512GB Silver Unlocked - NEW & SEALED,iPhone 17 Pro Max,17,TRUE,512GB,512,New,1649.99,,,,2,Seller 084,"Sanford, FL, United States",FL,3/27/2026
Apple iPhone 17 Pro Max 512GB Unlocked Very Good Condition - All Colors,iPhone 17 Pro Max,17,TRUE,512GB,512,Very Good - Refurbished,1329.99,,,5,,Seller 084,"Sanford, Florida, United States",FL,3/27/2026
Apple iPhone 17 256GB White Unlocked - NEW & SEALED,iPhone 17,17,FALSE,256GB,256,New,1039.99,,,,,Seller 084,"Sanford, FL, United States",FL,3/24/2026
Apple iPhone 17 Pro Max 1TB Silver Unlocked - NEW & SEALED,iPhone 17 Pro Max,17,TRUE,1024GB,1024,New,1849.99,,,,2,Seller 084,"Sanford, FL, United States",FL,3/27/2026
Apple iPhone 12 Factory Unlocked 64GB A2172 red color,iPhone 12,12,FALSE,64GB,64,Very Good - Refurbished,208.99,,,2,,Seller 058,"Granada Hills, California, United States",CA,
Brand New Apple iPhone 13 MINI 128GB/256GB A2481 Factory Unlocked Smartphone USA,iPhone 13 Mini,13,FALSE,128GB|256GB,128,New,321.99,,,2,,Seller 559,"Brooklyn, New York, United States",NY,3/28/2026
New Apple iPhone 13 MINI 5G A2481 128GB/256GB Factory Unlocked Sealed in Box US,iPhone 13 Mini,13,FALSE,128GB|256GB,128,New,321.99,,,2,,Seller 559,"Brooklyn, New York, United States",NY,3/28/2026
New in Sealed Apple iPhone 13 MINI A2481 128GB/256GB Factory Unlocked Smartphone,iPhone 13 Mini,13,FALSE,128GB|256GB,128,New,321.88,,,2,,Seller 559,"Whippany, New Jersey, United States",NJ,3/28/2026
New in Sealed Box Apple iPhone 13 MINI A2481 128/256GB USA Unlocked Smartphone,iPhone 13 Mini,13,FALSE,256GB,256,New,321.88,,,2,,Seller 265,"Whippany, New Jersey, United States",NJ,3/28/2026
New Apple iPhone 13 MINI 128GB 256GB Factory Unlocked Smartphone in Sealed Box,iPhone 13 Mini,13,FALSE,128GB|256GB,128,New,321.88,,,2,,Seller 265,"Whippany, New Jersey, United States",NJ,3/28/2026
New in Sealed Apple iPhone 13 MINI 5G 128GB/256GB Factory Unlocked Smartphone US,iPhone 13 Mini,13,FALSE,128GB|256GB,128,New,321.88,,,2,,Seller 559,"Whippany, New Jersey, United States",NJ,3/28/2026
Apple iPhone 17 Pro Max 256GB Unlocked Very Good Condition - All Colors,iPhone 17 Pro Max,17,TRUE,256GB,256,Very Good - Refurbished,1249.99,,,2,1,Seller 084,"Sanford, Florida, United States",FL,3/27/2026
Apple iPhone 16 e White Smartphone with Box and Accessories,iPhone 16,16,FALSE,,,New,540,,,,,Seller 486,"Daleville, Alabama, United States",AL,
New Sealed Box Apple iPhone 13 MINI 128/256GB Factory Unlocked GSM+CDMA USA SHIP,iPhone 13 Mini,13,FALSE,256GB,256,New,321.88,,,2,2,Seller 559,"Whippany, New Jersey, United States",NJ,3/28/2026
New Sealed Box Apple iPhone 13 MINI 128GB 256GB Factory Unlocked 2 YEAR WARRANTY,iPhone 13 Mini,13,FALSE,128GB|256GB,128,New,321.88,,,2,1,Seller 265,"Whippany, New Jersey, United States",NJ,3/28/2026
New Sealed Apple iPhone 13 MINI A2481 128/256GB USA Factory Unlocked Smartphone,iPhone 13 Mini,13,FALSE,256GB,256,New,321.99,,,2,,Seller 265,"Whippany, New Jersey, United States",NJ,3/28/2026
"Apple iPhone 17e 6.1"" Physical SIM + eSIM A3634 Unlocked 256GB/512GB FedEx/UPS",iPhone 17,17,FALSE,256GB|512GB,256,New,838,,,2,,Seller 153,"Hong Kong, Hong Kong",INTL,3/12/2026
New Sealed Apple iPhone 13 MINI A2481 128GB 256GB FACTORY Unlocked Smartphone US,iPhone 13 Mini,13,FALSE,128GB|256GB,128,New,321.99,,,2,,Seller 265,"Whippany, New Jersey, United States",NJ,3/28/2026
Apple iPhone 12 Unlocked MGFX3LL/A 6.1 Inch 128GB - 78% Battery Health,iPhone 12,12,FALSE,128GB,128,Used,200,,,,,Seller 049,"Tampa, Florida, United States",FL,
NEW APPLE IPHONE 14 PRO MAX 128GB 256GB FACTORY UNLOCKED ALL COLORS US FREE SHIP,iPhone 14 Pro Max,14,TRUE,128GB|256GB,128,New,675.95,,,2,,Seller 265,"Whippany, New Jersey, United States",NJ,3/28/2026
New in Sealed Apple iPhone 13 MINI A2481 128/256GB Factory Unlocked Smartphone,iPhone 13 Mini,13,FALSE,256GB,256,New,321.88,,,2,,Seller 265,"Whippany, New Jersey, United States",NJ,3/28/2026
Apple iPhone 12 Black 64GB Unlocked - Cracked Screen w/ Chipping,iPhone 12,12,FALSE,64GB,64,For Parts Or Not Working,142.79,,,,,Seller 084,"Sanford, Florida, United States",FL,
Apple iPhone 12 128GB Factory Unlocked Black Clean IMEI iOS 26 Ready to Use Blue,iPhone 12,12,FALSE,128GB,128,Used,219.99,,,,,Seller 075,"Scarsdale, New York, United States",NY,3/26/2026
NEW SEALED APPLE IPHONE 14 5G 128G/256GB/512GB FACTORY UNLOCKED GSM+CDMA US SHIP,iPhone 14,14,FALSE,256GB|512GB,256,New,389.01,,,2,,Seller 265,"Whippany, New Jersey, United States",NJ,3/28/2026
NEW SEALED APPLE IPHONE 14 5G 128GB 256GB 512GB FACTORY UNLOCKED ALL CARRIER US,iPhone 14,14,FALSE,128GB|256GB|512GB,128,New,389.01,,,2,,Seller 559,"Brooklyn, New York, United States",NY,3/28/2026
NEW SEALED APPLE IPHONE 14 128GB 256GB/512GB FACTORY UNLOCKED GSM+CDMA 6.1 in US,iPhone 14,14,FALSE,128GB|256GB|512GB,128,New,389.01,,,2,,Seller 559,"Brooklyn, New York, United States",NY,3/28/2026
Apple iPhone 14 Plus 14+ Factory Unlocked 128GB A2885 sim card phone Open Box,iPhone 14 Plus,14,FALSE,128GB,128,Open Box,395.99,,,1,,Seller 058,"Granada Hills, California, United States",CA,
Apple iPhone 15 128GB Unlocked Very Good Refurbished,iPhone 15,15,FALSE,128GB,128,Very Good - Refurbished,354.99,,,10,,Seller 108,"Long Island City, New York, United States",NY,3/28/2026
NEW SEALED APPLE IPHONE 14 PRO MAX 5G 128GB 256GB 512GB FACTORY UNLOCKED US SHIP,iPhone 14 Pro Max,14,TRUE,128GB|256GB|512GB,128,New,675.95,,,2,,Seller 265,"Whippany, New Jersey, United States",NJ,3/28/2026
Factory New Apple iPhone 13 MINI A2481 128GB 256GB Unlocked Sealed Smartphone US,iPhone 13 Mini,13,FALSE,128GB|256GB,128,New,321.99,,,2,,Seller 265,"Brooklyn, New York, United States",NY,3/28/2026
Apple iPhone 15 256GB (Unlocked) Very Good Condition,iPhone 15,15,FALSE,256GB,256,Very Good - Refurbished,403.99,,,2,,Seller 108,"Long Island City, New York, United States",NY,3/29/2026
Apple iPhone 17 Black 256GB MG494LL/A iOS 26.1 Wi-Fi Bluetooth NFC Smartphone,iPhone 17,17,FALSE,256GB,256,New,450,,,,,Seller 632,"Birmingham, Alabama, United States",AL,3/27/2026
New & Sealed Apple iPhone 14 pro max 128GB/256GB 5G Factory UNlocked (GSM+CDMA),iPhone 14 Pro Max,14,TRUE,128GB|256GB,128,New,675.95,,,2,,Seller 265,"Brooklyn, New York, United States",NY,3/28/2026
NEW SEALED APPLE IPHONE 14 PRO MAX 128/256/512GB UNLOCKED GSM+CDMA 2 YR WARRANTY,iPhone 14 Pro Max,14,TRUE,512GB,512,New,675.95,,,2,,Seller 559,"Brooklyn, New York, United States",NY,
Apple iPhone 15 128GB Black 6.1 inch A16 Bionic 5G eSIM A2846 US Model,iPhone 15,15,FALSE,128GB,128,Open Box,469,,,,,Seller 086,"Grovetown, Georgia, United States",GA,3/28/2026
Apple iPhone 13 mini 256GB Factory Unlocked AT&T T-Mobile Verizon Good Condition,iPhone 13 Mini,13,FALSE,256GB,256,Good - Refurbished,246.95,799,69.09,2,454,Seller 165,"Lawrence, Kansas, United States",KS,3/28/2026
Apple iPhone 14 256GB Factory Unlocked AT&T T-Mobile Verizon Fair Condition,iPhone 14,14,FALSE,256GB,256,Used,249.95,899,72.2,9,1190,Seller 165,"Lawrence, Kansas, United States",KS,3/27/2026
Apple iPhone 12 Pro Max 256GB Unlocked Good Condition - All Colors,iPhone 12 Pro Max,12,TRUE,256GB,256,Good - Refurbished,319.99,,,4,234,Seller 084,"Sanford, Florida, United States",FL,3/27/2026
Apple iPhone 15 256GB Factory Unlocked AT&T T-Mobile Verizon Excellent Condition,iPhone 15,15,FALSE,256GB,256,Excellent - Refurbished,448.95,899,50.06,,946,Seller 165,"Lawrence, Kansas, United States",KS,3/29/2026
Apple iPhone 15 256GB Factory Unlocked AT&T T-Mobile Verizon Very Good Condition,iPhone 15,15,FALSE,256GB,256,Very Good - Refurbished,410.95,899,54.29,19,898,Seller 165,"Lawrence, Kansas, United States",KS,3/29/2026
Apple iPhone 15 128GB Factory Unlocked AT&T T-Mobile Verizon Very Good Condition,iPhone 15,15,FALSE,128GB,128,Very Good - Refurbished,376.95,799,52.82,63,2059,Seller 165,"Lawrence, Kansas, United States",KS,3/29/2026
Apple iPhone 15 128GB Factory Unlocked AT&T T-Mobile Verizon Good Condition,iPhone 15,15,FALSE,128GB,128,Good - Refurbished,362.95,799,54.57,3,326,Seller 165,"Lawrence, Kansas, United States",KS,3/29/2026
Apple iPhone 15 Pro 128GB Unlocked AT&T T-Mobile Verizon Excellent Condition,iPhone 15 Pro,15,TRUE,128GB,128,Excellent - Refurbished,488.95,999,51.06,,926,Seller 165,"Lawrence, Kansas, United States",KS,3/29/2026
Apple iPhone 15 Plus 128GB Unlocked AT&T T-Mobile Verizon Very Good Condition,iPhone 15 Plus,15,FALSE,128GB,128,Very Good - Refurbished,406.95,899,54.73,,1274,Seller 165,"Lawrence, Kansas, United States",KS,3/27/2026
Apple iPhone 12 - 64 GB - Blue (Unlocked) (Single SIM),iPhone 12,12,FALSE,64GB,64,Used,500,,,,,Seller 383,"Simi Valley, California, United States",CA,2/8/2024
Apple iPhone 15 256GB Factory Unlocked AT&T T-Mobile Verizon Good Condition,iPhone 15,15,FALSE,256GB,256,Good - Refurbished,401.95,,,3,167,Seller 165,"Lawrence, Kansas, United States",KS,3/29/2026
Apple iPhone 14 Pro Max 512GB No Face ID Factory Unlocked Very Good Condition,iPhone 14 Pro Max,14,TRUE,512GB,512,Used,399.95,1399,71.41,4,8,Seller 165,"Lawrence, Kansas, United States",KS,2/17/2026
Apple iPhone 14 Pro Max 1TB No Face ID Factory Unlocked Very Good Condition,iPhone 14 Pro Max,14,TRUE,1024GB,1024,Used,449.95,1599,71.86,,5,Seller 165,"Lawrence, Kansas, United States",KS,2/17/2026
Apple iPhone 16 256GB Factory Unlocked AT&T T-Mobile Verizon Very Good Condition,iPhone 16,16,FALSE,256GB,256,Very Good - Refurbished,590.95,,,18,768,Seller 165,"Lawrence, Kansas, United States",KS,3/27/2026
Apple iPhone 12 Pro Max 256GB Unlocked | Comes with Original Box & Accessories,iPhone 12 Pro Max,12,TRUE,256GB,256,Used,686,,,4,,Seller 034,"Fort Worth, Texas, United States",TX,12/4/2024
Apple iPhone 14 Pro Max 512GB Unlocked with Apple Box - Excellent Condition,iPhone 14 Pro Max,14,TRUE,512GB,512,Used,1186.25,,,2,1,Seller 034,"Fort Worth, Texas, United States",TX,12/3/2024
Apple iPhone 16 128GB Factory Unlocked AT&T T-Mobile Verizon Excellent Condition,iPhone 16,16,FALSE,128GB,128,Excellent - Refurbished,575.95,799,27.92,16,428,Seller 165,"Lawrence, Kansas, United States",KS,3/29/2026
Apple iPhone 16 512GB Factory Unlocked AT&T T-Mobile Verizon Very Good Condition,iPhone 16,16,FALSE,512GB,512,Very Good - Refurbished,677.95,1099,38.31,2,55,Seller 165,"Lawrence, Kansas, United States",KS,3/29/2026
Apple iPhone 13 - 256 GB - White (Unlocked),iPhone 13,13,FALSE,256GB,256,Used,400,,,,,Seller 542,"Wichita, Kansas, United States",KS,1/28/2025
"Apple iPhone 13 - Has Tiktok 256 GB - Black, Unlocked",iPhone 13,13,FALSE,256GB,256,Used,2500,,,,,Seller 370,"Phoenix, Arizona, United States",AZ,
Apple iPhone 16 256GB Unlocked Good Condition - All Colors,iPhone 16,16,FALSE,256GB,256,Good - Refurbished,539.99,,,2,4,Seller 084,"Sanford, Florida, United States",FL,3/28/2026
Apple iPhone 13 - 128GB - Red - Verizon Carrier - C grade - C Grade,iPhone 13,13,FALSE,128GB,128,Used,349,,,2,,Seller 396,"Miami, Florida, United States",FL,
Apple iPhone 16 128GB Factory Unlocked Open Box Mint Smartphone A3081,iPhone 16,16,FALSE,128GB,128,Open Box,624.7,799,21.81,16,46,Seller 165,"Lawrence, Kansas, United States",KS,3/29/2026
Excellent A+ 9/10 Apple iPhone 12 A2172 64 GB 5G Unlocked Pick your color,iPhone 12,12,FALSE,64GB,64,Excellent - Refurbished,239,,,5,1,Seller 201,"Chicago, Illinois, United States",IL,3/20/2026
Apple iPhone 16 128GB Unlocked Good Condition - All Colors,iPhone 16,16,FALSE,128GB,128,Good - Refurbished,539.99,,,,24,Seller 084,"Sanford, Florida, United States",FL,3/26/2026
Apple iPhone 14 Midnight 128GB Unlocked - Very Good Condition,iPhone 14,14,FALSE,128GB,128,Very Good - Refurbished,367.99,,,,1,Seller 084,"Sanford, Florida, United States",FL,1/14/2026
iPhone 12 Blue 64GB,iPhone 12,12,FALSE,64GB,64,Used,650,,,,,Seller 323,"Wethersfield, Connecticut, United States",CT,1/3/2026
Apple iPhone 14 (5G) 512GB | 256GB | 128GB | GSM+CDMA Factory Unlocked Good,iPhone 14,14,FALSE,128GB|256GB|512GB,128,Good - Refurbished,254.88,,,6,72,Seller 110,"Brooklyn, New York, United States",NY,3/26/2026
NEW OEM SEALED Apple iPhone 16 Hexa-core (2x4.04 GHz + 4x2.20 GHz),iPhone 16,16,FALSE,,,New,779.95,,,,1,Seller 183,"Johnson City, Tennessee, United States",TN,3/18/2026
Apple iPhone 15 (5G) 512GB | 256GB | 128GB | GSM+CDMA Factory Unlocked Excellent,iPhone 15,15,FALSE,128GB|256GB|512GB,128,Excellent - Refurbished,389.88,,,10,53,Seller 110,"Brooklyn, New York, United States",NY,3/26/2026
Apple iPhone 14 Pro Max 512GB Unlocked AT&T T-Mobile Verizon EXCELLENT CONDITION,iPhone 14 Pro Max,14,TRUE,512GB,512,Used,760,,,,,Seller 540,"Lutz, Florida, United States",FL,10/14/2025
iPhone 14 Pro Max 256GB Unlocked Deep Purple MQ8W3LL/A EXCELLENT CONDITION!,iPhone 14 Pro Max,14,TRUE,256GB,256,Used,600,,,2,,Seller 604,"Chesterfield, Missouri, United States",MO,11/9/2025
Apple iPhone 12 - 64GB - Black - Fully Unlocked MGH63LL/A A2172 • Poor Condition,iPhone 12,12,FALSE,64GB,64,Used,119,,,2,41,Seller 074,"Warminster, Pennsylvania, United States",PA,3/27/2026
Apple iPhone 12 - 64GB - Black - Unlocked MGH63LL/A A2172 • Fair Cond.,iPhone 12,12,FALSE,64GB,64,Used,129,,,,6,Seller 074,"Warminster, Pennsylvania, United States",PA,3/27/2026
Apple iPhone 17 Pro Max 1TB Unlocked Excellent Condition - All Colors,iPhone 17 Pro Max,17,TRUE,1024GB,1024,Excellent - Refurbished,1799.99,,,,10,Seller 084,"Sanford, Florida, United States",FL,3/28/2026
Apple iPhone 13- 128GB/256GB-Unlocked Excellent Condition - Random Color,iPhone 13,13,FALSE,128GB|256GB,128,Used,281,,,3,,Seller 412,"ShenZhenS, China",INTL,1/2/2026
Mint UNLOCKED iPhone 14 Pro Max 512GB NEW BATTERY CAMERA BY APPLE 11/4/2025,iPhone 14 Pro Max,14,TRUE,512GB,512,Used,899.99,,,,,Seller 540,"Lutz, Florida, United States",FL,
Apple iPhone 17 Pro Max | US Version | 256GB | eSIM | Cosmic Orange | Unlocked,iPhone 17 Pro Max,17,TRUE,256GB,256,New,1499,1599,6.25,11,19,Seller 067,"North Brunswick, New Jersey, United States",NJ,3/25/2026
"Apple iPhone 13 Unlocked, 256GB",iPhone 13,13,FALSE,256GB,256,Used,279.95,,,,,Seller 219,"Wautoma, Wisconsin, United States",WI,
Apple iPhone 17 256GB Black Unlocked - NEW & SEALED,iPhone 17,17,FALSE,256GB,256,New,899.99,,,6,,Seller 084,"Sanford, FL, United States",FL,3/27/2026
Apple iPhone 14 128GB Midnight AT&T IC-L0cked – Parts Only As-Is NoReturns,iPhone 14,14,FALSE,128GB,128,For Parts Or Not Working,160,,,,,Seller 345,"Denver, Colorado, United States",CO,2/15/2026
Jailbroken IPhone 14 Pro Max 512gb RARE *iOS 16.4.1* | Dopamine + TrollStore,iPhone 14 Pro Max,14,TRUE,512GB,512,Used,1500,,,,,Seller 382,"Dacula, Georgia, United States",GA,2/25/2026
Apple iPhone 17 Pro Max 512GB Unlocked Excellent Condition - All Colors,iPhone 17 Pro Max,17,TRUE,512GB,512,Excellent - Refurbished,1369.99,,,,1,Seller 084,"Sanford, Florida, United States",FL,3/29/2026
Apple iPhone 12 Black 128GB Unlocked - Cracked Screen - Restore Mode!,iPhone 12,12,FALSE,128GB,128,For Parts Or Not Working,71.99,,,,,Seller 084,"Sanford, Florida, United States",FL,3/24/2026
Apple iPhone 13 (5G) 512GB | 256GB | 128GB | GSM+CDMA Factory Unlocked Very Good,iPhone 13,13,FALSE,128GB|256GB|512GB,128,Very Good - Refurbished,239.88,,,10,12,Seller 110,"Brooklyn, New York, United States",NY,3/26/2026
Good condition Apple iPhone 12 pro max 128/256GB Factory UNLOCKED(any carrier),iPhone 12 Pro Max,12,TRUE,256GB,256,Used,295.37,,,1,,Seller 285,"shen zhen, China",INTL,3/26/2026
Apple iPhone 12 Pro Max 128GB 256GB - Fully Unlocked - VERY GOOD Condition,iPhone 12 Pro Max,12,TRUE,128GB|256GB,128,Used,323.21,,,1,,Seller 285,"shen zhen, China",INTL,3/26/2026
Apple iPhone 17 Pro Max 512GB Cosmic Orange Unlocked - NEW & SEALED,iPhone 17 Pro Max,17,TRUE,512GB,512,New,1699.99,,,,3,Seller 084,"Sanford, FL, United States",FL,3/25/2026
"Apple iPhone 13 128GB The battery is great, really good quality.",iPhone 13,13,FALSE,128GB,128,Used,259.99,,,10,5,Seller 541,"Brea, California, United States",CA,3/22/2026
Apple iPhone 12 • 64GB • Black • Fully Unlocked MGH63LL/A A2172 • Good Cond.,iPhone 12,12,FALSE,64GB,64,Good - Refurbished,179,,,2,,Seller 074,"Warminster, Pennsylvania, United States",PA,3/27/2026
Apple iPhone 17 Pro Max 256GB A3257 Deep Blue Unlocked US Model • Very Good Cond,iPhone 17 Pro Max,17,TRUE,256GB,256,Very Good - Refurbished,1249,,,,,Seller 074,"Warminster, Pennsylvania, United States",PA,3/27/2026
Apple iPhone 14 Plus Purple 128GB Unlocked - Very Good Condition w/ Chipped Back,iPhone 14 Plus,14,FALSE,128GB,128,Used,356.99,,,,,Seller 084,"Sanford, Florida, United States",FL,
Apple iPhone 13 - 128GB /256GB/512GB All Colors IOS Smartphone (Unlocked),iPhone 13,13,FALSE,128GB|256GB|512GB,128,Used,325.46,,,1,,Seller 285,"US, China",INTL,3/26/2026
Apple iPhone 17 Pro Max – 1TB – Cosmic Orange – AT&T (Clean IMEI) – Brand New,iPhone 17 Pro Max,17,TRUE,1024GB,1024,New,1399.99,,,3,,Seller 552,"Portland, Oregon, United States",OR,3/29/2026
Apple iPhone 16 | 128GB | Unlocked | Open Box | Excellent Condition,iPhone 16,16,FALSE,128GB,128,Open Box,565,,,,,Seller 008,"Dublin, Ohio, United States",OH,3/28/2026
Apple iPhone 16 512GB Blue - Unlocked AT&T T-Mobile Verizon 7631123,iPhone 16,16,FALSE,512GB,512,Open Box,675,899.99,25,,,Seller 184,"Orlando, Florida, United States",FL,3/27/2026
Apple iPhone 17 512GB Factory Unlocked AT&T T-Mobile Verizon Excellent Condition,iPhone 17,17,FALSE,512GB,512,Excellent - Refurbished,949.95,999,4.91,1,,Seller 165,"Lawrence, Kansas, United States",KS,3/27/2026
Apple iPhone 16 512GB Blue - Unlocked AT&T T-Mobile Verizon 7631839,iPhone 16,16,FALSE,512GB,512,Open Box,673,899.99,25.22,,,Seller 184,"Orlando, Florida, United States",FL,
Apple iPhone 13 Mini 128GB No Face ID Factory Unlocked Very Good Condition,iPhone 13 Mini,13,FALSE,128GB,128,Used,214.95,699,69.25,,49,Seller 165,"Lawrence, Kansas, United States",KS,1/21/2026
Apple iPhone 14 128GB Factory Unlocked AT&T T-Mobile Verizon Fair Condition,iPhone 14,14,FALSE,128GB,128,Used,249.95,799,68.72,,577,Seller 165,"Lawrence, Kansas, United States",KS,3/23/2026
Apple iPhone 14 Plus 512GB Unlocked AT&T T-Mobile Verizon Very Good Condition,iPhone 14 Plus,14,FALSE,512GB,512,Very Good - Refurbished,362.95,1199,69.73,,203,Seller 165,"Lawrence, Kansas, United States",KS,3/28/2026
Apple iPhone 14 512GB Factory Unlocked AT&T T-Mobile Verizon Very Good Condition,iPhone 14,14,FALSE,512GB,512,Very Good - Refurbished,353.95,1099,67.79,2,179,Seller 165,"Lawrence, Kansas, United States",KS,3/29/2026
Apple iPhone 14 512GB Factory Unlocked AT&T T-Mobile Verizon Fair Condition,iPhone 14,14,FALSE,512GB,512,Used,279.95,1099,74.53,,154,Seller 165,"Lawrence, Kansas, United States",KS,3/27/2026
Apple iPhone 15 Pro 256GB Unlocked AT&T T-Mobile Verizon Excellent Condition,iPhone 15 Pro,15,TRUE,256GB,256,Excellent - Refurbished,527.95,1099,51.96,7,865,Seller 165,"Lawrence, Kansas, United States",KS,3/29/2026
Apple iPhone 15 Pro 128GB Unlocked AT&T T-Mobile Verizon Very Good Condition,iPhone 15 Pro,15,TRUE,128GB,128,Very Good - Refurbished,449.95,999,54.96,12,794,Seller 165,"Lawrence, Kansas, United States",KS,3/29/2026
Apple iPhone 14 Plus - 128GB - Midnight - New,iPhone 14 Plus,14,FALSE,128GB,128,Open Box,400,,,,1,Seller 052,"Reisterstown, Maryland, United States",MD,2/22/2026
Apple iPhone 14 Pro Max 256GB No Face ID Factory Unlocked Very Good Condition,iPhone 14 Pro Max,14,TRUE,256GB,256,Used,454.95,1199,62.06,,2,Seller 165,"Lawrence, Kansas, United States",KS,3/11/2026
Apple iPhone 16 512GB Factory Unlocked AT&T T-Mobile Verizon Excellent Condition,iPhone 16,16,FALSE,512GB,512,Excellent - Refurbished,720.95,1099,34.4,,31,Seller 165,"Lawrence, Kansas, United States",KS,3/29/2026
Apple iPhone 16 128GB Factory Unlocked AT&T T-Mobile Verizon Very Good Condition,iPhone 16,16,FALSE,128GB,128,Very Good - Refurbished,546.95,799,31.55,,620,Seller 165,"Lawrence, Kansas, United States",KS,3/29/2026
Apple iPhone 14 Plus 128GB No Face ID Factory Unlocked Good Condition,iPhone 14 Plus,14,FALSE,128GB,128,Used,299.95,899,66.64,,3,Seller 165,"Lawrence, Kansas, United States",KS,2/17/2026
Apple iPhone 13 - 128GB - Blue - Unlocked - C grade,iPhone 13,13,FALSE,128GB,128,Used,299.77,,,,,Seller 396,"Miami, Florida, United States",FL,
New Sealed Apple iPhone 13 5G FACTORY UNLOCKED 128/256/512GB 2 YR WARNTY US SHIP,iPhone 13,13,FALSE,512GB,512,New,432.13,,,,8,Seller 347,"Whippany, New Jersey, United States",NJ,3/28/2026
New Apple iPhone 13 Mini/13/12 Mini/SE 3rd 2022/13 PRO MAX Factory Unlocked LOT,iPhone 13 Mini,13,FALSE,,,New,314.11,,,,8,Seller 347,"Whippany, New Jersey, United States",NJ,3/28/2026
New Sealed Apple iPhone 12 Pro/12 Mini/13 Mini/13/SE 2022 Factory Unlocked LOT,iPhone 12 Pro,12,TRUE,,,New,314.11,,,,3,Seller 347,"Whippany, New Jersey, United States",NJ,3/28/2026
New Sealed Apple iPhone 12 Mini/13 Mini/SE 2022/14 Pro Max Unlocked Memory LOT,iPhone 12 Mini,12,FALSE,,,New,314.11,,,,3,Seller 347,"Whippany, New Jersey, United States",NJ,3/28/2026
NEW APPLE IPHONE 14 PRO MAX 128GB 256GB 512GB FACTORY UNLOCKED SEALED IN BOX USA,iPhone 14 Pro Max,14,TRUE,128GB|256GB|512GB,128,New,675.95,,,2,5,Seller 347,"Whippany, New Jersey, United States",NJ,3/28/2026
New Sealed Apple iPhone 13 128GB/256GB/512GB FACTORY UNLOCKED GSM CDMA 2-YR-WAR✅,iPhone 13,13,FALSE,128GB|256GB|512GB,128,New,432.13,,,,4,Seller 347,"Whippany, New Jersey, United States",NJ,3/28/2026
NUEVO SELLADO Apple iPhone 13 Mini/13 5G Desbloqueado De Fábrica TODA LA MEMORIA COLOR STOCK EN EE. UU.-,iPhone 13 Mini,13,FALSE,,,New,331.99,,,,,Seller 347,"Whippany, New Jersey, Estados Unidos",NJ,3/28/2026
Read Apple iPhone 14 128GB - Cell Phone - Midnight - Read Desc. - Parts Only,iPhone 14,14,FALSE,128GB,128,For Parts Or Not Working,134,,,,,Seller 634,"Henderson, Nevada, United States",NV,1/16/2026
Factory New Sealed Apple iPhone 14 5G 128GB/256GB Unlocked All Color GSM+CDMA US,iPhone 14,14,FALSE,128GB|256GB,128,New,389.01,,,2,18,Seller 347,"Whippany, New Jersey, United States",NJ,3/28/2026
Factory New Sealed Apple iPhone 14 5G 128/256GB Unlocked All Color 2-Yr Warranty,iPhone 14,14,FALSE,256GB,256,New,389.01,,,2,1,Seller 347,"Whippany, New Jersey, United States",NJ,3/28/2026
NEW SEALED BOX APPLE IPHONE 14 PRO MAX 128G/256G/512GB FACTORY UNLOCKED GSM+CDMA,iPhone 14 Pro Max,14,TRUE,512GB,512,New,675.95,,,2,2,Seller 347,"Whippany, New Jersey, United States",NJ,3/28/2026
NEW SEALED APPLE IPHONE 14 PRO MAX 128/256/512GB FACTORY UNLOCKED 2 YRS WARRANTY,iPhone 14 Pro Max,14,TRUE,512GB,512,New,675.95,,,2,12,Seller 347,"Whippany, New Jersey, United States",NJ,3/28/2026
NEW APPLE IPHONE 14 5G 128GB 256GB FACTORY UNLOCKED IN SEALED BOX 2 YRS WARRANTY,iPhone 14,14,FALSE,128GB|256GB,128,New,389.01,,,2,6,Seller 347,"Whippany, New Jersey, United States",NJ,3/28/2026
FACTORY NEW SEALED APPLE IPHONE 14 PRO MAX 128/256/512GB UNLOCKED 2 YRS WARRANTY,iPhone 14 Pro Max,14,TRUE,512GB,512,New,675.95,,,2,7,Seller 347,"Whippany, New Jersey, United States",NJ,3/28/2026
"NEW! Apple iPhone 14 6.1"" 100% 🔋 Battery Factory 🔓 Unlocked 128/256GB COLORS",iPhone 14,14,FALSE,256GB,256,Open Box,518.95,,,,,Seller 683,"Dunkirk, New York, United States",NY,
Apple iPhone 12 256GB A2172 Factory Unlocked All Mobile Carriers 1 Yr Warranty,iPhone 12,12,FALSE,256GB,256,Open Box,249.99,,,5,19,Seller 505,"Dunellen, New Jersey, United States",NJ,3/28/2026
New Sealed Apple iPhone 17 256GB A3520 Unlocked include Physical SIM and ESIM,iPhone 17,17,FALSE,256GB,256,New,1210.72,1288,6,2,14,Seller 016,"Rowland Heights, California, United States",CA,3/23/2026
New Sealed Apple iPhone 17 512GB A3520 Unlocked include Physical SIM and ESIM,iPhone 17,17,FALSE,512GB,512,New,1398.72,1488,6,2,3,Seller 016,"Rowland Heights, California, United States",CA,2/23/2026
"Apple iPhone 17 Pro Max 6.9"" with Physical Sim A3526 256GB Orange Color Unlocked",iPhone 17 Pro Max,17,TRUE,256GB,256,New,1868.72,1988,6,4,,Seller 016,"Rowland Heights, California, United States",CA,3/7/2026
New Apple iPhone 17 Pro Max 1TB A3526 with Physical SIM+ESIM Pick Color Unlocked,iPhone 17 Pro Max,17,TRUE,1024GB,1024,New,2255.06,2399,6,2,12,Seller 016,"Rowland Heights, California, United States",CA,3/18/2026
"New Apple iPhone 13 mini (5G) 128GB Fully Unlocked GSM+CDMA Smartphone 5.4"" US",iPhone 13 Mini,13,FALSE,128GB,128,New,349.55,,,5,5,Seller 092,"Edison, New Jersey, United States",NJ,3/17/2026
Apple iPhone 14 Pro Max 128GB Unlocked Smartphone No Face ID Silver Used,iPhone 14 Pro Max,14,TRUE,128GB,128,Used,399.99,,,,,Seller 294,"Snohomish, Washington, United States",WA,11/11/2025
Apple iPhone 14 Pro Max 128GB (Unlocked) - Amazing Back/Sides - Clean ESN,iPhone 14 Pro Max,14,TRUE,128GB,128,Used,850,,,,,Seller 051,"Waratah, NSW, Australia",INTL,
"Apple iPhone 17 Pro Max 6.9"" with Physical Sim A3526 512GB Blue Color Unlocked",iPhone 17 Pro Max,17,TRUE,512GB,512,New,2056.72,2188,6,3,1,Seller 016,"Rowland Heights, California, United States",CA,3/7/2026
Apple iPhone 16 128GB GSM Unlocked AT&T T-Mobile Very Good Condition,iPhone 16,16,FALSE,128GB,128,Very Good - Refurbished,569.95,799,28.67,1,,Seller 165,"Lawrence, Kansas, United States",KS,2/17/2026
New Apple iPhone 14 128GB Yellow A2649 128GB Factory Unlocked All Carriers,iPhone 14,14,FALSE,128GB,128,New,374.99,,,2,14,Seller 505,"Dunellen, New Jersey, United States",NJ,3/28/2026
New Apple iPhone 14 Plus White A2632 128GB Factory Unlocked All Mobile Carriers,iPhone 14 Plus,14,FALSE,128GB,128,New,397.99,,,3,2,Seller 505,"Dunellen, New Jersey, United States",NJ,3/28/2026
✔️ Apple iPhone 14 - 512GB Midnight Black【Factory Unlocked】All CARRIERS E-SIM,iPhone 14,14,FALSE,512GB,512,Open Box,395,,,,14,Seller 523,"NY, United States",INTL,3/18/2026
NEW SEALED Apple iPhone 13 MINI 128GB A2481 FACTORY UNLOCKED GSM CDMA US STOCK,iPhone 13 Mini,13,FALSE,128GB,128,New,321.88,,,2,2,Seller 347,"Whippany, New Jersey, United States",NJ,3/28/2026
"Apple iPhone 17 Pro Max 6.9"" with Physical Sim A3526 256GB Silver Color Unlocked",iPhone 17 Pro Max,17,TRUE,256GB,256,New,1868.72,1988,6,2,4,Seller 016,"Rowland Heights, California, United States",CA,3/25/2026
New Apple iPhone 13 5G 128/256/512GB Unlocked Sealed Box 2 YR WARRANTY US Stock,iPhone 13,13,FALSE,512GB,512,New,432.13,,,1,,Seller 347,"Whippany, New Jersey, United States",NJ,3/28/2026
"New Sealed Apple iPhone 13 5G, 128-512GB, Unlocked, All Colors, 2-Year Warranty",iPhone 13,13,FALSE,512GB,512,New,432.13,,,1,,Seller 347,"Whippany, New Jersey, United States",NJ,3/28/2026
Preowned - Unlocked - Apple iPhone 12 Pro Max 128GB Lot Cases Chargers Etc,iPhone 12 Pro Max,12,TRUE,128GB,128,Used,349.99,,,,,Seller 103,"Bowling Green, Kentucky, United States",KY,
Apple iPhone 17 Pro Max 2 TB Cosmic Orange Service Unlocked 12gb RAM (INSURANCE),iPhone 17 Pro Max,17,TRUE,12GB|2048GB,12,New,3000,,,5,,Seller 452,"San Francisco, California, United States",CA,3/15/2026
Apple iPhone 13 512GB White A2482 (Unlocked) GSM World Phone VF5336,iPhone 13,13,FALSE,512GB,512,Used,262.45,349.95,25,,,Seller 158,"Oklahoma City, Oklahoma, United States",OK,3/27/2026
New Apple iPhone 13 MINI 5G 128GB/256GB Factory Unlocked Sealed Box 2 YRS WARNTY,iPhone 13 Mini,13,FALSE,128GB|256GB,128,New,321.99,,,2,,Seller 347,"Whippany, New Jersey, United States",NJ,3/28/2026
New in Box Apple iPhone 13 MINI A2481 128/256/512GB Unlocked Smartphone US STOCK,iPhone 13 Mini,13,FALSE,512GB,512,New,321.99,,,2,,Seller 347,"Whippany, New Jersey, United States",NJ,3/28/2026
Apple iPhone 16 - 128GB - Black (AT&T/Cricket ONLY) - Open Box,iPhone 16,16,FALSE,128GB,128,Open Box,469.99,,,,,Seller 071,"Oldsmar, Florida, United States",FL,3/27/2026
Apple iPhone 16 - 128GB - Black (Unlocked) - Open Box,iPhone 16,16,FALSE,128GB,128,Open Box,569.99,,,2,3,Seller 071,"Oldsmar, Florida, United States",FL,3/27/2026
New Sealed Apple iPhone 17 Pro Max 6.9-inch A3257 USA eSIM Only Mfr. Unlocked,iPhone 17 Pro Max,17,TRUE,,,New,1396.5,1470,5,,7,Seller 016,"Rowland Heights, California, United States",CA,3/25/2026
New Sealed Apple iPhone 13 MINI A2481 128GB /256GB Factory Unlocked Smartphone,iPhone 13 Mini,13,FALSE,128GB|256GB,128,New,321.99,,,2,,Seller 347,"Whippany, New Jersey, United States",NJ,3/28/2026
New in Sealed Box Apple iPhone 13 MINI A2481 128/256 Factory Unlocked Smartphone,iPhone 13 Mini,13,FALSE,,,New,321.99,,,2,,Seller 347,"Whippany, New Jersey, United States",NJ,3/28/2026
Apple iPhone 16 - 256GB - Black (Unlocked) - Open Box,iPhone 16,16,FALSE,256GB,256,Open Box,679.99,,,,,Seller 071,"Oldsmar, Florida, United States",FL,3/27/2026
Factory New Apple iPhone 13 MINI A2481 128G/256GB Unlocked Sealed Box Smartphone,iPhone 13 Mini,13,FALSE,256GB,256,New,321.99,,,2,,Seller 347,"Whippany, New Jersey, United States",NJ,3/28/2026
New Apple iPhone 17 Pro Max 2TB A3526 with Physical SIM+ESIM Pick Color unlocked,iPhone 17 Pro Max,17,TRUE,2048GB,2048,New,2819.06,2999,6,1,,Seller 016,"Rowland Heights, California, United States",CA,3/18/2026
NEW SEALED APPLE IPHONE 14 PRO MAX 5G 128/256/512GB FACTORY UNLOCKED ALL COLORS,iPhone 14 Pro Max,14,TRUE,512GB,512,New,675.95,,,2,,Seller 347,"Whippany, New Jersey, United States",NJ,3/28/2026
Apple iPhone 16 - 128GB - Ultramarine (Unlocked) - Open Box,iPhone 16,16,FALSE,128GB,128,Open Box,579.99,,,,2,Seller 071,"Oldsmar, Florida, United States",FL,3/27/2026
Apple iPhone 17 Pro Max - 256GB - Cosmic Orange (Unlocked) - Open Box,iPhone 17 Pro Max,17,TRUE,256GB,256,Open Box,1299.99,,,,2,Seller 071,"Oldsmar, Florida, United States",FL,3/27/2026
"New Apple iPhone 17e 512GB 6.1"" A3634 Unlocked with Physical SIM+ESIM Any Color",iPhone 17,17,FALSE,512GB,512,New,1091.55,1149,5,3,,Seller 016,"Rowland Heights, California, United States",CA,
Apple iPhone 13 128GB Black A2482 (Unlocked) 80% to 89% Battery Health DG7767,iPhone 13,13,FALSE,128GB,128,Used,234.35,251.95,6.99,,,Seller 158,"Oklahoma City, Oklahoma, United States",OK,3/27/2026
Apple iPhone 17 Pro Max - 512GB - Silver (Unlocked) - Open Box,iPhone 17 Pro Max,17,TRUE,512GB,512,Open Box,1449.99,,,,,Seller 071,"Oldsmar, Florida, United States",FL,
FACTORY NEW SEALED APPLE IPHONE 14 5G 128/256/512GB UNLOCKED GSM+CDMA 2 YRS WTY,iPhone 14,14,FALSE,512GB,512,New,389.01,,,2,,Seller 347,"Whippany, New Jersey, United States",NJ,3/28/2026
Apple iPhone 16 - 128GB - Black (T-Mobile ONLY) - Very Good Condition,iPhone 16,16,FALSE,128GB,128,Very Good - Refurbished,429.99,,,,,Seller 071,"Oldsmar, Florida, United States",FL,3/27/2026
FACTORY NEW SEALED APPLE IPHONE 14 PRO MAX 128GB /256GB 512GB UNLOCKED 2 YRS WTY,iPhone 14 Pro Max,14,TRUE,128GB|256GB|512GB,128,New,675.95,,,2,,Seller 347,"Whippany, New Jersey, United States",NJ,3/28/2026
NEW APPLE IPHONE 14 PRO MAX 128GB 256GB 512GB (FACTORY UNLOCKED) ALL COLORS USA,iPhone 14 Pro Max,14,TRUE,128GB|256GB|512GB,128,New,675.95,,,2,,Seller 347,"Whippany, New Jersey, United States",NJ,3/28/2026
NEW SEALED APPLE IPHONE 14 PRO MAX 128~512GB GSM+CDMA FACTORY UNLOCKED ALL COLOR,iPhone 14 Pro Max,14,TRUE,512GB,512,New,675.95,,,2,,Seller 347,"Whippany, New Jersey, United States",NJ,3/28/2026
Factory New in Sealed Apple iPhone 13 MINI A2481 128G/256GB Unlocked US Shipping,iPhone 13 Mini,13,FALSE,256GB,256,New,321.99,,,2,,Seller 347,"Brooklyn, New York, United States",NY,3/28/2026
Apple iPhone 17 Pro Max - 512 GB - Silver (Unlocked),iPhone 17 Pro Max,17,TRUE,512GB,512,New,650,,,,,Seller 366,"Roselle, New Jersey, United States",NJ,
FACTORY NEW SEALED APPLE IPHONE 14 PRO MAX 128~512GB UNLOCKED GSM+CDMA 2 YRS WTY,iPhone 14 Pro Max,14,TRUE,512GB,512,New,675.95,,,2,,Seller 347,"Whippany, New Jersey, United States",NJ,3/28/2026
FACTORY NEW SEALED APPLE IPHONE 14 PRO MAX 5G 128GB 256GB UNLOCKED 2 YR WARRANTY,iPhone 14 Pro Max,14,TRUE,128GB|256GB,128,New,675.95,,,2,,Seller 347,"Whippany, New Jersey, United States",NJ,3/28/2026
NEW APPLE IPHONE 14 PRO MAX 128GB 256GB 512GB 1TB FACTORY UNLOCKED COLORS SEALED,iPhone 14 Pro Max,14,TRUE,128GB|256GB|512GB|1024GB,128,New,675.95,,,2,,Seller 347,"Whippany, New Jersey, United States",NJ,3/28/2026
Apple iPhone 13 128GB Unlocked - Excellent,iPhone 13,13,FALSE,128GB,128,For Parts Or Not Working,289.99,,,4,,Seller 361,"Indianapolis, Indiana, United States",IN,3/27/2026
New Sealed Apple iPhone 17 Pro Max Orange 256GB eSIM Unlocked NR,iPhone 17 Pro Max,17,TRUE,256GB,256,New,1300,,,,,Seller 321,"Gary, Indiana, United States",IN,
Apple iPhone 17 Pro Max - 2 TB - Cosmic Orange (Unlocked),iPhone 17 Pro Max,17,TRUE,2048GB,2048,New,599,,,3,,Seller 354,"Baltimore, Maryland, United States",MD,
Apple iPhone 17 Pro Max 512GB Cosmic Orange Unlocked - NEW & SEALED,iPhone 17 Pro Max,17,TRUE,512GB,512,New,1670,,,,,Seller 334,"Louisville, Kentucky, United States",KY,3/28/2026
Factory Unlocked Apple iPhone 13 128GB Midnight MLNC3VC/A,iPhone 13,13,FALSE,128GB,128,Used,324.99,,,,,Seller 122,"Calgary, Canada",INTL,3/29/2026
Mint Reconditioned Apple iPhone 12 PRO MAX Unlocked All Color Capacity- C Detail,iPhone 12 Pro Max,12,TRUE,,,Open Box,650,,,,,Seller 519,"Columbus, Ohio, United States",OH,
Apple iPhone 13 mini - 128GB - Pink (Unlocked),iPhone 13 Mini,13,FALSE,128GB,128,Used,600,,,,,Seller 536,"Yonkers, New York, United States",NY,
Apple iPhone 14 Pro Max - 128 GB - Deep Purple (Unlocked),iPhone 14 Pro Max,14,TRUE,128GB,128,Used,978.54,,,,,Seller 596,"Ridley Park, Pennsylvania, United States",PA,4/4/2024
"New Sealed Apple iPhone 13 MINI A2481 128/256/512GB 5.4"" Factory Unlocked CDMA",iPhone 13 Mini,13,FALSE,512GB,512,New,321.01,,,2,25,Seller 194,"Whippany, New Jersey, United States",NJ,3/29/2026
Apple iPhone 13 - 256 GB - Red (Unlocked),iPhone 13,13,FALSE,256GB,256,Used,1300,,,,,Seller 252,"Detroit, Michigan, United States",MI,
Apple iPhone 13 - 256 GB - White (Unlocked),iPhone 13,13,FALSE,256GB,256,Used,750,,,,,Seller 392,"Selma, North Carolina, United States",NC,
iPhone 12 Pro With Tik tok App,iPhone 12 Pro,12,TRUE,,,Used,2500,,,,,Seller 371,"Cordova, Tennessee, United States",TN,
iphone 13 with tik tok,iPhone 13,13,FALSE,,,Open Box,2500,,,,,Seller 409,"McDonough, Georgia, United States",GA,
New Sealed in Box Apple iPhone 14 A2649 128GB/256GB/512G USA Unlocked Smartphone,iPhone 14,14,FALSE,128GB|256GB,128,New,403.95,,,5,8,Seller 194,"Whippany, New Jersey, United States",NJ,3/28/2026
New Sealed Apple iPhone 14 PRO MAX A2651 128-512GB Factory Unlocked All GSM+CDMA,iPhone 14 Pro Max,14,TRUE,512GB,512,New,699.88,,,2,,Seller 194,"Whippany, New Jersey, United States",NJ,3/28/2026
New Sealed Apple iPhone 14/iPhone 14 Pro Max 128GB 256GB 512G Factory Unlocked,iPhone 14 Pro Max,14,TRUE,128GB|256GB,128,New,409.95,,,10,,Seller 194,"Whippany, New Jersey, United States",NJ,3/28/2026
New Apple iPhone 14 PRO MAX 128/256/512GB AT&T T-Mobile Verizon Factory Unlocked,iPhone 14 Pro Max,14,TRUE,512GB,512,New,699.88,,,2,,Seller 194,"Whippany, New Jersey, United States",NJ,3/28/2026
NEW✤SEALED✤ APPLE IPHONE 14 5G 128GB 256GB FACTORY UNLOCKED GSM+CDMA ALL CARRIER,iPhone 14,14,FALSE,128GB|256GB,128,New,403.95,,,5,,Seller 194,"Whippany, New Jersey, United States",NJ,3/28/2026
New in Sealed Box Apple iPhone 13 MINI A2481 128GB FACTORY Unlocked Smartphone,iPhone 13 Mini,13,FALSE,128GB,128,New,331.99,,,5,,Seller 194,"Los Angeles, California, United States",CA,3/29/2026
NEW SEALED APPLE IPHONE 14 PRO MAX 128/256/512GB FACTORY UNLOCKED FAST SHIPPING,iPhone 14 Pro Max,14,TRUE,512GB,512,New,699.88,,,2,,Seller 194,"Los Angeles, California, United States",CA,3/28/2026
"Sealed in New Box Apple iPhone 13 mini 5G A2481 256GB Factory Unlocked,US STOCK",iPhone 13 Mini,13,FALSE,256GB,256,New,409.95,,,5,10,Seller 693,"Edison, New Jersey, United States",NJ,3/16/2026
iPhone 16 Unlocked,iPhone 16,16,FALSE,,,Open Box,577.5,,,,,Seller 404,"Visalia, California, United States",CA,
Apple iPhone 17 - 256 GB - Lavender Unlocked Open Box,iPhone 17,17,FALSE,256GB,256,Open Box,859,,,,,Seller 672,"New York, New York, United States",NY,
"Apple iPhone 14 Pro Max 6.7"" Super Retina XDR - 128 GB - Silver",iPhone 14 Pro Max,14,TRUE,128GB,128,Used,600,,,,,Seller 570,"Toronto, Canada",INTL,2/16/2026
Apple iPhone 12 Pro Max - 128GB - Factory Unlocked Green - READ: No Touch,iPhone 12 Pro Max,12,TRUE,128GB,128,For Parts Or Not Working,269,,,,,Seller 154,"Brooklyn, New York, United States",NY,1/26/2026
[Sealed New] Apple iPhone 13 mini (5G) A2481 256GB Factory Unlocked Smartphone,iPhone 13 Mini,13,FALSE,256GB,256,New,399.28,,,9,5,Seller 693,"Edison, New Jersey, United States",NJ,3/16/2026
"iPhone 12 Blue 128GB used Verizon Unlocked see pics and desc, 78% batt health",iPhone 12,12,FALSE,128GB,128,Used,249.99,,,,,Seller 235,"Greenacres, Washington, United States",WA,
Apple iPhone 12 - 64 GB - White (Unlocked),iPhone 12,12,FALSE,64GB,64,Used,204.74,,,,,Seller 235,"Greenacres, Washington, United States",WA,
Apple iPhone 17 air sealed Verizon,iPhone 17,17,FALSE,,,New,960,,,,,Seller 562,"San Diego, California, United States",CA,2/27/2026
Apple iPhone 17 Air - 256GB (Unlocked) New open (#626),iPhone 17,17,FALSE,256GB,256,Open Box,899.98,,,,,Seller 408,"Sarasota, Florida, United States",FL,3/16/2026
Apple iPhone 12 5G - 64 GB - Black (SAFELINK WIRELESS) A2172 - Brand New Sealed,iPhone 12,12,FALSE,64GB,64,New,295.65,,,3,,Seller 267,"Shingletown, California, United States",CA,3/16/2026
"Apple iPhone 17 Pro Max 256GB, Cosmic Orange, Unlocked & Sealed",iPhone 17 Pro Max,17,TRUE,256GB,256,New,1369,,,,,Seller 573,"Bakersfield, California, United States",CA,
Factory Unlocked Apple iPhone 14 Pro Max 128GB Deep Purple MQ993VC/A,iPhone 14 Pro Max,14,TRUE,128GB,128,Used,598.99,,,,,Seller 125,"Kanata, Canada",INTL,3/29/2026
Unlocked Apple iPhone 14 - 128GB Black - READ,iPhone 14,14,FALSE,128GB,128,Used,220,,,,,Seller 276,"Austin, Texas, United States",TX,3/27/2026
Apple iPhone 14 Plus 128GB Black Factory Unlocked Dual SIM Model MQ3R3LL/A,iPhone 14 Plus,14,FALSE,128GB,128,Used,299,,,,,Seller 686,"Califon, New Jersey, United States",NJ,3/24/2026
Apple iPhone 17 Pro Max - 1 TB - Cosmic Orange (Unlocked),iPhone 17 Pro Max,17,TRUE,1024GB,1024,New,599,,,5,,Seller 359,"Corpus Christi, Texas, United States",TX,
Apple iPhone 17 Pro Max 1TB (Unlocked) Brand New Sealed in Box,iPhone 17 Pro Max,17,TRUE,1024GB,1024,New,560,,,,,Seller 680,"Harvest, Alabama, United States",AL,
New Apple iPhone 14 A2649 128GB Factory Unlocked GSM+CDMA All Carriers 2Yr Wty,iPhone 14,14,FALSE,128GB,128,New,403.95,,,5,,Seller 194,"Austin, Texas, United States",TX,3/28/2026
Apple iPhone 17 Pro Max - 256GB - Silver (Unlocked),iPhone 17 Pro Max,17,TRUE,256GB,256,New,1530,,,,,Seller 378,"New York City, United States",NY,
Apple iPhone 13 128GB Blue - Unlocked ML9C3LL/A (FOR PARTS) READ,iPhone 13,13,FALSE,128GB,128,For Parts Or Not Working,75,,,,,Seller 005,"Utica, Michigan, United States",MI,
Apple iPhone 16 128GB Black Verizon New Sealed,iPhone 16,16,FALSE,128GB,128,New,549.99,,,2,,Seller 094,"Port Chester, New York, United States",NY,
Apple iPhone 17e 256GB Black Verizon Locked New Sealed,iPhone 17,17,FALSE,256GB,256,New,549.99,,,,,Seller 094,"Port Chester, New York, United States",NY,3/27/2026
Apple iPhone 17 Pro Max 512GB Cosmic Orange,iPhone 17 Pro Max,17,TRUE,512GB,512,New,1450,,,,,Seller 586,"Jackson Heights, New York, United States",NY,
Apple iPhone 17e 256GB AT&T,iPhone 17,17,FALSE,256GB,256,New,580,,,4,,Seller 677,"Allentown, Pennsylvania, United States",PA,
Apple iPhone 17 - 512 GB - Lavender (Unlocked),iPhone 17,17,FALSE,512GB,512,New,489.95,,,5,,Seller 514,"San Antonio, Texas, United States",TX,
Apple iPhone 17 Pro Max - 2 TB - Silver (Unlocked),iPhone 17 Pro Max,17,TRUE,2048GB,2048,New,479.99,,,2,1,Seller 278,"Parker, Colorado, United States",CO,
Apple iPhone 14 Unlocked,iPhone 14,14,FALSE,,,Used,500,,,,,Seller 280,"Buffalo, New York, United States",NY,
"Unlocked iPhone 17 Promax Cosmic Orange, 256GB, Factory Unlocked",iPhone 17 Pro Max,17,TRUE,256GB,256,New,1200,,,,,Seller 555,"Boston, Massachusetts, United States",MA,
Apple iPhone 12 64GB│ 128GB│ 256GB (UNLOCKED) 🔋 100% BATTERY 🔋 ⚫⚪🔴🔵✤O/B✤,iPhone 12,12,FALSE,64GB|128GB|256GB,64,Open Box,233.95,,,3,260,Seller 146,"Los Angeles, California, United States",CA,3/4/2026
Apple iPhone 13 - 128GB (FACTORY UNLOCKED) ✅ 1 YEAR WARRANTY ✅ MIDNIGHT ❖SEALED❖,iPhone 13,13,FALSE,128GB,128,New,366.95,,,10,90,Seller 146,"Los Angeles, California, United States",CA,3/25/2026
APPLE IPHONE 14 128GB 256GB 512GB (FACTORY UNLOCKED) ✅1 YR WARRANTY✅⚫⚪🔴�� ✤O/B✤,iPhone 14,14,FALSE,128GB|256GB|512GB,128,Open Box,348.95,,,10,316,Seller 146,"Los Angeles, California, United States",CA,2/9/2026
"Apple iPhone 14, 128GB-256GB-512GB, Unlocked - Very Good Condition - All Colors",iPhone 14,14,FALSE,128GB|256GB|512GB,128,Used,289.99,,,,1696,Seller 061,"Brooklyn, New York, United States",NY,3/29/2026
APPLE IPHONE 14 PRO MAX 128GB 256GB 512GB 1TB (FACTORY UNLOCKED) ALL COLOR ✤USED,iPhone 14 Pro Max,14,TRUE,128GB|256GB|512GB|1024GB,128,Used,849.95,,,,13,Seller 146,"Los Angeles, California, United States",CA,11/18/2025
"Apple iPhone 14, 128/256/512GB, Unlocked - All Colors -Used Excellent",iPhone 14,14,FALSE,512GB,512,Used,319.99,,,10,226,Seller 061,"Brooklyn, New York, United States",NY,3/29/2026
"Apple iPhone 14 Pro Max 128/256/512GB, Fully Unlocked - Used Condition",iPhone 14 Pro Max,14,TRUE,512GB,512,Used,399.99,,,2,15,Seller 061,"Brooklyn, New York, United States",NY,3/26/2026
APPLE IPHONE 15 - 128GB 256GB 512GB (FACTORY UNLOCKED) 🔋 100% BATTERY 🔋 ❖O/B❖,iPhone 15,15,FALSE,128GB|256GB|512GB,128,Open Box,464.95,,,2,83,Seller 146,"Los Angeles, California, United States",CA,3/25/2026
"Apple iPhone 14 Pro Max 128/256/512GB, Fully Unlocked - Used Good (NO FACE ID)",iPhone 14 Pro Max,14,TRUE,512GB,512,Used,369.99,,,,6,Seller 061,"Brooklyn, New York, United States",NY,3/26/2026
"Apple iPhone 13 Mini, 128/256/512GB - Unlocked - Used Excellent - All colors",iPhone 13 Mini,13,FALSE,512GB,512,Used,254.99,,,10,479,Seller 061,"Brooklyn, New York, United States",NY,3/29/2026
"Apple iPhone 12, 64/128/256GB - Unlocked - All colors - Used Excellent",iPhone 12,12,FALSE,256GB,256,Used,229.99,,,10,626,Seller 061,"Brooklyn, New York, United States",NY,3/29/2026
"Apple iPhone 14 Pro Max 128/256/512GB/1TB, Fully Unlocked - Used Very Good",iPhone 14 Pro Max,14,TRUE,512GB|1024GB,512,Used,454.99,,,,108,Seller 061,"Brooklyn, New York, United States",NY,3/28/2026
"Apple iPhone 12 Pro Max, 128/256/512GB - Unlocked - Used Very Good",iPhone 12 Pro Max,12,TRUE,512GB,512,Used,314.99,,,,912,Seller 061,"Brooklyn, New York, United States",NY,3/29/2026
"Apple iPhone 14 Pro Max 128/256/512GB/1TB, Fully Unlocked - Used Good",iPhone 14 Pro Max,14,TRUE,512GB|1024GB,512,Used,469.99,,,,18,Seller 061,"Brooklyn, New York, United States",NY,3/27/2026
"Apple iPhone 13 Mini, 128/256/512GB - Unlocked - Used Good - All colors",iPhone 13 Mini,13,FALSE,512GB,512,Used,214.99,,,5,549,Seller 061,"Brooklyn, New York, United States",NY,3/29/2026
APPLE IPHONE 14 PRO MAX 128GB 256GB 512GB 1TB (FACTORY UNLOCKED) ❖EXCELLENT❖,iPhone 14 Pro Max,14,TRUE,128GB|256GB|512GB|1024GB,128,Excellent - Refurbished,734.95,,,,19,Seller 146,"Los Angeles, California, United States",CA,11/18/2025
Apple iPhone 14 128GB - Fully Unlocked - EXCELLENT Condition,iPhone 14,14,FALSE,128GB,128,Excellent - Refurbished,304.99,,,10,476,Seller 114,"Brooklyn, New York, United States",NY,3/29/2026
Apple iPhone 15 Plus 128GB - Fully Unlocked - VERY GOOD Condition,iPhone 15 Plus,15,FALSE,128GB,128,Very Good - Refurbished,394.99,,,74,248,Seller 114,"Brooklyn, New York, United States",NY,3/29/2026
Apple iPhone 15 Plus - 128GB - Fully Unlocked - EXCELLENT Condition,iPhone 15 Plus,15,FALSE,128GB,128,Excellent - Refurbished,414.99,,,12,44,Seller 114,"Brooklyn, New York, United States",NY,3/29/2026
Apple iPhone 14 Pro Max UNLOCKED 128GB 256GB 512GB All Colors A2633 ~ Used/Good!,iPhone 14 Pro Max,14,TRUE,128GB|256GB|512GB,128,Used,529.99,,,2,54,Seller 163,"Brooklyn, New York, United States",NY,3/26/2026
Apple iPhone 14 Pro Max UNLOCKED 128GB 256GB 512GB All Colors A2633 ~ Very Good!,iPhone 14 Pro Max,14,TRUE,128GB|256GB|512GB,128,Used,571.6,,,,20,Seller 163,"Brooklyn, New York, United States",NY,3/27/2026
Apple iPhone 14 PRO MAX 256GB - Fully Unlocked - VERY GOOD Condition,iPhone 14 Pro Max,14,TRUE,256GB,256,Very Good - Refurbished,509.99,,,3,4,Seller 114,"Brooklyn, New York, United States",NY,3/29/2026
Apple iPhone 14 Plus Fully Unlocked (Any Carrier) SmartPhone Dents/Scratches,iPhone 14 Plus,14,FALSE,,,Used,239.99,,,,18,Seller 036,"Brooklyn, New York, United States",NY,1/25/2026
"Apple iPhone 13, 128/256/512GB - Unlocked - Refurbished Excellent",iPhone 13,13,FALSE,512GB,512,Excellent - Refurbished,339.99,,,,330,Seller 061,"Brooklyn, New York, United States",NY,3/28/2026
"Apple iPhone 12 Pro Max, 128/256/512GB - Unlocked - Refurbished Excellent",iPhone 12 Pro Max,12,TRUE,512GB,512,Excellent - Refurbished,339.99,,,,432,Seller 061,"Brooklyn, New York, United States",NY,3/27/2026
Apple iPhone 17 Pro Max UNLOCKED 256GB Deep Blue ✅ SHIPS TODAY✅ NEW WORLDWIDE,iPhone 17 Pro Max,17,TRUE,256GB,256,New,1549,,,10,115,Seller 160,"Springfield, Virginia, United States",VA,3/19/2026
Apple iPhone 17 Air 256GB Space Black USA eSIM Unlocked MG184LL/A New 2025,iPhone 17,17,FALSE,256GB,256,New,1149.74,,,2,2,Seller 678,"Columbus, Ohio, United States",OH,12/7/2025
APPLE IPHONE 17 AIR - 256GB - SPACE BLACK (FACTORY UNLOCKED) ❖SEALED❖,iPhone 17,17,FALSE,256GB,256,New,984.94,,,10,9,Seller 146,"Los Angeles, California, United States",CA,3/6/2026
APPLE IPHONE 17 AIR - 256GB - CLOUD WHITE (FACTORY UNLOCKED) ❖SEALED❖,iPhone 17,17,FALSE,256GB,256,New,982.95,,,8,4,Seller 146,"Los Angeles, California, United States",CA,3/21/2026
APPLE IPHONE 17 AIR - 256GB - SKY BLUE (FACTORY UNLOCKED) ❖SEALED❖,iPhone 17,17,FALSE,256GB,256,New,984.95,,,6,10,Seller 146,"Los Angeles, California, United States",CA,3/21/2026
APPLE IPHONE 17 PRO MAX 256GB (FACTORY UNLOCKED)✅PHYSICAL SIM CARD TRAY✅❖SEALED❖,iPhone 17 Pro Max,17,TRUE,256GB,256,New,1736.95,,,8,68,Seller 146,"Los Angeles, California, United States",CA,3/24/2026
Apple iPhone 17 Model A3520.A19. 256GB/512GB- 5 colors = Tracking=,iPhone 17,17,FALSE,256GB|512GB,256,New,1113.84,,,8,6,Seller 197,"Seoul, South Korea",INTL,3/20/2026
APPLE IPHONE 17 AIR - 256GB - LIGHT GOLD (FACTORY UNLOCKED) ❖SEALED❖,iPhone 17,17,FALSE,256GB,256,New,988.95,,,6,7,Seller 146,"Los Angeles, California, United States",CA,3/17/2026
APPLE IPHONE 17 PRO MAX 256GB ORANGE (UNLOCKED)✅PHYSICAL SIM CARD TRAY ✅❖SEALED❖,iPhone 17 Pro Max,17,TRUE,256GB,256,New,1729.95,,,2,15,Seller 146,"Los Angeles, California, United States",CA,3/12/2026
APPLE IPHONE 17 256GB (UNLOCKED) WHITE ✅DUAL PHYSICAL SIM TRAY✅ A3521 ❖SEALED❖,iPhone 17,17,FALSE,256GB,256,New,984.95,,,10,13,Seller 146,"Los Angeles, California, United States",CA,3/24/2026
Factory Unlocked Apple iPhone 14 128GB BLUE MQ8U3LL/A,iPhone 14,14,FALSE,128GB,128,Used,329.99,,,,,Seller 085,"Moreno Valley, California, United States",CA,
APPLE IPHONE 14 PLUS 128GB STARLIGHT (FACTORY UNLOCKED) 🔋100% BATTERY🔋✤SEALED✤,iPhone 14 Plus,14,FALSE,128GB,128,New,429.95,,,3,1,Seller 146,"Los Angeles, California, United States",CA,3/9/2026
"Apple iPhone 17 Pro Max 256GB, Orange, Blue, Silver UNLOCKED ✅ SHIPS TODAY ✅NEW",iPhone 17 Pro Max,17,TRUE,256GB,256,New,1530,,,2,1,Seller 358,"Miami, Florida, United States",FL,1/15/2026
Apple iPhone 12 - 128GB BLACK (FACTORY UNLOCKED) 🔋 100% BATTERY🔋 ✤SEALED✤,iPhone 12,12,FALSE,128GB,128,New,329.99,,,10,3,Seller 146,"Los Angeles, California, United States",CA,3/25/2026
Apple iPhone 12 - 128GB GREEN (FACTORY UNLOCKED) 🔋 100% BATTERY🔋 ✤SEALED✤,iPhone 12,12,FALSE,128GB,128,New,319.95,,,3,2,Seller 146,"Los Angeles, California, United States",CA,3/25/2026
Apple iPhone 14 Plus 128GB A2632 (CDMA&GSM) Unlocked All Colors ~Used/Good!,iPhone 14 Plus,14,FALSE,128GB,128,Used,274.99,,,10,5,Seller 163,"Brooklyn, New York, United States",NY,3/29/2026
APPLE IPHONE 15 - 128GB - BLACK (FACTORY UNLOCKED) ✅ APPLE WARRANTY ✅ ❖SEALED❖,iPhone 15,15,FALSE,128GB,128,New,517.95,,,10,22,Seller 146,"Los Angeles, California, United States",CA,3/21/2026
Apple iPhone 13 128GB Unlocked AT&T T-Mobile Verizon Excellent Starlight White,iPhone 13,13,FALSE,128GB,128,Used,250,,,,,Seller 580,"Franklin, Tennessee, United States",TN,3/17/2026
iPhone 17 Air Apple - 256GB Light Gold (Unlocked),iPhone 17,17,FALSE,256GB,256,Open Box,848,,,3,,Seller 643,"Saratoga Springs, Utah, United States",UT,3/25/2026
iPhone 17 Air Apple - 256GB Black (Unlocked),iPhone 17,17,FALSE,256GB,256,Open Box,848,,,,1,Seller 643,"Saratoga Springs, Utah, United States",UT,3/25/2026
iPhone 17 Air Apple - 256GB sky Blue (Unlocked),iPhone 17,17,FALSE,256GB,256,Open Box,848,,,,1,Seller 643,"Saratoga Springs, Utah, United States",UT,3/25/2026
Apple iPhone 17 - 256 GB - Black (Unlocked ),iPhone 17,17,FALSE,256GB,256,Open Box,777,,,,,Seller 643,"Saratoga Springs, Utah, United States",UT,3/25/2026
Apple iPhone 17 - 256 GB - White (Unlocked ),iPhone 17,17,FALSE,256GB,256,Open Box,777,,,2,,Seller 643,"Saratoga Springs, Utah, United States",UT,3/25/2026
APPLE IPHONE 17 PRO MAX 256GB SILVER (UNLOCKED)✅PHYSICAL SIM CARD TRAY ✅❖SEALED❖,iPhone 17 Pro Max,17,TRUE,256GB,256,New,1734.95,,,5,5,Seller 146,"Los Angeles, California, United States",CA,
Apple iPhone 14 128GB | Sky Blue *FOR PARTS REPAIR*,iPhone 14,14,FALSE,128GB,128,For Parts Or Not Working,99.99,,,,,Seller 169,"Elm Grove, Wisconsin, United States",WI,
NEW*  Apple iPhone 17 | 256GB | Factory Unlocked ESIM | All Colors,iPhone 17,17,FALSE,256GB,256,Open Box,829.99,899,7.68,,7,Seller 015,"Bella Vista, Arkansas, United States",AR,3/27/2026
NEW*  Apple iPhone 17 Pro Max 256GB | Factory Unlocked ESIM | All Colors!,iPhone 17 Pro Max,17,TRUE,256GB,256,Open Box,1329.99,,,,5,Seller 015,"Bella Vista, Arkansas, United States",AR,3/29/2026
NEW*  Apple iPhone 17 Pro Max | 256GB Cosmic Orange | Factory Unlocked ESIM,iPhone 17 Pro Max,17,TRUE,256GB,256,Open Box,1329.99,,,,28,Seller 015,"Bella Vista, Arkansas, United States",AR,3/28/2026
Apple iPhone 17 Pro Max | 256GB Cosmic Orange | Factory Unlocked | Excellent,iPhone 17 Pro Max,17,TRUE,256GB,256,Excellent - Refurbished,1329.99,,,,16,Seller 015,"Bella Vista, Arkansas, United States",AR,3/28/2026
NEW*  Apple iPhone 17 Pro Max | 512GB | ESIM Factory Unlocked | All Colors!,iPhone 17 Pro Max,17,TRUE,512GB,512,Open Box,1499.99,,,,5,Seller 015,"Bella Vista, Arkansas, United States",AR,3/29/2026
OPEN BOX Apple iPhone 16 - 128 GB - (Unlocked) *Choose Your Color,iPhone 16,16,FALSE,128GB,128,Open Box,659.99,,,4,86,Seller 202,"Frisco, Texas, United States",TX,3/3/2026
Apple iPhone 12 Pro Max - 256 GB - Blue (Unlocked),iPhone 12 Pro Max,12,TRUE,256GB,256,Used,650,,,,,Seller 220,"Las Vegas, Nevada, United States",NV,
Apple iPhone 12 Pro Max TIKTOK & CAPCUT INSTALLED,iPhone 12 Pro Max,12,TRUE,,,Used,3500,,,,,Seller 516,"Orlando, Florida, United States",FL,
Apple iPhone 13 - 256 GB - White (Unlocked),iPhone 13,13,FALSE,256GB,256,Used,5000,,,,,Seller 328,"Lithonia, Georgia, United States",GA,
Apple iPhone 13 - 256 GB - White (Unlocked),iPhone 13,13,FALSE,256GB,256,New,2300,,,,,Seller 236,"Hephzibah, Georgia, United States",GA,
iphone 14 plus factory unlocked,iPhone 14 Plus,14,FALSE,,,Used,499.99,,,,,Seller 436,"Aurora, Indiana, United States",IN,
Apple iPhone 16 - 128 GB 256 GB 512 GB - Fully Unlocked - 100% Battery Excellent,iPhone 16,16,FALSE,128GB|256GB|512GB,128,Excellent - Refurbished,569,711.25,20,2,71,Seller 055,"Norwalk, California, United States",CA,3/28/2026
Apple iPhone 16 - 128 GB 256 GB - All Colors - Unlocked - 100% Battery Very Good,iPhone 16,16,FALSE,128GB|256GB,128,Very Good - Refurbished,549,686.25,20,,39,Seller 055,"Norwalk, California, United States",CA,3/28/2026
New Sealed Apple iPhone 14 PRO MAX 128/256/512GB FULLY UNLOCKED 2 YEAR WARRANTY,iPhone 14 Pro Max,14,TRUE,512GB,512,New,629.51,,,,2,Seller 155,"Whippany, New Jersey, United States",NJ,3/28/2026
FACTORY New Apple iPhone 14 PRO MAX 128/256/512GB UNLOCKED ALL COLORS&CARRIER US,iPhone 14 Pro Max,14,TRUE,512GB,512,New,629.51,,,,1,Seller 155,"Whippany, New Jersey, United States",NJ,3/28/2026
FACTORY NEW Apple iPhone 13 MINI 5G 512-256-128G FULLY UNLOCKED US FREE SHIPPING,iPhone 13 Mini,13,FALSE,,,New,321.43,,,,5,Seller 155,"Whippany, New Jersey, United States",NJ,3/28/2026
FACTORY NEW Apple iPhone 13 MINI 5G 512-256-128G FULLY UNLOCKED FREE DELIVERED,iPhone 13 Mini,13,FALSE,,,New,321.43,,,,35,Seller 155,"Whippany, New Jersey, United States",NJ,3/28/2026
Factory New in box Apple iPhone 14 5G 128-512G Unlocked GSM CDMA Free shipping,iPhone 14,14,FALSE,,,New,389.01,,,,4,Seller 155,"Whippany, New Jersey, United States",NJ,3/28/2026
"Apple iPhone 14 PLUS 6.7"" Factory 🔓 Unlocked",iPhone 14 Plus,14,FALSE,,,Used,345,,,,,Seller 380,"San Pablo, California, United States",CA,2/21/2026
Apple iPhone 17 Model A3520.A19. 256GB/512GB- 5 colors No Tariffs In US,iPhone 17,17,FALSE,256GB|512GB,256,New,1114.84,,,3,4,Seller 001,"Seongnam, South Korea",INTL,3/24/2026
FACTORY NEW Apple iPhone 14 PRO MAX 5G 128/256/512GB/1TB Unlocked Free delivered,iPhone 14 Pro Max,14,TRUE,512GB|1024GB,512,New,629.51,,,1,,Seller 155,"Los Angeles, California, United States",CA,3/28/2026
New in Sealed Box Apple iPhone 14 PRO MAX 5G 128-512GB FULLY UNLOCKED All Colors,iPhone 14 Pro Max,14,TRUE,512GB,512,New,629.51,,,,2,Seller 155,"Los Angeles, California, United States",CA,3/28/2026
New in box Apple iPhone 14 PRO MAX 128/256/512GB UNLOCKED US STOCK 2 YR WARRANTY,iPhone 14 Pro Max,14,TRUE,512GB,512,New,629.51,,,,4,Seller 155,"Whippany, New Jersey, United States",NJ,3/28/2026
Broken Unlocked Apple iPhone 12 Pro Max 128GB Cracked and Unable to Activate,iPhone 12 Pro Max,12,TRUE,128GB,128,For Parts Or Not Working,132.99,,,,,Seller 133,"Spring, Texas, United States",TX,3/29/2026
Apple iPhone 12 - Black-(Unlocked),iPhone 12,12,FALSE,,,New,359.99,,,2,,Seller 422,"Houston, Texas, United States",TX,
Apple iPhone 16 - 128 GB 256 GB - All Colors - Unlocked - 90%+ Battery Very Good,iPhone 16,16,FALSE,128GB|256GB,128,Very Good - Refurbished,539,673.75,20,,12,Seller 055,"Norwalk, California, United States",CA,3/28/2026
Apple iPhone 16 - 128 GB 256 GB 512 GB - Fully Unlocked - 90%+ Battery Excellent,iPhone 16,16,FALSE,128GB|256GB|512GB,128,Excellent - Refurbished,559,698.75,20,1,,Seller 055,"Norwalk, California, United States",CA,3/28/2026
Apple iPhone 17 A3258 256GB | MG464LL/A | Black | UNLOCKED,iPhone 17,17,FALSE,256GB,256,New,899.95,,,2,1,Seller 138,"American Fork, Utah, United States",UT,3/25/2026
Apple iPhone 13 - 128 GB - Midnight (Unlocked) 89% battery capacity,iPhone 13,13,FALSE,128GB,128,Used,910,,,,,Seller 602,"Los Angeles, California, United States",CA,3/12/2026
NEW Apple iPhone 14 PRO MAX 5G 128/256/512GB FULLY UNLOCKED ALL MEMORY&COLORS US,iPhone 14 Pro Max,14,TRUE,512GB,512,New,629.51,,,1,,Seller 155,"Whippany, New Jersey, United States",NJ,3/28/2026
NEW Apple iPhone 14 PRO MAX 5G 128/256/512G Verizon AT&T T-mobile FULLY UNLOCKED,iPhone 14 Pro Max,14,TRUE,,,New,629.51,,,1,,Seller 155,"Los Angeles, California, United States",CA,3/29/2026
"Apple iPhone 14 , 128GB, Silver - Unlocked",iPhone 14,14,FALSE,128GB,128,Used,333.6,,,,,Seller 106,"Springfield, Missouri, United States",MO,1/27/2026
Factory NEW Apple iPhone 14 PRO MAX 5G 128/256/512G FULLY UNLOCKED ALL GSM CDMA,iPhone 14 Pro Max,14,TRUE,,,New,629.51,,,1,,Seller 155,"Los Angeles, California, United States",CA,3/28/2026
Factory NEW Sealed Apple iPhone 13 5G -128GB/256GB/512GB UNLOCKED US Smartphone,iPhone 13,13,FALSE,128GB|256GB|512GB,128,New,430.69,,,,4,Seller 155,"Whippany, New Jersey, United States",NJ,3/28/2026
NEW Apple iPhone 13 MINI 5G 512/256/128G UNLOCKED ALL Colors&Carrier Smartphone,iPhone 13 Mini,13,FALSE,,,New,321.42,,,1,,Seller 155,"Whippany, New Jersey, United States",NJ,3/28/2026
NEW Apple iPhone 13 MINI 5G 512/256/128G UNLOCKED US STOCK T-mobile Verizon ATT,iPhone 13 Mini,13,FALSE,,,New,321.42,,,1,,Seller 155,"Whippany, New Jersey, United States",NJ,3/28/2026
"iPhone 14 pro max Factory unlocked 1TB Deep Purple COLOR, PERFECT CONDITION",iPhone 14 Pro Max,14,TRUE,1024GB,1024,Used,749.99,,,,,Seller 629,"Fort Lauderdale, Florida, United States",FL,3/25/2026
Apple iPhone 17 - 256 GB eSim - Mist Blue (Unlocked) Brand New Sealed MG484LL/A,iPhone 17,17,FALSE,256GB,256,New,824.74,,,2,4,Seller 678,"Columbus, Ohio, United States",OH,3/28/2026
NEW Apple iPhone 13 MINI 5G 512/256/128G FULLY UNLOCKED ALL Colors Smartphone,iPhone 13 Mini,13,FALSE,,,New,321.42,,,,4,Seller 155,"Los Angeles, California, United States",CA,3/28/2026
Apple iPhone 12 64GB 128GB 256GB Unlocked Smartphone,iPhone 12,12,FALSE,64GB|128GB|256GB,64,New,500,,,,,Seller 612,"West Orange, New Jersey, United States",NJ,3/25/2026
Apple iPhone 17 - 256 GB/512 GB - All Color - Unlocked - Excellent Condition,iPhone 17,17,FALSE,256GB|512GB,256,Excellent - Refurbished,769,,,2,2,Seller 055,"Norwalk, California, United States",CA,3/28/2026
Apple iPhone 17 - 256 GB/512 GB - All Color - Unlocked - Very Good Condition,iPhone 17,17,FALSE,256GB|512GB,256,Very Good - Refurbished,749,,,2,,Seller 055,"Norwalk, California, United States",CA,3/28/2026
Apple iPhone 16 256GB eSim Ultramarine Factory Unlocked New Sealed iOS 18,iPhone 16,16,FALSE,256GB,256,New,799.74,,,,,Seller 678,"Columbus, Ohio, United States",OH,
iPhone 16 Unlocked 100% - BRAND NEW NEVER USED,iPhone 16,16,FALSE,,,Open Box,599.99,,,,,Seller 319,"West Haven, Connecticut, United States",CT,
Apple iPhone 17 Pro Max A3257 256GB Unlocked Excellent Condition,iPhone 17 Pro Max,17,TRUE,256GB,256,Open Box,1249.96,,,,,Seller 487,"Highland, Michigan, United States",MI,3/23/2026
"APPLE IPHONE 14 PRO MAX 512GB UNLOCKED ""READ DESCRIPTION""",iPhone 14 Pro Max,14,TRUE,512GB,512,For Parts Or Not Working,250,,,,,Seller 405,"Barrie, Ontario, Canada",INTL,3/24/2026
BIG SALE Apple iPhone 17 Pro Max - 2 TB - Cosmic Orange (Unlocked),iPhone 17 Pro Max,17,TRUE,2048GB,2048,New,499,,,,4,Seller 500,"Nashua, New Hampshire, United States",NH,
New Apple iPhone 13 mini 5G 256GB/128GB Unlocked GSM+CDMA Smartphone US Stock,iPhone 13 Mini,13,FALSE,128GB|256GB,128,New,352.55,,,3,,Seller 498,"Edison, New Jersey, United States",NJ,
Apple iPhone 17 Pro Max A3257 256GB | Cosmic Orange | UNLOCKED,iPhone 17 Pro Max,17,TRUE,256GB,256,New,1449.98,,,,,Seller 138,"American Fork, Utah, United States",UT,3/25/2026
Mr Beast iPhone 17 Pro Max 256 Gb,iPhone 17 Pro Max,17,TRUE,256GB,256,New,1030,,,,,Seller 314,"Castro Valley, California, United States",CA,3/26/2026
NEW IN BOX Apple iPhone 13 MINI 5G 512GB/256GB/128GB FULLY UNLOCKED Smartphone,iPhone 13 Mini,13,FALSE,128GB|256GB|512GB,128,New,321.42,,,1,,Seller 155,"Los Angeles, California, United States",CA,3/28/2026
NEW IN Apple iPhone 14/14 Pro max 5G GSM CDMA FACTORY UNLOCKED US FREE DELIVERED,iPhone 14,14,FALSE,,,New,408.03,,,10,,Seller 155,"Whippany, New Jersey, United States",NJ,3/28/2026
Apple iPhone 17 - 256 GB - Sage (Unlocked),iPhone 17,17,FALSE,256GB,256,New,730,,,,,Seller 611,"Sellersville, Pennsylvania, United States",PA,3/26/2026
Apple iPhone 14 128GB - Fully Unlocked -,iPhone 14,14,FALSE,128GB,128,Open Box,264.99,,,,,Seller 636,"Pompano Beach, Florida, United States",FL,3/29/2026
Apple iPhone 17 Pro Max - 512 GB - Cosmic Orange (Unlocked),iPhone 17 Pro Max,17,TRUE,512GB,512,New,618.99,,,3,1,Seller 290,"Okeechobee, Florida, United States",FL,
Apple iPhone 17 Pro Max - 256 GB - Deep Blue (Unlocked),iPhone 17 Pro Max,17,TRUE,256GB,256,New,599,,,3,,Seller 297,"San Antonio, Texas, United States",TX,
NUEVO Smartphone Apple iPhone 13 MINI 5G 512GB/256GB/128GB DESBLOQUEADO Todos los Colores-,iPhone 13 Mini,13,FALSE,128GB|256GB|512GB,128,New,321.42,,,,,Seller 155,"Los Angeles, California, Estados Unidos",CA,3/28/2026
Apple iPhone 17 - 256 GB eSim - White (Unlocked) Brand New Sealed MG474LL/A,iPhone 17,17,FALSE,256GB,256,New,828.74,,,,,Seller 678,"Columbus, Ohio, United States",OH,
Apple iPhone 17 - 256 GB - Mist Blue (Unlocked),iPhone 17,17,FALSE,256GB,256,New,799.99,,,,,Seller 030,"Tampa, Florida, United States",FL,
iphone 17 pro max unlocked,iPhone 17 Pro Max,17,TRUE,,,New,750,,,,,Seller 489,"ETOBICOKE, Canada",INTL,
New Sealed Apple iPhone 12 Pro/12 Mini/13 Mini 5G Factory Unlocked All Carrier,iPhone 12 Pro,12,TRUE,,,New,332.08,,,5,8,Seller 648,"Whippany, New Jersey, United States",NJ,3/28/2026
New Apple iPhone 13 MINI/13 PRO MAX 128GB 256GB 512GB USA Unlocked Smartphone,iPhone 13 Mini,13,FALSE,128GB|256GB|512GB,128,New,321.43,,,,9,Seller 648,"Whippany, New Jersey, United States",NJ,3/28/2026
Apple iPhone 15 A2846 128GB Unlocked Very Good Condition,iPhone 15,15,FALSE,128GB,128,Very Good - Refurbished,390.99,899.99,56.56,,5921,Seller 050,"Addison, Texas, United States",TX,3/29/2026
Apple iPhone 15 Pro A2848 256GB Unlocked - Very Good Condition,iPhone 15 Pro,15,TRUE,256GB,256,Very Good - Refurbished,493.99,1199.99,58.83,,10769,Seller 050,"Addison, Texas, United States",TX,3/29/2026
Apple iPhone 15 Pro Max A2849 256GB Unlocked Very Good,iPhone 15 Pro Max,15,TRUE,256GB,256,Very Good - Refurbished,568.99,1299.99,56.23,,48450,Seller 050,"Addison, Texas, United States",TX,3/29/2026
Apple iPhone 15 Pro A2848 128GB Unlocked - Very Good Condition,iPhone 15 Pro,15,TRUE,128GB,128,Very Good - Refurbished,464.99,1099.99,57.73,,6346,Seller 050,"Addison, Texas, United States",TX,3/29/2026
New Apple iPhone 12 Mini/13 Mini/12 Pro/13 Pro Max Unlocked All Memory &Colors,iPhone 12 Mini,12,FALSE,,,New,332.08,,,5,2,Seller 648,"Whippany, New Jersey, United States",NJ,3/28/2026
【NEW SEALED】Apple iPhone 13 MINI 512GB-128GB FACTORY UNLOCKED GSM CDMA US STOCK,iPhone 13 Mini,13,FALSE,128GB|512GB,128,New,322.01,,,2,67,Seller 118,"Whippany, New Jersey, United States",NJ,3/28/2026
Apple iPhone 12 - 128 GB - Green (Boost Mobile),iPhone 12,12,FALSE,128GB,128,Used,4500,,,,,Seller 460,"Tampa, Florida, United States",FL,
IPHONE 14 PRO WITH TIK TOK AND CAPCUT,iPhone 14 Pro,14,TRUE,,,Used,3000,,,,,Seller 379,"Jacksonville, Florida, United States",FL,1/23/2025
IPhone 13 With TikTok,iPhone 13,13,FALSE,,,Used,1500,,,,,Seller 327,"Columbia, Tennessee, United States",TN,1/26/2025
Apple iPhone 13 - 256 GB - White (Unlocked),iPhone 13,13,FALSE,256GB,256,Used,3000,,,,,Seller 273,"Foley, Alabama, United States",AL,
TikTok App Included - Apple iPhone 13 - 256 GB - White (Unlocked),iPhone 13,13,FALSE,256GB,256,Used,5000,,,,,Seller 684,"Raleigh, North Carolina, United States",NC,1/25/2025
iPhone 14,iPhone 14,14,FALSE,,,New,600,,,,,Seller 222,"Hughson, California, United States",CA,
Apple iPhone 16 128GB Unlocked Very Good Condition,iPhone 16,16,FALSE,128GB,128,Very Good - Refurbished,570.99,732.99,22.1,,1994,Seller 050,"Addison, Texas, United States",TX,3/29/2026
Apple iPhone 16 128GB Unlocked Excellent Condition,iPhone 16,16,FALSE,128GB,128,Excellent - Refurbished,594.99,1299.99,54.23,,1494,Seller 050,"Addison, Texas, United States",TX,3/29/2026
New Apple iPhone 13/13 Mini 5G 128/256GB A2481 A2482 Factory Unlocked All Colors,iPhone 13,13,FALSE,256GB,256,New,321.43,,,,2,Seller 648,"Whippany, New Jersey, United States",NJ,3/28/2026
NewSealed Apple iPhone 13 MINI A2481 5G 128/256/512GB Unlocked USA Free shipping,iPhone 13 Mini,13,FALSE,512GB,512,New,321.43,,,,2,Seller 648,"Whippany, New Jersey, United States",NJ,3/28/2026
Sealed - Apple iPhone 14 Pro Max - 128 / 256/512 GB - (Unlocked) - Smartphone,iPhone 14 Pro Max,14,TRUE,512GB,512,Used,670.05,,,5,33,Seller 073,"HK, China",INTL,3/20/2026
Boxed - Apple iPhone 13 mini - 128/256/512GB All Colors(Unlocked) Very Good,iPhone 13 Mini,13,FALSE,512GB,512,Used,288.45,,,10,3,Seller 073,"HK, China",INTL,3/20/2026
Apple iPhone 13 - 128GB /256GB/512GB All Colors IOS Smartphone (Unlocked),iPhone 13,13,FALSE,128GB|256GB|512GB,128,Used,325.46,,,5,2,Seller 073,"HK, China",INTL,3/20/2026
"Apple iPhone 13, 128GB Unlocked - Used Very Good",iPhone 13,13,FALSE,128GB,128,Used,475,,,,,Seller 656,"Fort Lauderdale, Florida, United States",FL,7/14/2025
"Very Good Apple iPhone 12 - (Unlocked) 64GB/128GB/256GB 6.1"" Smartphone",iPhone 12,12,FALSE,64GB|128GB|256GB,64,Used,242.5,,,4,4,Seller 073,"HK, China",INTL,3/20/2026
Apple iPhone 15 Plus A2847 256GB Unlocked Very Good Condition,iPhone 15 Plus,15,FALSE,256GB,256,Very Good - Refurbished,423.99,999.99,57.6,,1614,Seller 050,"Addison, Texas, United States",TX,3/29/2026
NEW SEALED APPLE IPHONE 14 PRO MAX 128GB 256G 512G FACTORY UNLOCKED ALL GSM+CDMA,iPhone 14 Pro Max,14,TRUE,128GB,128,New,745.12,,,2,3,Seller 118,"Whippany, New Jersey, United States",NJ,3/28/2026
FACTORY NEW Apple iPhone 14 PRO MAX 5G 128/256/512GB/1TB Unlocked 2 YRS WARRANTY,iPhone 14 Pro Max,14,TRUE,512GB|1024GB,512,New,629.51,,,,1,Seller 648,"Whippany, New Jersey, United States",NJ,3/28/2026
"Apple iPhone 12 Pro Max - Unlocked 5G 6.7"" Smartphone Sealed in box",iPhone 12 Pro Max,12,TRUE,,,Used,340.71,,,4,9,Seller 073,"HK, China",INTL,3/20/2026
Apple iPhone 15 A2846 256GB Unlocked Excellent Condition,iPhone 15,15,FALSE,256GB,256,Excellent - Refurbished,442.99,648.02,31.64,,122,Seller 050,"Addison, Texas, United States",TX,3/29/2026
Apple iPhone 15 A2846 256GB Unlocked Very Good Condition,iPhone 15,15,FALSE,256GB,256,Very Good - Refurbished,410.99,949.99,56.74,,803,Seller 050,"Addison, Texas, United States",TX,3/29/2026
Apple iPhone 16 A3081 256GB Unlocked Excellent Condition,iPhone 16,16,FALSE,256GB,256,Excellent - Refurbished,588.99,1399.99,57.93,,170,Seller 050,"Addison, Texas, United States",TX,3/29/2026
New Apple iPhone 14 Pro Max 128GB 256GB Factory Unlocked AT&T T-Mobile Verizon,iPhone 14 Pro Max,14,TRUE,128GB|256GB,128,New,745.12,,,2,,Seller 118,"Whippany, New Jersey, United States",NJ,3/28/2026
New Sealed Apple iPhone 13 MINI 5G 128/256/512GB Unlocked USA All colors&carrier,iPhone 13 Mini,13,FALSE,512GB,512,New,321.43,,,,2,Seller 648,"Whippany, New Jersey, United States",NJ,3/28/2026
Factory New Apple iPhone 13 MINI /13/13 pro max/ 12 MINI/ 14/14 Pro Max Unlocked,iPhone 13 Mini,13,FALSE,,,New,332.01,,,3,5,Seller 118,"Whippany, New Jersey, United States",NJ,3/28/2026
Factory New Sealed Apple iPhone 14 Pro Max 6.7 in 128-512G Unlocked ALL GSM+CDMA,iPhone 14 Pro Max,14,TRUE,,,New,745.12,,,2,,Seller 118,"Whippany, New Jersey, United States",NJ,3/28/2026
New Sealed Apple iPhone 13 MINI A2481 128GB 256GB Factory Unlocked Smartphone US,iPhone 13 Mini,13,FALSE,128GB|256GB,128,New,321.43,,,,4,Seller 648,"Los Angeles, California, United States",CA,3/28/2026
Apple iPhone 14 Pro Max 512GB Deep Purple Unlocked,iPhone 14 Pro Max,14,TRUE,512GB,512,Used,650,,,,,Seller 389,"Cumming, Georgia, United States",GA,1/2/2026
"Apple iPhone 15 6.1"" Unlocked 128GB - (Blue) A2846 w/1 Year Warranty",iPhone 15,15,FALSE,128GB,128,Good - Refurbished,386.93,799,51.57,5,109,Seller 179,"San Marcos, California, United States",CA,3/29/2026
"Apple iPhone 12 64GB, Black, Used",iPhone 12,12,FALSE,64GB,64,Used,219.99,,,,,Seller 250,"Providence, Rhode Island, United States",RI,
NEW SEALED Apple iPhone 13 MINI 512GB-128GB 5.4 in FACTORY UNLOCKED ALL GSM CDMA,iPhone 13 Mini,13,FALSE,128GB|512GB,128,New,322.01,,,2,8,Seller 118,"Whippany, New Jersey, United States",NJ,3/28/2026
NEW SEALED APPLE IPHONE 14 PRO MAX 128GB 256G 512G FACTORY UNLOCKED ALL Carriers,iPhone 14 Pro Max,14,TRUE,128GB,128,New,745.12,,,2,2,Seller 118,"Los Angeles, California, United States",CA,3/28/2026
FACTORY NEW Apple iPhone 14 PRO MAX 5G 128/256/512GB/1TB Unlocked US CDMA& GSM,iPhone 14 Pro Max,14,TRUE,512GB|1024GB,512,New,629.51,,,1,,Seller 648,"Los Angeles, California, United States",CA,3/28/2026
NEW SEALED APPLE IPHONE 14 PRO MAX 128GB 256G 512G FACTORY UNLOCKED All Carrier,iPhone 14 Pro Max,14,TRUE,128GB,128,New,745.12,,,2,,Seller 118,"Los Angeles, California, United States",CA,3/28/2026
New Sealed Apple iPhone 12 Mini/13 Mini/12 Pro/13 Pro Max Unlocked 2 Yr warranty,iPhone 12 Mini,12,FALSE,,,New,332.08,,,5,1,Seller 648,"Whippany, New Jersey, United States",NJ,3/28/2026
New Apple iPhone 14 5G 128/256/512GB Factory Unlocked GSM CDMA USA Smartphone,iPhone 14,14,FALSE,512GB,512,New,389.01,,,,1,Seller 648,"Whippany, New Jersey, United States",NJ,3/28/2026
New in box Apple iPhone 14 5G US 128/256/512GB Fully Unlocked All colors&carrier,iPhone 14,14,FALSE,512GB,512,New,389.01,,,,1,Seller 648,"Los Angeles, California, United States",CA,3/28/2026
NEW SEALED APPLE IPHONE 14 PRO MAX 5G 128G 256G 512G FACTORY UNLOCKED USA STOCK,iPhone 14 Pro Max,14,TRUE,,,New,745.12,,,2,,Seller 118,"Whippany, New Jersey, United States",NJ,3/28/2026
New Apple iPhone 12 Unlocked 64/128/256GB Sealed Colours 5G Mobile FREE EXPRESS,iPhone 12,12,FALSE,256GB,256,Open Box,445.99,,,,2,Seller 249,"Gosnells, WA, Australia",INTL,2/24/2026
Apple iPhone 13 Mini/12 Mini Factory Unlocked 256GB/128GB ALL Carrier,iPhone 13 Mini,13,FALSE,128GB|256GB,128,Open Box,382.01,,,7,2,Seller 118,"Whippany, New Jersey, United States",NJ,3/28/2026
Apple iPhone 15 Pro A2848 128GB Unlocked - Excellent Refurbished,iPhone 15 Pro,15,TRUE,128GB,128,Excellent - Refurbished,479.95,,,,151,Seller 037,"Vernon Hills, Illinois, United States",IL,3/29/2026
NEW SEALED APPLE IPHONE 14 PRO MAX 128/256G 512G FACTORY UNLOCKED FAST Delivered,iPhone 14 Pro Max,14,TRUE,,,New,745.12,,,2,,Seller 118,"Los Angeles, California, United States",CA,3/28/2026
NEW SEALED APPLE IPHONE 14 PRO MAX 128G 256G 512GB FACTORY UNLOCKED USA STOCK,iPhone 14 Pro Max,14,TRUE,512GB,512,New,745.12,,,2,4,Seller 118,"Whippany, New Jersey, United States",NJ,3/28/2026
"Apple iPhone 12 64GB, Unlocked, Blue",iPhone 12,12,FALSE,64GB,64,Used,300,,,,,Seller 246,"Ferndale, Michigan, United States",MI,
Apple iPhone 13 128GB 256GB Unlocked - Very Good with Face ID,iPhone 13,13,FALSE,128GB|256GB,128,Used,325.46,,,2,,Seller 073,"HK, China",INTL,3/20/2026
Apple iPhone 13 128GB Unlocked MLMT3LL/A Broken for Parts,iPhone 13,13,FALSE,128GB,128,For Parts Or Not Working,160,,,,,Seller 600,"Oklahoma City, Oklahoma, United States",OK,2/8/2026
New Apple iPhone 13 Unlocked 64/128/256GB Sealed Colours 5G Mobile FREE EXPRESS,iPhone 13,13,FALSE,256GB,256,Open Box,584.99,,,,2,Seller 249,"Gosnells, WA, Australia",INTL,3/12/2026
New in Sealed Box Apple iPhone 13 MINI 128/256 /512Factory Unlocked US fast ship,iPhone 13 Mini,13,FALSE,,,New,322.01,,,2,9,Seller 118,"Los Angeles, California, United States",CA,3/28/2026
Factory New Sealed Apple iPhone 13 Mini /iPhone 13/12 Mini Unlocked GSM+CDMA,iPhone 13 Mini,13,FALSE,,,New,332.01,,,3,4,Seller 118,"Los Angeles, California, United States",CA,3/28/2026
Apple iPhone 13 mini - 128 GB - Starlight (Unlocked) - New Battery - 1 owner,iPhone 13 Mini,13,FALSE,128GB,128,Used,500,,,,,Seller 522,"San Jose, California, United States",CA,
New in Sealed Box Apple iPhone 13 Mini 5G 128GB-512GB FULLY UNLOCKED 2 Years WTY,iPhone 13 Mini,13,FALSE,128GB|512GB,128,New,322.01,,,2,7,Seller 118,"Los Angeles, California, United States",CA,3/28/2026
FACTORY NEW Apple iPhone 14 PRO MAX 5G 128/256/512GB/1TB Unlocked US Free shippi,iPhone 14 Pro Max,14,TRUE,512GB|1024GB,512,New,629.51,,,1,,Seller 648,"Los Angeles, California, United States",CA,3/28/2026
Apple iPhone 14 Pro Max - 128 GB - Deep Purple (Unlocked) 84% Battery health,iPhone 14 Pro Max,14,TRUE,128GB,128,Used,390,,,,,Seller 239,"Phoenix, Arizona, United States",AZ,1/22/2026
NEW in Apple iPhone 14 PRO MAX 5G 128/256/512GB/1TB Unlocked US stock All Colors,iPhone 14 Pro Max,14,TRUE,512GB|1024GB,512,New,629.51,,,1,,Seller 648,"Los Angeles, California, United States",CA,3/28/2026
Apple iPhone 13 - 128 GB Pink (Unlocked),iPhone 13,13,FALSE,128GB,128,Used,380,,,,,Seller 502,"Honolulu, Hawaii, United States",HI,
Apple iPhone 14 6.1 inch 128GB A2649 Unlocked Puple - Open Box,iPhone 14,14,FALSE,128GB,128,Open Box,419.95,,,,1,Seller 116,"Land O' Lakes, Florida, United States",FL,2/22/2026
Apple iPhone 17 A3258 256GB Unlocked Excellent Condition,iPhone 17,17,FALSE,256GB,256,Excellent - Refurbished,847.99,,,10,59,Seller 050,"Addison, Texas, United States",TX,3/29/2026
Apple iPhone 17 A3258 256GB Unlocked Very Good Condition,iPhone 17,17,FALSE,256GB,256,Very Good - Refurbished,803.99,,,10,42,Seller 050,"Addison, Texas, United States",TX,3/29/2026
New Apple iPhone 13 MINI A2481 128/256/512GB Unlocked All Carrie Fast shipping,iPhone 13 Mini,13,FALSE,512GB,512,New,321.43,,,1,,Seller 648,"Whippany, New Jersey, United States",NJ,3/28/2026
New Sealed Box Apple iPhone 13 Mini Factory Unlocked Compatible with all carrier,iPhone 13 Mini,13,FALSE,,,New,322.01,,,2,,Seller 118,"Brooklyn, New York, United States",NY,3/28/2026
Apple iPhone 17 Pro Max A3257 512GB Unlocked Excellent Condition,iPhone 17 Pro Max,17,TRUE,512GB,512,Excellent - Refurbished,1525.99,,,,80,Seller 050,"Addison, Texas, United States",TX,3/29/2026
NEW SEALED APPLE IPHONE 14 PRO MAX 128GB 256G 512G 1TB FACTORY UNLOCKED 2YR WATY,iPhone 14 Pro Max,14,TRUE,128GB|1024GB,128,New,745.12,,,2,,Seller 118,"Los Angeles, California, United States",CA,3/28/2026
Factory New Sealed Apple iPhone 13 MINI/14/iPhone 14 Pro Max 128G-512GB Unlocked,iPhone 14 Pro Max,14,TRUE,512GB,512,New,332.01,,,3,6,Seller 118,"Whippany, New Jersey, United States",NJ,3/28/2026
New sealed Apple iPhone 13 MINI 5G 128/256/512GB Unlocked All Carrie Fast shipp,iPhone 13 Mini,13,FALSE,512GB,512,New,321.41,,,,1,Seller 648,"Los Angeles, California, United States",CA,3/28/2026
New Sealed Apple iPhone 13 Mini/12 Mini/iPhone 13 Unlocked 512-128G ALL Carrier,iPhone 13 Mini,13,FALSE,,,New,332.01,,,3,,Seller 118,"Los Angeles, California, United States",CA,3/28/2026
Apple iPhone 16 - 128 GB - Black (Factory Unlocked) - Brand New & Sealed,iPhone 16,16,FALSE,128GB,128,New,669.95,,,,,Seller 116,"Land O' Lakes, Florida, United States",FL,3/10/2026
"Sealed Apple iPhone 13 Mini A2481 5G 128/256/512GB 5.4""USA Fully Unlocked Phone",iPhone 13 Mini,13,FALSE,512GB,512,New,321.43,,,,1,Seller 648,"Los Angeles, California, United States",CA,3/28/2026
Apple iPhone 14 eSIM 128GB Midnight Unlocked Clean IMEI BH=96% Charged 46 Times,iPhone 14,14,FALSE,128GB,128,Used,289.99,,,,,Seller 188,"Shawnee, Kansas, United States",KS,3/18/2026
Apple iPhone 13 5G A2482 128GB Fully Unlocked Clean IMEI BH= 95%,iPhone 13,13,FALSE,128GB,128,Used,239.99,,,,,Seller 188,"Shawnee, Kansas, United States",KS,3/25/2026
Apple iPhone 14 eSIM 128GB Midnight Unlocked Clean IMEI BH=100% Charged 24 times,iPhone 14,14,FALSE,128GB,128,Used,309.99,,,,,Seller 188,"Shawnee, Kansas, United States",KS,
Apple iPhone 13 5G A2482 128GB Unlocked Clean IMEI BH= 100% charged 44 times,iPhone 13,13,FALSE,128GB,128,Used,251.11,,,,,Seller 188,"Shawnee, Kansas, United States",KS,3/20/2026
Apple iPhone 12 - 64 GB - Black (Unlocked) - New Battery - Fast Shipping,iPhone 12,12,FALSE,64GB,64,Used,179.99,,,,,Seller 263,"Vilnius, Lithuania",INTL,
Apple iPhone 12 - 64 GB - Blue (Unlocked) - 88% Battery - Great Condition,iPhone 12,12,FALSE,64GB,64,Used,196,,,,,Seller 263,"Vilnius, Lithuania",INTL,
Apple iPhone 13 Mini 128GB Unlocked Midnight - Open Box Condition - Battery 100%,iPhone 13 Mini,13,FALSE,128GB,128,Open Box,339.95,,,7,1,Seller 116,"Land O' Lakes, Florida, United States",FL,3/25/2026
"New in Sealed Box Apple iPhone 13 Mini A2481 5G 128/256/512G 5.4"" Unlocked Phone",iPhone 13 Mini,13,FALSE,,,New,321.43,,,1,,Seller 648,"Los Angeles, California, United States",CA,3/28/2026
APPLE IPHONE 17 Pro Max 256GB - WITH SIM TRAY (UNLOCKED) NEW SEALED ORANGE 📦✈️,iPhone 17 Pro Max,17,TRUE,256GB,256,New,1775.95,,,10,,Seller 429,"Norwalk, California, United States",CA,3/26/2026
New Factory Unlocked Apple iPhone 16 128GB White MYD93LL/A,iPhone 16,16,FALSE,128GB,128,New,679.99,,,,,Seller 124,"Dublin, California, United States",CA,3/29/2026
"Apple iPhone 13, 128/256/512GB - Unlocked - Used Good - All colors",iPhone 13,13,FALSE,512GB,512,Used,310,,,,,Seller 341,"Alexandria, Louisiana, United States",LA,
"Apple iPhone 12 A2172 64GB Black 6.1"" Unlocked iOS 26 82% Battery Health",iPhone 12,12,FALSE,64GB,64,Used,199.99,,,3,,Seller 120,"Eden Prairie, Minnesota, United States",MN,3/20/2026
Apple iPhone 13 256GB Unlocked Blue,iPhone 13,13,FALSE,256GB,256,Used,300,,,,,Seller 652,"Rock Island, Illinois, United States",IL,
Apple iPhone 16 - 256 GB - Black (Unlocked),iPhone 16,16,FALSE,256GB,256,Open Box,550,,,,,Seller 664,"Richmond, Virginia, United States",VA,3/25/2026
Apple iPhone 17 Pro Max - 1 TB - Cosmic Orange (Unlocked),iPhone 17 Pro Max,17,TRUE,1024GB,1024,New,589,,,4,1,Seller 640,"Opa-Locka, Florida, United States",FL,
Apple iPhone 16 128GB Unlocked Black - Open Box Condition,iPhone 16,16,FALSE,128GB,128,Open Box,609.95,,,,,Seller 116,"Land O' Lakes, Florida, United States",FL,
New sealed Apple iPhone 14 5G 128-256-512GB Factory Unlocked USA STOCK GSM CDMA,iPhone 14,14,FALSE,512GB,512,New,389.01,,,1,,Seller 648,"Whippany, New Jersey, United States",NJ,3/28/2026
Apple iPhone 17 Pro Max - 1 TB - Silver (Unlocked),iPhone 17 Pro Max,17,TRUE,1024GB,1024,New,610,,,2,,Seller 449,"Akron, Ohio, United States",OH,
Apple iPhone 14 A2649 eSIM 128GB Midnight Unlocked Clean IMEI BH=100%,iPhone 14,14,FALSE,128GB,128,Used,279.99,,,,,Seller 188,"Shawnee, Kansas, United States",KS,
New in Sealed Apple iPhone 13 Mini A2481 5G 128/256/512G 5.4in Unlocked Phones,iPhone 13 Mini,13,FALSE,,,New,321.43,,,1,,Seller 648,"Los Angeles, California, United States",CA,3/28/2026
NEW IN Apple iPhone 14/14 Pro max 5G 128G-1TB GSM CDMA FACTORY UNLOCKED US STOCK,iPhone 14,14,FALSE,1024GB,1024,New,408.03,,,10,,Seller 648,"Whippany, New Jersey, United States",NJ,3/28/2026
Apple iPhone 16 A3081 eSIM 5G 128GB Unlocked Clean IMEI BH=100% Charged 0 Times,iPhone 16,16,FALSE,128GB,128,Open Box,599.99,,,,,Seller 188,"Shawnee, Kansas, United States",KS,
Apple iPhone 13 – 128GB – Midnight –LOCKED Smartphone Cell Phone – Good,iPhone 13,13,FALSE,128GB,128,Used,65,,,,,Seller 515,"Glen Burnie, Maryland, United States",MD,
Apple iPhone 16 A3081 eSIM 5G 128GB Unlocked Clean IMEI BH=100% Charged 14 Times,iPhone 16,16,FALSE,128GB,128,Open Box,515.55,,,,,Seller 188,"Shawnee, Kansas, United States",KS,
Apple iPhone 17 - 512 GB - Black (Unlocked),iPhone 17,17,FALSE,512GB,512,New,399.99,,,4,,Seller 461,"Myrtle Beach, South Carolina, United States",SC,
Apple iPhone 17 - 512 GB - Black (Unlocked),iPhone 17,17,FALSE,512GB,512,New,399.99,,,4,,Seller 413,"Murrieta, California, United States",CA,
Apple iPhone 14 eSIM 128GB Midnight Unlocked Clean IMEI BH=99% Charged 56 Times,iPhone 14,14,FALSE,128GB,128,Used,289.99,,,,,Seller 188,"Shawnee, Kansas, United States",KS,
Brand New Sealed Apple iPhone 12 128GB Blue 5G Unlocked Any Carrier Worldwide,iPhone 12,12,FALSE,128GB,128,New,679,,,,,Seller 245,"Encinitas, California, United States",CA,
"Apple iPhone 16 White, 128GB, Unlocked,",iPhone 16,16,FALSE,128GB,128,Open Box,450,,,,,Seller 623,"Brooklyn, New York, United States",NY,
Apple iPhone 12 Pro Max - 256 GB - Pacific Blue (Used & Unlocked),iPhone 12 Pro Max,12,TRUE,256GB,256,Used,145.5,,,,,Seller 213,"Charlotte, North Carolina, United States",NC,
Unlocked Apple iPhone 13 128GB 26.3 Pink MLMN3LL/A,iPhone 13,13,FALSE,128GB,128,Used,219.99,,,,,Seller 129,"Overland Park, Kansas, United States",KS,3/29/2026
Apple iPhone 12 Pro Max - 128GB - Silver (Unlocked) Smartphone,iPhone 12 Pro Max,12,TRUE,128GB,128,Used,243.75,,,,,Seller 337,"Aurora, Illinois, United States",IL,
iPhone 16 128GB Black Unlocked Excellent Condition,iPhone 16,16,FALSE,128GB,128,Open Box,320,,,,,Seller 532,"Boca Raton, Florida, United States",FL,
Apple iPhone 17 Pro Max - 512 GB - Cosmic Orange (Unlocked),iPhone 17 Pro Max,17,TRUE,512GB,512,New,600,,,,,Seller 368,"Washington, District Of Columbia, United States",WA,
Apple iPhone 12 PRO Max Verizon AT&T T-Mobile GSM Factory Unlocked Phone - Good,iPhone 12 Pro Max,12,TRUE,,,Used,279.95,,,8,254,Seller 045,"Harriman, New York, United States",NY,3/28/2026
Apple iPhone 13 Mini - Verizon AT&T T-Mobile GSM Factory Unlocked Phone - Good,iPhone 13 Mini,13,FALSE,,,Used,209.95,,,17,73,Seller 045,"Harriman, New York, United States",NY,3/28/2026
Apple iPhone 13 - 128GB - Pink (AT&T),iPhone 13,13,FALSE,128GB,128,Open Box,650,,,,,Seller 453,"Nashville, Tennessee, United States",TN,
Apple iPhone 12 - 128GB - white (Unlocked),iPhone 12,12,FALSE,128GB,128,Open Box,800,,,,,Seller 571,"Bedford, Texas, United States",TX,12/14/2025
"apple iPhone 14 Pro MAX 6.7"" Verizon AT&T T-Mobile GSM Unlocked Phone 5G parts",iPhone 14 Pro Max,14,TRUE,,,For Parts Or Not Working,319.99,,,,71,Seller 045,"Harriman, New York, United States",NY,3/25/2026
Apple iPhone 13 (5G) 512GB | 256GB | 128GB | GSM+CDMA Factory Unlocked,iPhone 13,13,FALSE,128GB|256GB|512GB,128,Open Box,279.88,,,,448,Seller 110,"Brooklyn, New York, United States",NY,3/26/2026
Apple iPhone 13 (5G) 512GB | 256GB | 128GB | GSM+CDMA Factory Unlocked Excellent,iPhone 13,13,FALSE,128GB|256GB|512GB,128,Excellent - Refurbished,259.88,,,10,324,Seller 110,"Brooklyn, New York, United States",NY,3/26/2026
"apple iPhone 14 Pro MAX 6.7"" Verizon AT&T T-Mobile GSM Unlocked Phone 5G mic",iPhone 14 Pro Max,14,TRUE,,,Used,444.99,,,2,,Seller 045,"Harriman, New York, United States",NY,3/4/2026
apple iPhone 14+ Plus Verizon AT&T T-Mobile GSM Factory Unlocked Phone 5G crkd,iPhone 14,14,FALSE,,,Used,269.99,,,1,,Seller 045,"Harriman, New York, United States",NY,3/4/2026
apple iPhone 12 Verizon AT&T T-Mobile GSM 64GB red Unlocked Cell Phone - mic,iPhone 12,12,FALSE,64GB,64,Used,144.99,,,,2,Seller 045,"Harriman, New York, United States",NY,3/4/2026
TIKTOK iPhone 12 Pro Max - 512 GB - Blue Paid Off,iPhone 12 Pro Max,12,TRUE,512GB,512,Used,2999,,,,,Seller 242,"Goodyear, Arizona, United States",AZ,1/25/2025
Apple iPhone 13 - 256 GB - White (Unlocked),iPhone 13,13,FALSE,256GB,256,Used,5000,,,,,Seller 272,"Midlothian, Texas, United States",TX,
iphone 13 unlocked With Tik Tok installed,iPhone 13,13,FALSE,,,Used,2000,,,,,Seller 483,"Dallas, Texas, United States",TX,
apple iPhone 14+ Plus Verizon AT&T T-Mobile GSM Factory Unlocked Phone 5G prt,iPhone 14,14,FALSE,,,For Parts Or Not Working,209.99,,,,8,Seller 045,"Harriman, New York, United States",NY,3/25/2026
"apple iPhone 14 Pro MAX 6.7"" Verizon AT&T T-Mobile GSM Factory Unlocked READ cam",iPhone 14 Pro Max,14,TRUE,,,For Parts Or Not Working,299.99,,,1,,Seller 045,"Harriman, New York, United States",NY,3/4/2026
apple iPhone 14 Verizon AT&T T-Mobile GSM Fully Unlocked Phone 5G crack/dead cam,iPhone 14,14,FALSE,,,For Parts Or Not Working,139.99,,,,3,Seller 045,"Harriman, New York, United States",NY,3/4/2026
Apple iPhone 14 PRO MAX A2651 Factory Unlocked 256GB GSM CDMA Black Excellent Re,iPhone 14 Pro Max,14,TRUE,256GB,256,Excellent - Refurbished,755.99,,,1,,Seller 058,"Granada Hills, California, United States",CA,12/16/2025
Apple iPhone 14 Plus 14+ Factory Unlocked 128GB A2632 1Y Extended Warranty Used,iPhone 14 Plus,14,FALSE,128GB,128,Used,369.99,,,2,,Seller 058,"Granada Hills, California, United States",CA,2/14/2026
Apple iPhone 14 PRO MAX A2651 Factory Unlocked 256GB GSM CDMA Phone Used Great,iPhone 14 Pro Max,14,TRUE,256GB,256,Used,735.99,,,2,,Seller 058,"Granada Hills, California, United States",CA,12/16/2025
Apple iPhone 14 PRO MAX A2651 Factory Unlocked 1TB GSM CDMA Phone Used Condition,iPhone 14 Pro Max,14,TRUE,1024GB,1024,Used,661.99,,,1,,Seller 058,"Granada Hills, California, United States",CA,12/29/2025
Apple iphone 14 PRO MAX Factory Unlocked 256GB GSM CDMA,iPhone 14 Pro Max,14,TRUE,256GB,256,Excellent - Refurbished,759.99,,,,1,Seller 058,"Granada Hills, California, United States",CA,12/16/2025
apple iPhone 14 Verizon AT&T T-Mobile GSM Factory Fully Unlocked Phone 5G crk bk,iPhone 14,14,FALSE,,,Used,254.99,,,,1,Seller 045,"Harriman, New York, United States",NY,3/4/2026
Apple iPhone 15 256GB Unlocked - Excellent,iPhone 15,15,FALSE,256GB,256,Excellent - Refurbished,468.95,899,47.84,,130,Seller 025,"Clifton, New Jersey, United States",NJ,3/29/2026
Apple iPhone 14 - (Unlocked) - 256GB - A2649 - All Colors - Good,iPhone 14,14,FALSE,256GB,256,Good - Refurbished,299,,,5,2,Seller 093,"Brooklyn, New York, United States",NY,2/1/2026
Apple iPhone 15 eSim (5G) 512GB | 256GB | 128GB | GSM+CDMA Factory Unlocked,iPhone 15,15,FALSE,128GB|256GB|512GB,128,Open Box,409.88,,,2,93,Seller 110,"Brooklyn, New York, United States",NY,3/27/2026
Apple iPhone 14 Factory Unlocked 128GB A2649 New OPN Box AT&T T-Mobile Verizon,iPhone 14,14,FALSE,128GB,128,Open Box,354.99,,,7,3,Seller 058,"Granada Hills, California, United States",CA,2/14/2026
Apple iPhone 13 128GB A2631 Factory Unlocked black certified refurb,iPhone 13,13,FALSE,128GB,128,Excellent - Refurbished,319.99,,,9,1,Seller 058,"Granada Hills, California, United States",CA,1/22/2026
Apple iPhone 12 Factory Unlocked 64GB A2172 GSM 1 Year Ext Warranty,iPhone 12,12,FALSE,64GB,64,Excellent - Refurbished,198.99,,,2,1,Seller 058,"Granada Hills, California, United States",CA,2/7/2026
iPhone 12 Pro Max 256 GB Azul Pacífico - Usado-,iPhone 12 Pro Max,12,TRUE,256GB,256,Used,300,,,,,Seller 547,"Chatsworth, California, Estados Unidos",CA,3/3/2026
Apple iPhone 12 Red 64GB For Parts Only,iPhone 12,12,FALSE,64GB,64,For Parts Or Not Working,124.99,,,,,Seller 107,"Kingwood, Texas, United States",TX,3/12/2026
Apple iPhone 17 Pro Max 256GB Orange UNLOCKED - FREE USPS PRIORITY MAIL EXPRESS,iPhone 17 Pro Max,17,TRUE,256GB,256,New,1496.89,,,,,Seller 014,"Flushing, New York, United States",NY,3/13/2026
Open Box Apple iPhone 13 128GB A2482 Factory Unlocked White,iPhone 13,13,FALSE,128GB,128,Open Box,309.99,,,,1,Seller 058,"Granada Hills, California, United States",CA,
Broken Unlocked Apple iPhone 12 Pro Max 128GB 18.5 MGA93LL/A Service Battery,iPhone 12 Pro Max,12,TRUE,128GB,128,For Parts Or Not Working,199.99,,,,,Seller 130,"Austin, Texas, United States",TX,3/29/2026
Apple iPhone 12 Factory Unlocked 128GB A2172 GSM 1Y Ext Warranty,iPhone 12,12,FALSE,128GB,128,Excellent - Refurbished,244.99,,,1,,Seller 058,"Granada Hills, California, United States",CA,
"Apple iPhone 14 Pro Max 128GB Unlocked, White/Silver without Box Authentic",iPhone 14 Pro Max,14,TRUE,128GB,128,Used,589.99,,,,,Seller 620,"Orlando, Florida, United States",FL,2/17/2026
Apple iPhone 13 128GB Unlocked Verizon Excellent Used Condition - Pink,iPhone 13,13,FALSE,128GB,128,Used,275,,,,,Seller 466,"Parsonsfield, Maine, United States",ME,3/18/2026
SimLocked Apple iPhone 13 - 128GB (Total Wireless),iPhone 13,13,FALSE,128GB,128,Used,199.96,,,,,Seller 161,"New Port Richey, Florida, United States",FL,3/6/2026
Factory New Sealed Box Apple iPhone 13 MINI A2481 128/256GB Unlocked Smartphone,iPhone 13 Mini,13,FALSE,256GB,256,New,321.88,,,2,2,Seller 373,"Whippany, New Jersey, United States",NJ,3/28/2026
"NEW Sealed Apple iPhone 13 Mini 5G A2481 128/256/512GB 5.4"" Factory Unlocked US",iPhone 13 Mini,13,FALSE,512GB,512,New,321.88,,,2,,Seller 373,"Whippany, New Jersey, United States",NJ,3/28/2026
New in Sealed Box Apple iPhone 13 MINI A2481 128/256 Factory Unlocked Smartphone,iPhone 13 Mini,13,FALSE,,,New,321.88,,,2,,Seller 373,"Whippany, New Jersey, United States",NJ,3/28/2026
Factory New Sealed Box Apple iPhone 13 MINI A2481 128GB USA Unlocked Smartphone,iPhone 13 Mini,13,FALSE,128GB,128,New,321.99,,,2,,Seller 373,"Whippany, New Jersey, United States",NJ,3/28/2026
Apple iPhone 14 - 128GB (Unlocked) Black Red Starlight Blue - Excellent,iPhone 14,14,FALSE,128GB,128,Used,279.95,,,,3,Seller 200,"Louisville, Kentucky, United States",KY,3/26/2026
Apple iPhone 17 - 256GB White (Verizon) Smartphone BRAND NEW,iPhone 17,17,FALSE,256GB,256,New,715,,,2,,Seller 386,"Clovis, California, United States",CA,
NEW SEALED iPhone 13 mini (5G) A2481 128GB GSM+CDMA Factory Unlocked Smartphone,iPhone 13 Mini,13,FALSE,128GB,128,New,353.88,,,5,,Seller 485,"Edison, New Jersey, United States",NJ,
New Sealed Box Apple iPhone 13 MINI 128/256GB Factory Unlocked GSM+CDMA US SHIP,iPhone 13 Mini,13,FALSE,256GB,256,New,321.88,,,2,,Seller 373,"Whippany, New Jersey, United States",NJ,3/28/2026
Apple iPhone 16 (6.1-inch) Smartphone (A3081) Unlocked - 128GB / Black,iPhone 16,16,FALSE,128GB,128,Open Box,650,,,,,Seller 374,"Bronx, New York, United States",NY,
Brand New Unopened Apple iPhone 17 Purple 256 GB,iPhone 17,17,FALSE,256GB,256,New,850,,,,,Seller 527,"Amherst, Massachusetts, United States",MA,
Apple iPhone 14 - 128GB (Unlocked) Black Red Starlight Blue - Average Condition,iPhone 14,14,FALSE,128GB,128,Used,229.95,,,1,,Seller 200,"Louisville, Kentucky, United States",KY,
Apple iPhone 17 Pro Max 256GB Cosmic Orange Unlocked Smartphone,iPhone 17 Pro Max,17,TRUE,256GB,256,New,810,,,,,Seller 353,"Washington, District Of Columbia, United States",WA,
Apple iPhone 12 64BG Unlocked all Carriers - Good condition,iPhone 12,12,FALSE,,,Used,180,,,,,Seller 434,"Canyon Country, California, United States",CA,3/27/2026
Apple iPhone 17 Pro Max 1TB Cosmic Orange Unlocked Smartphone,iPhone 17 Pro Max,17,TRUE,1024GB,1024,Open Box,1427,,,,,Seller 353,"Washington, District Of Columbia, United States",WA,
Apple iPhone 17 - 512 GB - White (Unlocked),iPhone 17,17,FALSE,512GB,512,New,459,,,4,,Seller 257,"Amherst, Ohio, United States",OH,
Apple iPhone 17 - 512 GB - White (Unlocked),iPhone 17,17,FALSE,512GB,512,New,459,,,4,,Seller 607,"Tampa, Florida, United States",FL,
Apple iPhone 17 Pro Max - 2 TB - Cosmic Orange (Unlocked),iPhone 17 Pro Max,17,TRUE,2048GB,2048,New,599,,,2,,Seller 442,"Bronx, New York, United States",NY,
Broken Unlocked Apple iPhone 12 128GB 17.7.2 MGGA3LL/A READ,iPhone 12,12,FALSE,128GB,128,For Parts Or Not Working,119.99,,,,,Seller 123,"Dayton, Ohio, United States",OH,3/29/2026
iPhone 17 Pro Max,iPhone 17 Pro Max,17,TRUE,,,New,290,,,,,Seller 441,"Bronx, New York, United States",NY,3/29/2026
New Apple iPhone 17e - 256GB - Black - Xfinity - NEEDS UNLOCKED,iPhone 17,17,FALSE,256GB,256,New,599,,,,,Seller 175,"Ellicott City, Maryland, United States",MD,
Apple iPhone 17 Pro Max - 2 TB - Cosmic Orange (Unlocked),iPhone 17 Pro Max,17,TRUE,2048GB,2048,New,499.99,,,5,,Seller 397,"Edmond, Oklahoma, United States",OK,
"Apple iPhone 15 Pro 128GB Blue Titanium, Unlocked, 6.1-inch (A2848)",iPhone 15 Pro,15,TRUE,128GB,128,Open Box,519.99,,,,,Seller 344,"Baltimore, Maryland, United States",MD,
"APPLE 2025 iPHONE 17 PRO MAX 6.9"" 256GB/512GB/1TB/2TB UNLOCKED (A3526 DUAL SIM)",iPhone 17 Pro Max,17,TRUE,256GB|512GB|1024GB|2048GB,256,New,2230,,,8,12,Seller 159,"Hong Kong, Hong Kong",INTL,3/17/2026
New Sealed Apple iPhone 12 Pro/12 Mini/13 Mini 13 Pro Max Unlocked Fast delivery,iPhone 12 Pro,12,TRUE,,,New,332.01,,,3,6,Seller 172,"Whippany, New Jersey, United States",NJ,3/28/2026
Apple iPhone 12 Pro Max 5G 6.7in 128GB 256GB OLED 12MP Camera IOS 3687mAh,iPhone 12 Pro Max,12,TRUE,128GB|256GB,128,Used,388,,,1,,Seller 006,"China, China",INTL,3/21/2026
Apple iPhone 13 - 256 GB - black (unlocked) HAS TIK TOK APP INSTALLED!!,iPhone 13,13,FALSE,256GB,256,Used,3000,,,,,Seller 231,"Dothan, Alabama, United States",AL,
iPhone 13 With TikTok,iPhone 13,13,FALSE,,,Used,2000,,,,,Seller 212,"Brooklyn, New York, United States",NY,
Apple iPhone 12 Pro Max with TIKTOC!!!- 128 GB - Silver (AT&T),iPhone 12 Pro Max,12,TRUE,128GB,128,New,3500,,,,,Seller 279,"El Paso, Texas, United States",TX,1/26/2025
Apple iPhone 13 - 256 GB - White (Unlocked) TIKTOK Installed 50k+likes,iPhone 13,13,FALSE,256GB,256,New,500,,,,,Seller 550,"Coffeeville, Mississippi, United States",MS,1/24/2025
New Apple iPhone 13 Mini 128GB/256/512 A2626 Factory Unlocked for All Carriers,iPhone 13 Mini,13,FALSE,128GB,128,New,322.01,,,2,6,Seller 531,"Whippany, New Jersey, United States",NJ,3/28/2026
Apple iPhone 13 Mini 128GB A2481 Factory Unlocked for All Carriers 1 Yr Warranty,iPhone 13 Mini,13,FALSE,128GB,128,Open Box,279.99,,,11,94,Seller 505,"Dunellen, New Jersey, United States",NJ,3/28/2026
New Apple iPhone 13 MINI A2481 5G 128GB Unlocked GSM CDMA Verizon T-Mobile At&T,iPhone 13 Mini,13,FALSE,128GB,128,New,323.99,,,5,,Seller 650,"Whippany, New Jersey, United States",NJ,3/28/2026
New Apple iPhone 13 MINI 5G 128GB Unlocked GSM CDMA Verizon T-Mobile At&T,iPhone 13 Mini,13,FALSE,128GB,128,New,323.99,,,5,,Seller 650,"Whippany, New Jersey, United States",NJ,3/28/2026
New Apple iPhone 13 MINI 5G 128GB Unlocked GSM Verizon T-Mobile At&T Phone,iPhone 13 Mini,13,FALSE,128GB,128,New,323.99,,,5,,Seller 650,"Whippany, New Jersey, United States",NJ,3/28/2026
New Apple iPhone 13 MINI A2481 5G 128GB Unlocked GSM Verizon T-Mobile At&T,iPhone 13 Mini,13,FALSE,128GB,128,New,323.99,,,5,,Seller 650,"Whippany, New Jersey, United States",NJ,3/28/2026
Apple iPhone 12 Series- 64 GB - Black (Unlocked) Exccellent Condition,iPhone 12,12,FALSE,64GB,64,New,444,,,,,Seller 478,"Johannesburg 2191, South Africa",INTL,1/6/2026
New-Sealed Apple iPhone 13 MINI 256GB 128GB Factory Unlocked 2 YEARS WARRANTY l,iPhone 13 Mini,13,FALSE,128GB|256GB,128,New,327.55,,,5,2,Seller 650,"Whippany, New Jersey, United States",NJ,3/28/2026
iPhone 12 Pro Max 256 GB,iPhone 12 Pro Max,12,TRUE,256GB,256,Used,479,,,,,Seller 266,"Brockton, Massachusetts, United States",MA,12/28/2025
"New Sealed Apple iPhone 13 Mini/12 Mini 128GB - USA Stock, Factory Unlocked",iPhone 13 Mini,13,FALSE,128GB,128,New,335.99,,,3,44,Seller 650,"Whippany, New Jersey, United States",NJ,3/28/2026
New in Box APPLE IPHONE 14 PRO MAX 512G/256/128GB Factory Unlocked ALL GSM+CDMA,iPhone 14 Pro Max,14,TRUE,128GB,128,New,745.12,,,2,,Seller 172,"Whippany, New Jersey, United States",NJ,3/28/2026
Apple iPhone 12 Pro Max 256 GB Graphite SIM-free Operation confirmed initialized,iPhone 12 Pro Max,12,TRUE,256GB,256,Used,696.92,819.9,15,,,Seller 087,"Tokyo, Japan",INTL,2/27/2026
New Apple iPhone 12 MINI/ 14/14 Pro Max /13 /13MINI /13 pro max Factory Unlocked,iPhone 12 Mini,12,FALSE,,,New,332.01,,,3,,Seller 531,"Whippany, New Jersey, United States",NJ,3/28/2026
New sealed Apple iPhone 14 PRO MAX 5G 128/256/512G/1TB Unlocked US fast shipping,iPhone 14 Pro Max,14,TRUE,1024GB,1024,New,745.12,,,2,,Seller 172,"Whippany, New Jersey, United States",NJ,3/28/2026
New Sealed Apple iPhone 14 Pro Max 6.7 in 128/256/512G Factory Unlocked GSM+CDMA,iPhone 14 Pro Max,14,TRUE,,,New,745.12,,,2,,Seller 531,"Whippany, New Jersey, United States",NJ,3/28/2026
NEW SEALED APPLE IPHONE 14 128GB 256/512G 6.1 in FACTORY UNLOCKED ALL GSM+CDMA,iPhone 14,14,FALSE,128GB,128,New,389.99,,,5,,Seller 172,"Whippany, New Jersey, United States",NJ,3/28/2026
NEW SEALED Apple iPhone 13 /13MINI /13 pro max/14/14 Pro Max/ 12 MINIUnlocked,iPhone 13,13,FALSE,,,New,332.01,,,3,,Seller 531,"Whippany, New Jersey, United States",NJ,3/28/2026
💯NEW SEALED Apple iPhone 13 MINI 128/256/512GB FACTORY UNLOCKED All Carriers,iPhone 13 Mini,13,FALSE,512GB,512,New,322.01,,,2,1,Seller 172,"Los Angeles, California, United States",CA,3/28/2026
New in Sealed Apple iPhone 13 MINI A2481 128/256GB/512 Fully Unlocked Smartphone,iPhone 13 Mini,13,FALSE,256GB,256,New,322.01,,,2,1,Seller 531,"Whippany, New Jersey, United States",NJ,3/28/2026
Apple iPhone 14 Plus A2632 128GB Factory Unlocked All Carriers 1 Yr Warranty,iPhone 14 Plus,14,FALSE,128GB,128,Open Box,329.99,,,9,30,Seller 505,"Dunellen, New Jersey, United States",NJ,3/28/2026
Apple iPhone 17 Pro Max | US Version | 256GB | eSIM | Silver | Unlocked,iPhone 17 Pro Max,17,TRUE,256GB,256,New,1599,,,5,,Seller 067,"North Brunswick, New Jersey, United States",NJ,3/26/2026
FACTORY NEW SEALED Apple iPhone 13 MINI 128/256/512GB UNLOCKED All Carriers💯,iPhone 13 Mini,13,FALSE,512GB,512,New,322.01,,,2,,Seller 172,"Los Angeles, California, United States",CA,3/28/2026
New Sealed Box Apple iPhone 13 MINI 128/256G/512G Factory Unlocked 2YR WARRANTY,iPhone 13 Mini,13,FALSE,,,New,322.01,,,2,2,Seller 172,"Whippany, New Jersey, United States",NJ,3/28/2026
New Apple iPhone 14 128GB Purple A2649 128GB Factory Unlocked All Carriers,iPhone 14,14,FALSE,128GB,128,New,374.99,,,5,,Seller 505,"Dunellen, New Jersey, United States",NJ,3/28/2026
New Apple iPhone 13 Mini 5G 128GB-512GB Factory Unlocked AT&T T-Mobile Verizon,iPhone 13 Mini,13,FALSE,128GB|512GB,128,New,322.01,,,2,2,Seller 531,"Los Angeles, California, United States",CA,3/28/2026
Apple iPhone 13 Factory Unlocked White / Starlight 128GB (Scratches) #23709,iPhone 13,13,FALSE,128GB,128,Used,239.99,,,,,Seller 057,"Oviedo, Florida, United States",FL,2/12/2026
Apple iPhone 13 Mini Factory Unlocked White 128GB (Back Cracked) #23706,iPhone 13 Mini,13,FALSE,128GB,128,For Parts Or Not Working,189.99,,,,,Seller 057,"Oviedo, Florida, United States",FL,2/3/2026
Apple iPhone 14 512GB Factory Unlocked Black / Midnight #23756,iPhone 14,14,FALSE,512GB,512,Used,329.99,,,,,Seller 057,"Oviedo, Florida, United States",FL,2/15/2026
Apple iPhone 14 Factory Unlocked Purple 128GB #23759,iPhone 14,14,FALSE,128GB,128,Used,279.99,,,,,Seller 057,"Oviedo, Florida, United States",FL,2/15/2026
Apple iPhone 14 256GB Factory Unlocked White / Starlight #23760,iPhone 14,14,FALSE,256GB,256,Used,309.99,,,,,Seller 057,"Oviedo, Florida, United States",FL,2/15/2026
Apple iPhone 13 Factory Unlocked Product Red 128GB (Lens Missing) #23722,iPhone 13,13,FALSE,128GB,128,Used,229.99,,,,,Seller 057,"Oviedo, Florida, United States",FL,2/12/2026
Apple iPhone 14 Plus 256GB Factory Unlocked Product Red #23778,iPhone 14 Plus,14,FALSE,256GB,256,Used,339.99,,,,,Seller 057,"Oviedo, Florida, United States",FL,2/3/2026
Apple iPhone 13 Factory Unlocked Pink 128GB (Cracked) #23713,iPhone 13,13,FALSE,128GB,128,For Parts Or Not Working,189.99,,,,,Seller 057,"Oviedo, Florida, United States",FL,2/12/2026
Apple iPhone 14 Factory Unlocked Black / Midnight 128GB #23770,iPhone 14,14,FALSE,128GB,128,Used,279.99,,,,,Seller 057,"Oviedo, Florida, United States",FL,2/15/2026
Apple iPhone 13 Factory Unlocked Product Red 128GB #23718,iPhone 13,13,FALSE,128GB,128,Used,249.99,,,,,Seller 057,"Oviedo, Florida, United States",FL,2/12/2026
Apple iPhone 14 Factory Unlocked Black / Midnight 128GB (Back Cracked) #23769,iPhone 14,14,FALSE,128GB,128,For Parts Or Not Working,239.99,,,,,Seller 057,"Oviedo, Florida, United States",FL,2/15/2026
Apple iPhone 14 Pro Max Factory Unlocked Space Black 128GB (Scratches) #23804,iPhone 14 Pro Max,14,TRUE,128GB,128,Used,419.99,,,,,Seller 057,"Oviedo, Florida, United States",FL,2/3/2026
Apple iPhone 13 Factory Unlocked Product Red 128GB (Back Cracked) #23714,iPhone 13,13,FALSE,128GB,128,For Parts Or Not Working,199.99,,,,,Seller 057,"Oviedo, Florida, United States",FL,2/12/2026
Apple iPhone 14 Pro Max Factory Unlocked Space Black 128GB (Scratches) #24000,iPhone 14 Pro Max,14,TRUE,128GB,128,Used,419.99,,,,,Seller 057,"Oviedo, Florida, United States",FL,2/3/2026
Apple iPhone 12 Pro Max Factory Unlocked Graphite 128GB (Back Crack) #23994,iPhone 12 Pro Max,12,TRUE,128GB,128,For Parts Or Not Working,219.99,,,,,Seller 057,"Oviedo, Florida, United States",FL,2/3/2026
Apple iPhone 17 A3258 256GB Unlocked Very Good Condition,iPhone 17,17,FALSE,256GB,256,Open Box,850,,,,,Seller 477,"York, Pennsylvania, United States",PA,
Apple iPhone 13 Factory Unlocked Blue 128GB (Cracked) #23987,iPhone 13,13,FALSE,128GB,128,For Parts Or Not Working,199.99,,,,,Seller 057,"Oviedo, Florida, United States",FL,2/12/2026
New Sealed Apple iPhone 13 MINI/14/iPhone 14 Pro Max/Factory Unlocked GSM+CDMA,iPhone 14 Pro Max,14,TRUE,,,New,332.01,,,3,1,Seller 172,"Los Angeles, California, United States",CA,3/28/2026
Apple iPhone 12 128GB Factory Unlocked Blue #23693,iPhone 12,12,FALSE,128GB,128,Used,199.99,,,,,Seller 057,"Oviedo, Florida, United States",FL,2/3/2026
Apple iPhone 13 Factory Unlocked Blue 128GB #23990,iPhone 13,13,FALSE,128GB,128,Used,239.99,,,,,Seller 057,"Oviedo, Florida, United States",FL,2/12/2026
Apple iPhone 13 256GB Factory Unlocked Blue #23911,iPhone 13,13,FALSE,256GB,256,Used,289.99,,,,,Seller 057,"Oviedo, Florida, United States",FL,2/12/2026
Apple iPhone 14 Factory Unlocked Blue 128GB #23765,iPhone 14,14,FALSE,128GB,128,Used,269.99,,,,,Seller 057,"Oviedo, Florida, United States",FL,2/15/2026
Apple iPhone 12 Pro Max Factory Unlocked Gold 128GB #23703,iPhone 12 Pro Max,12,TRUE,128GB,128,Used,299.99,,,,,Seller 057,"Oviedo, Florida, United States",FL,2/3/2026
Apple iPhone 14 Pro Max 256GB Factory Unlocked Deep Purple #23805,iPhone 14 Pro Max,14,TRUE,256GB,256,Used,469.99,,,,,Seller 057,"Oviedo, Florida, United States",FL,2/3/2026
Apple iPhone 14 256GB Factory Unlocked Blue (Back Cracked) #23880,iPhone 14,14,FALSE,256GB,256,For Parts Or Not Working,269.99,,,,,Seller 057,"Oviedo, Florida, United States",FL,2/15/2026
Apple iPhone 14 Factory Unlocked Purple 128GB (Scratches) #23761,iPhone 14,14,FALSE,128GB,128,Used,269.99,,,,,Seller 057,"Oviedo, Florida, United States",FL,2/15/2026
New Apple Iphone 13 Mini 5G 512~128GB GSM CDMA Unlocked All Carrier Smartphones,iPhone 13 Mini,13,FALSE,128GB,128,New,323.99,,,5,,Seller 650,"Whippany, New Jersey, United States",NJ,3/28/2026
New Apple Iphone 13 Mini 128GB /256GB GSM CDMA Unlocked All Carrier Smartphones,iPhone 13 Mini,13,FALSE,128GB|256GB,128,New,323.99,,,5,,Seller 650,"Whippany, New Jersey, United States",NJ,3/28/2026
New Apple Iphone 13 Mini 5G 128GB 256 GSM CDMA Unlocked All Carrier Smartphones,iPhone 13 Mini,13,FALSE,128GB,128,New,323.99,,,5,,Seller 650,"Whippany, New Jersey, United States",NJ,3/28/2026
Brand New Apple Iphone 13 Mini 128GB GSM CDMA Unlocked All Carrier Smartphone,iPhone 13 Mini,13,FALSE,128GB,128,New,323.99,,,5,,Seller 650,"Whippany, New Jersey, United States",NJ,3/28/2026
Brand New Apple Iphone 13 Mini 256GB GSM CDMA Unlocked All Carrier Smartphones,iPhone 13 Mini,13,FALSE,256GB,256,New,323.99,,,5,,Seller 650,"Whippany, New Jersey, United States",NJ,3/28/2026
Apple Iphone 13 Mini 5G 128GB~512GB GSM CDMA Unlocked All Carrier Smartphones,iPhone 13 Mini,13,FALSE,128GB|512GB,128,New,323.99,,,5,,Seller 650,"Whippany, New Jersey, United States",NJ,3/28/2026
Apple iPhone 14 Pro Max Factory Unlocked Deep Purple 128GB #23936,iPhone 14 Pro Max,14,TRUE,128GB,128,Used,439.99,,,,,Seller 057,"Oviedo, Florida, United States",FL,
Apple iPhone 13 Factory Unlocked Black / Midnight 128GB #23905,iPhone 13,13,FALSE,128GB,128,Used,239.99,,,,,Seller 057,"Oviedo, Florida, United States",FL,2/12/2026
Apple iPhone 14 Factory Unlocked Blue 128GB (Back Blemish) #24056,iPhone 14,14,FALSE,128GB,128,Used,269.99,,,,,Seller 057,"Oviedo, Florida, United States",FL,2/15/2026
Apple iPhone 14 Pro Max 256GB Factory Unlocked Space Black #24089,iPhone 14 Pro Max,14,TRUE,256GB,256,Used,459.99,,,,,Seller 057,"Oviedo, Florida, United States",FL,
Apple iPhone 12 Pro Max 256GB Factory Unlocked Pacific Blue #24044,iPhone 12 Pro Max,12,TRUE,256GB,256,Used,319.99,,,,,Seller 057,"Oviedo, Florida, United States",FL,
Apple iPhone 14 Plus Factory Unlocked White / Starlight 128GB #23995,iPhone 14 Plus,14,FALSE,128GB,128,Used,299.99,,,,,Seller 057,"Oviedo, Florida, United States",FL,
Apple iPhone 14 Plus 256GB Factory Unlocked Midnight / Black #24058,iPhone 14 Plus,14,FALSE,256GB,256,Used,329.99,,,,,Seller 057,"Oviedo, Florida, United States",FL,
Apple iPhone 14 Pro Max 256GB Factory Unlocked Gold (Screen Lines) #23667,iPhone 14 Pro Max,14,TRUE,256GB,256,Used,419.99,,,,,Seller 057,"Oviedo, Florida, United States",FL,
Apple iPhone 13 - 128GB - white - Cracked Back,iPhone 13,13,FALSE,128GB,128,For Parts Or Not Working,199.99,,,,,Seller 564,"Terrell, Texas, United States",TX,
Apple iPhone 13 Factory Unlocked Green 128GB #23403,iPhone 13,13,FALSE,128GB,128,Used,249.99,,,,,Seller 057,"Oviedo, Florida, United States",FL,
Apple iPhone 14 Plus Factory Unlocked Midnight / Black 128GB #23334,iPhone 14 Plus,14,FALSE,128GB,128,Used,309.99,,,,,Seller 057,"Oviedo, Florida, United States",FL,
Apple iPhone 14 Pro Max Factory Unlocked Gold 128GB (Back Cracked) #24178,iPhone 14 Pro Max,14,TRUE,128GB,128,For Parts Or Not Working,359.99,,,,,Seller 057,"Oviedo, Florida, United States",FL,
Apple iPhone 14 256GB Factory Unlocked Purple (Cracked) #24160,iPhone 14,14,FALSE,256GB,256,For Parts Or Not Working,269.99,,,,,Seller 057,"Oviedo, Florida, United States",FL,
Apple iPhone 14 Plus 256GB Factory Unlocked White / Starlight #24166,iPhone 14 Plus,14,FALSE,256GB,256,Used,339.99,,,,,Seller 057,"Oviedo, Florida, United States",FL,
Apple iPhone 14 Factory Unlocked Black / Midnight 128GB (Back Cracked) #24159,iPhone 14,14,FALSE,128GB,128,For Parts Or Not Working,229.99,,,,,Seller 057,"Oviedo, Florida, United States",FL,
Apple iPhone 14 Plus Factory Unlocked Blue 128GB (Tiny Chip) #24203,iPhone 14 Plus,14,FALSE,128GB,128,Used,299.99,,,,,Seller 057,"Oviedo, Florida, United States",FL,
Apple iPhone 14 Pro Max Factory Unlocked Space Black 128GB #24184,iPhone 14 Pro Max,14,TRUE,128GB,128,Used,429.99,,,,,Seller 057,"Oviedo, Florida, United States",FL,
Apple iPhone 13 256GB Factory Unlocked White #24139,iPhone 13,13,FALSE,256GB,256,Used,289.99,,,,,Seller 057,"Oviedo, Florida, United States",FL,
Apple iPhone 14 Plus Factory Unlocked Midnight / Black 128GB #24164,iPhone 14 Plus,14,FALSE,128GB,128,Used,309.99,,,,,Seller 057,"Oviedo, Florida, United States",FL,
"New Sealed Apple iPhone 13 Mini A2481 256GB GSM CDMA Factory Unlocked,US STOCK",iPhone 13 Mini,13,FALSE,256GB,256,New,405.18,,,10,,Seller 414,"Edison, New Jersey, United States",NJ,3/16/2026
Apple iPhone 14 Pro Max A2651 UNLOCKED Any Carrier Space Black 256GB iOS 26.3,iPhone 14 Pro Max,14,TRUE,256GB,256,Used,480,,,,,Seller 069,"Elkhart, Indiana, United States",IN,
Apple iPhone 14 Factory Unlocked Blue 128GB #24087,iPhone 14,14,FALSE,128GB,128,Used,279.99,,,,,Seller 057,"Oviedo, Florida, United States",FL,
Apple iPhone 14 Plus A2632 128GB 91% Midnight Black Factory Unlocked MQ3R3LL/A,iPhone 14 Plus,14,FALSE,128GB,128,Used,299.99,,,,,Seller 105,"Saint Paul, Minnesota, United States",MN,
Apple iPhone 14 Pro Max 512GB Factory Unlocked Gold (Glass Cracked) #23339*,iPhone 14 Pro Max,14,TRUE,512GB,512,For Parts Or Not Working,409.99,,,,,Seller 057,"Oviedo, Florida, United States",FL,
Apple iPhone 12 Factory Unlocked (88% Batt - Scratches) Black 64GB #24285,iPhone 12,12,FALSE,64GB,64,Used,159.99,,,,,Seller 057,"Oviedo, Florida, United States",FL,
Apple iPhone 14 Factory Unlocked Black / Midnight 128GB #24249,iPhone 14,14,FALSE,128GB,128,Used,279.99,,,,,Seller 057,"Oviedo, Florida, United States",FL,
Apple iPhone 12 128GB Factory Unlocked Blue #24227,iPhone 12,12,FALSE,128GB,128,Used,199.99,,,,,Seller 057,"Oviedo, Florida, United States",FL,
Apple iPhone 13 Factory Unlocked (87% Batt) Green 128GB #24235,iPhone 13,13,FALSE,128GB,128,Used,259.99,,,,,Seller 057,"Oviedo, Florida, United States",FL,
Apple iPhone 14 Pro Max 256GB Factory Unlocked Deep Purple (Back Cracked) #23431,iPhone 14 Pro Max,14,TRUE,256GB,256,For Parts Or Not Working,389.99,,,,,Seller 057,"Oviedo, Florida, United States",FL,
Apple iPhone 12 Pro Max 256GB Factory Unlocked Pacific Blue (Back Crack) #23494,iPhone 12 Pro Max,12,TRUE,256GB,256,For Parts Or Not Working,279.99,,,,,Seller 057,"Oviedo, Florida, United States",FL,
Apple iPhone 13 Factory Unlocked Product Red 128GB #24236,iPhone 13,13,FALSE,128GB,128,Used,239.99,,,,,Seller 057,"Oviedo, Florida, United States",FL,
Apple iPhone 12 Factory Unlocked Black 64GB #24231,iPhone 12,12,FALSE,64GB,64,Used,169.99,,,,,Seller 057,"Oviedo, Florida, United States",FL,
Apple iPhone 14 Factory Unlocked White / Starlight 128GB #24248,iPhone 14,14,FALSE,128GB,128,Used,269.99,,,,,Seller 057,"Oviedo, Florida, United States",FL,
Apple iPhone 14 Pro Max Factory Unlocked Space Black 128GB (Issues) #24254,iPhone 14 Pro Max,14,TRUE,128GB,128,For Parts Or Not Working,349.99,,,,,Seller 057,"Oviedo, Florida, United States",FL,
Apple iPhone 14 Factory Unlocked Yellow 128GB #24143,iPhone 14,14,FALSE,128GB,128,Used,279.99,,,,,Seller 057,"Oviedo, Florida, United States",FL,
Apple iPhone 14 Pro Max 256GB Factory Unlocked Space Black (LCD Quality) #24188,iPhone 14 Pro Max,14,TRUE,256GB,256,Used,429.99,,,,,Seller 057,"Oviedo, Florida, United States",FL,
Apple iPhone 14 Pro Max Factory Unlocked Deep Purple 128GB #24255,iPhone 14 Pro Max,14,TRUE,128GB,128,Used,439.99,,,,,Seller 057,"Oviedo, Florida, United States",FL,
Apple iPhone 14 Pro Max 256GB Factory Unlocked Deep Purple #23434,iPhone 14 Pro Max,14,TRUE,256GB,256,Used,469.99,,,,,Seller 057,"Oviedo, Florida, United States",FL,
Apple iPhone 13 Factory Unlocked White / Starlight 128GB (Cam Lens Chip) #23498,iPhone 13,13,FALSE,128GB,128,Used,219.99,,,,,Seller 057,"Oviedo, Florida, United States",FL,
Apple iPhone 14 Pro Max Factory Unlocked Space Black 128GB #23618,iPhone 14 Pro Max,14,TRUE,128GB,128,Used,429.99,,,,,Seller 057,"Oviedo, Florida, United States",FL,
SALE Apple iPhone 17 Pro Max - 2 TB - Deep Blue (Unlocked),iPhone 17 Pro Max,17,TRUE,2048GB,2048,New,649,,,4,1,Seller 398,"New Orleans, Louisiana, United States",LA,
Apple iPhone 12 Pro Max 256GB Factory Unlocked White / Silver (Back Crack) #3589,iPhone 12 Pro Max,12,TRUE,256GB,256,For Parts Or Not Working,279.99,,,,,Seller 057,"Oviedo, Florida, United States",FL,
Apple iPhone 13 Factory Unlocked Pink 128GB (Lens Cracked) #23499,iPhone 13,13,FALSE,128GB,128,For Parts Or Not Working,199.99,,,,,Seller 057,"Oviedo, Florida, United States",FL,
Apple iPhone 12 128GB Factory Unlocked Purple (Loose Charge Port) #23690,iPhone 12,12,FALSE,128GB,128,Used,169.99,,,,,Seller 057,"Oviedo, Florida, United States",FL,
Apple iPhone 14 256GB Factory Unlocked Black / Midnight (Scratches) #23567,iPhone 14,14,FALSE,256GB,256,Used,249.99,,,,,Seller 057,"Oviedo, Florida, United States",FL,
Apple iPhone 14 Pro Max Factory Unlocked Space Black 128GB #23528,iPhone 14 Pro Max,14,TRUE,128GB,128,Used,419.99,,,,,Seller 057,"Oviedo, Florida, United States",FL,
Apple iPhone 14 Pro Max Factory Unlocked Space Black 128GB (Camera Issue) #23617,iPhone 14 Pro Max,14,TRUE,128GB,128,Used,379.99,,,,,Seller 057,"Oviedo, Florida, United States",FL,
Apple iPhone 16 256GB Black - Unlocked AT&T T-Mobile Verizon 7631081,iPhone 16,16,FALSE,256GB,256,Open Box,635,849.99,25.29,,,Seller 184,"Orlando, Florida, United States",FL,
Apple iPhone 12 256GB No Face ID Factory Unlocked Used in Good Condition 94% Bat,iPhone 12,12,FALSE,256GB,256,Used,169.99,,,,,Seller 505,"Dunellen, New Jersey, United States",NJ,3/28/2026
Apple iPhone 14 Pro Max 256GB Factory Unlocked Space Black #23238,iPhone 14 Pro Max,14,TRUE,256GB,256,Used,429.99,,,,,Seller 057,"Oviedo, Florida, United States",FL,
Apple iPhone 13 mini 512GB Red - Unlocked AT&T T-Mobile Verizon GSM 7631644,iPhone 13 Mini,13,FALSE,512GB,512,Used,280,999,71.97,,,Seller 184,"Orlando, Florida, United States",FL,3/27/2026
Apple iPhone 14 Factory Unlocked Black / Midnight 128GB #23608,iPhone 14,14,FALSE,128GB,128,Used,259.99,,,,,Seller 057,"Oviedo, Florida, United States",FL,
Apple iPhone 14 Pro Max Factory Unlocked Space Black 128GB #23620,iPhone 14 Pro Max,14,TRUE,128GB,128,Used,429.99,,,,,Seller 057,"Oviedo, Florida, United States",FL,
Apple iPhone 17 - 512 GB - White (Unlocked),iPhone 17,17,FALSE,512GB,512,New,459,,,4,,Seller 324,"Houston, Texas, United States",TX,
Apple iPhone 17 Pro Max - 2 TB - Cosmic Orange (Unlocked),iPhone 17 Pro Max,17,TRUE,2048GB,2048,New,499,,,,1,Seller 674,"O'Fallon, Missouri, United States",MO,
iPhone 17,iPhone 17,17,FALSE,,,New,800,,,,,Seller 311,"Phoenix, Arizona, United States",AZ,
Apple iPhone 12 Pro Max 256GB Factory Unlocked Graphite (Bad Wide Camera) #23495,iPhone 12 Pro Max,12,TRUE,256GB,256,Used,299.99,,,,,Seller 057,"Oviedo, Florida, United States",FL,
Apple iPhone 17 Pro Max - 1 TB - Silver (Unlocked),iPhone 17 Pro Max,17,TRUE,1024GB,1024,New,498,,,2,,Seller 575,"Miami, Florida, United States",FL,
Apple iPhone 16 128GB Unlocked,iPhone 16,16,FALSE,128GB,128,Open Box,449.99,,,3,5,Seller 394,"Ashland, Virginia, United States",VA,
Apple iPhone 16 512GB Pink - Unlocked AT&T T-Mobile Verizon 7630431,iPhone 16,16,FALSE,512GB,512,Open Box,675,899.99,25,,,Seller 184,"Orlando, Florida, United States",FL,
Apple iPhone 14 Factory Unlocked Purple 128GB (Scratches) #24297,iPhone 14,14,FALSE,128GB,128,Used,259.99,,,,,Seller 057,"Oviedo, Florida, United States",FL,
Apple iPhone 13 Factory Unlocked Black / Midnight 128GB #24291,iPhone 13,13,FALSE,128GB,128,Used,239.99,,,,,Seller 057,"Oviedo, Florida, United States",FL,
Apple iPhone 17 Pro Max - 1 TB - Cosmic Orange (Unlocked),iPhone 17 Pro Max,17,TRUE,1024GB,1024,New,579,,,4,,Seller 595,"Austin, Texas, United States",TX,
Apple iPhone 17 Pro Max - 1 TB - Cosmic Orange (Unlocked),iPhone 17 Pro Max,17,TRUE,1024GB,1024,New,956,,,,,Seller 481,"Brownsville, Texas, United States",TX,
Apple iPhone 12 Pro Max - 256GB - Pacific Blue (Unlocked) A2342 (CDMA + GSM),iPhone 12 Pro Max,12,TRUE,256GB,256,Used,650,,,,,Seller 675,"Brentwood, Maryland, United States",MD,
Apple iPhone 12 64GB Fully Unlocked AT&T T-Mobile Verizon Good Condition,iPhone 12,12,FALSE,64GB,64,Used,146,,,,2,Seller 147,"Houston, Texas, United States",TX,3/29/2026
Apple iPhone 12 128GB 64GB Network Unlocked (CDMA + GSM) 5G Good Condition,iPhone 12,12,FALSE,64GB|128GB,64,Used,149,,,,2,Seller 147,"Houston, Texas, United States",TX,3/29/2026
Apple iPhone 12 Fully Unlocked 64GB/128GB Verizon - SmartPhone,iPhone 12,12,FALSE,64GB|128GB,64,Used,163,,,,28,Seller 147,"Houston, Texas, United States",TX,3/29/2026
Apple iPhone 12 64GB 128GB Clean IMEI Unlocked IOS WIFI LTE 5G,iPhone 12,12,FALSE,64GB|128GB,64,Used,152,,,,1,Seller 147,"Houston, Texas, United States",TX,3/29/2026
Apple iPhone 12 64GB Factory Unlocked T-Mobile AT&T Verizon Mint Condition,iPhone 12,12,FALSE,64GB,64,Used,159,,,,5,Seller 147,"Houston, Texas, United States",TX,3/29/2026
Apple iPhone 12 64GB Unlocked T-Mobile AT&T Verizon Very Good Condition,iPhone 12,12,FALSE,64GB,64,Used,156,,,,2,Seller 147,"Houston, Texas, United States",TX,3/29/2026
Apple iPhone 15 128GB Unlocked - Excellent,iPhone 15,15,FALSE,128GB,128,Excellent - Refurbished,408.95,799,48.82,,2295,Seller 025,"Clifton, New Jersey, United States",NJ,3/29/2026
Apple iPhone 12 64GB-128GB GSM Unlocked (Blue) CDMA AT&T 5G LTE Free Return,iPhone 12,12,FALSE,64GB|128GB,64,Used,158,,,1,,Seller 147,"Houston, Texas, United States",TX,3/29/2026
Apple iPhone 12 64GB- GSM Unlocked (White) AT&T 5G LTE IOS WIFI- Good,iPhone 12,12,FALSE,64GB,64,Used,144,,,,6,Seller 147,"Houston, Texas, United States",TX,3/29/2026
Apple iPhone 12 Unlocked 64GB | Verizon T-Mobile AT&T 5G | Free Return,iPhone 12,12,FALSE,64GB,64,Used,149,,,1,,Seller 147,"Houston, Texas, United States",TX,3/29/2026
Apple iPhone 12 64GB 128GB Factory Unlocked Verizon AT&T GSM + CDMA -5G LTE,iPhone 12,12,FALSE,64GB|128GB,64,Used,145,,,,1,Seller 147,"Houston, Texas, United States",TX,3/29/2026
Apple iPhone 12 64GB Unlocked (CDMA + GSM) Smartphone - IOS LTE WIFI 5G,iPhone 12,12,FALSE,64GB,64,Used,150,,,1,,Seller 147,"Houston, Texas, United States",TX,3/29/2026
Apple iPhone 12 64/128GB (GSM+CDMA) Fully Unlocked (5G) - Black/Purple,iPhone 12,12,FALSE,128GB,128,Used,167,,,,1,Seller 147,"Houston, Texas, United States",TX,3/29/2026
"Apple iPhone 12 128 GB, 64 GB Blanco CDMA/GSM Desbloqueado Verizon T-Mobile - Muy Bueno-",iPhone 12,12,FALSE,64GB|128GB,64,Used,147,,,,,Seller 147,"Houston, Texas, Estados Unidos",TX,3/29/2026
Apple iPhone 12 128GB/64GB Unlocked AT&T T-Mobile Verizon Very Good Condition,iPhone 12,12,FALSE,64GB|128GB,64,Used,157,,,,27,Seller 147,"Houston, Texas, United States",TX,3/29/2026
Apple iPhone 12 128GB Network Unlocked 64GB Verizon Mint Condition,iPhone 12,12,FALSE,64GB|128GB,64,Used,163,,,,17,Seller 147,"Houston, Texas, United States",TX,3/29/2026
Apple iPhone 12 128GB|64GB 5G Verizon Unlocked AT&T Tmobile Cricket,iPhone 12,12,FALSE,64GB|128GB,64,Used,155,,,,1,Seller 147,"Houston, Texas, United States",TX,3/29/2026
Apple iPhone 12 - 64GB 128GB - Black/Green (Unlocked) A2172 (CDMA + GSM),iPhone 12,12,FALSE,64GB|128GB,64,Used,159,,,,1,Seller 147,"Houston, Texas, United States",TX,3/29/2026
Apple iPhone 12 64GB 128GB Unlocked Smartphone T-Mobile Verizon AT&T 4G LTE,iPhone 12,12,FALSE,64GB|128GB,64,Used,138,,,,23,Seller 147,"Houston, Texas, United States",TX,3/29/2026
Apple iPhone 12 - 64-128GB - GSM Unlocked Verizon AT&T T-Mobile CDMA/GSM,iPhone 12,12,FALSE,128GB,128,Used,145,,,,7,Seller 147,"Houston, Texas, United States",TX,3/29/2026
Apple iPhone 12 - Factory Unlocked Verizon T-Mobile 64GB 128GB Clean IMEI,iPhone 12,12,FALSE,64GB|128GB,64,Used,162,,,,2,Seller 147,"Houston, Texas, United States",TX,3/29/2026
Apple iPhone 12 64GB Factory Unlocked T-Mobile Verizon WIFI IOS 5G,iPhone 12,12,FALSE,64GB,64,Used,148,,,,77,Seller 147,"Houston, Texas, United States",TX,3/29/2026
Apple iPhone 12 64GB 128GB Fully Unlocked 5G Smartphone - Good,iPhone 12,12,FALSE,64GB|128GB,64,Used,151,,,,18,Seller 147,"Houston, Texas, United States",TX,3/29/2026
Apple iPhone 12 Unlocked - 64GB 128GB - AT&T T-Mobile Verizon Smartphone,iPhone 12,12,FALSE,64GB|128GB,64,Used,165,,,,5,Seller 147,"Houston, Texas, United States",TX,3/29/2026
"Apple iPhone 12 6.1"" 64GB Unlocked ATT Verizon Tmobile (CDMA+GSM) 5G",iPhone 12,12,FALSE,64GB,64,Used,147,,,,1,Seller 147,"Houston, Texas, United States",TX,3/29/2026
Apple iPhone 12 128GB 64GB Factory Unlocked AT&T Verizon Mint Condition,iPhone 12,12,FALSE,64GB|128GB,64,Used,162,,,,2,Seller 147,"Houston, Texas, United States",TX,3/29/2026
Apple iPhone 12 64/128 - Fully Unlocked - All colors - Used Condition,iPhone 12,12,FALSE,,,Used,156,,,,252,Seller 147,"Houston, Texas, United States",TX,3/29/2026
Apple iPhone 12 64GB -White/Green/Black Unlocked Verizon US Cellular Cricket 5G,iPhone 12,12,FALSE,64GB,64,Used,152,,,,1,Seller 147,"Houston, Texas, United States",TX,3/29/2026
Apple iPhone 12 128GB|64GB 5G Unlocked Tmobile At&t Verizon CDMA/GSM iOS,iPhone 12,12,FALSE,64GB|128GB,64,Used,144,,,,5,Seller 147,"Houston, Texas, United States",TX,3/29/2026
Apple iPhone 12 -128GB 64GB- 5G Unlocked T-mobile Verizon At&t Wi-Fi All Colors,iPhone 12,12,FALSE,64GB|128GB,64,Used,147,,,1,,Seller 403,"Houston, Texas, United States",TX,3/29/2026
Apple iPhone 12 64/128GB White/Purple 5G Unlocked Verizon AT&T Tmobile Good,iPhone 12,12,FALSE,128GB,128,Used,164,,,,1,Seller 403,"Houston, Texas, United States",TX,3/29/2026
Apple iPhone 12 64GB 128GB Unlocked Verizon AT&T T-Mobile Free Return & Shippin,iPhone 12,12,FALSE,64GB|128GB,64,Used,147,,,1,,Seller 147,"Houston, Texas, United States",TX,3/29/2026
Apple iPhone 12 (64GB 128GB) CDMA/GSM Unlocked Verizon AT&T Pristine 5G,iPhone 12,12,FALSE,64GB|128GB,64,Used,153,,,,1,Seller 147,"Houston, Texas, United States",TX,3/29/2026
Apple iPhone 12 64/128GB AT&T Unlocked Verizon Green|White|Black Good Condition,iPhone 12,12,FALSE,128GB,128,Used,148,,,1,,Seller 147,"Houston, Texas, United States",TX,3/29/2026
Apple iPhone 12 128GB 64GB Fully Unlocked Verizon Cricket T-Mobile 5G Very Good,iPhone 12,12,FALSE,64GB|128GB,64,Used,163,,,,1,Seller 147,"Houston, Texas, United States",TX,3/29/2026
Apple iPhone 12 64GB/128GB Unlocked Verizon AT&T 5G LTE GOOD Condition!,iPhone 12,12,FALSE,64GB|128GB,64,Used,149,,,,1,Seller 403,"Houston, Texas, United States",TX,3/29/2026
Apple iPhone 12 -64GB 128GB- Unlocked Verizon Metro AT&T T-Mobile Smartphone,iPhone 12,12,FALSE,64GB|128GB,64,Used,153,,,,2,Seller 147,"Houston, Texas, United States",TX,3/29/2026
Apple iPhone 12 64GB 128GB GSM Unlocked Verizon Tracfone T-Mobile 5G iOS WIFI,iPhone 12,12,FALSE,64GB|128GB,64,Used,154,,,,4,Seller 147,"Houston, Texas, United States",TX,3/29/2026
Apple iPhone 12 (64GB-128GB) Fully Unlocked Verizon T-Mobile AT&T Pristine 5G,iPhone 12,12,FALSE,64GB|128GB,64,Used,156,,,,3,Seller 147,"Houston, Texas, United States",TX,3/29/2026
Apple iPhone 12 64GB 128GB Unlocked AT&T T-Mobile Verizon 5G (Green White Black,iPhone 12,12,FALSE,64GB|128GB,64,Used,147,,,,8,Seller 403,"Houston, Texas, United States",TX,3/29/2026
Apple iPhone 12 64GB 128GB Unlocked Verizon AT&T T-Mobile - Black White Purple,iPhone 12,12,FALSE,64GB|128GB,64,Used,153,,,,6,Seller 403,"Houston, Texas, United States",TX,3/29/2026
Apple iPhone 12 128GB|64GB Unlocked AT&T Verizon T-Mobile CDMA/GSM 5G iOS WIFI,iPhone 12,12,FALSE,64GB|128GB,64,Used,153,,,,63,Seller 147,"Houston, Texas, United States",TX,3/29/2026
Apple iPhone 12 64GB 128GB Unlocked Verizon AT&T T-Mobile - Black Blue Green,iPhone 12,12,FALSE,64GB|128GB,64,Used,153,,,1,,Seller 147,"Houston, Texas, United States",TX,3/29/2026
Apple iPhone 12 64GB 128GB Unlocked Verizon ATT Cricket Wireless Black Green Re,iPhone 12,12,FALSE,64GB|128GB,64,Used,145,,,,4,Seller 147,"Houston, Texas, United States",TX,3/29/2026
Apple iPhone 12 64GB 128GB Unlocked Verizon AT&T T-Mobile 5G - Black Blue White,iPhone 12,12,FALSE,64GB|128GB,64,Used,154,,,,1,Seller 147,"Houston, Texas, United States",TX,3/29/2026
Apple iPhone 12 (64GB) Unlocked Verizon At&t T-Mobile 5G Capable Very Good,iPhone 12,12,FALSE,64GB,64,Used,154,,,,2,Seller 403,"Houston, Texas, United States",TX,3/29/2026
Apple iPhone 12 64GB/128GB Unlocked Verizon T-Mobile AT&T Dual SIM Face ID 5G,iPhone 12,12,FALSE,64GB|128GB,64,Used,149,,,,4,Seller 147,"Houston, Texas, United States",TX,3/29/2026
Apple iPhone 12 64/128GB Network Unlocked Good Condition,iPhone 12,12,FALSE,128GB,128,Used,150,,,,8,Seller 147,"Houston, Texas, United States",TX,3/29/2026
Apple iPhone 12 64GB 128GB iOS WIFI LTE 5G Unlocked Verizon Smartphone,iPhone 12,12,FALSE,64GB|128GB,64,Used,150,,,,1,Seller 403,"Houston, Texas, United States",TX,3/29/2026
Apple iPhone 12 64GB 128GB Unlocked Verizon WIFI iOS 4G LTE Blue Purple,iPhone 12,12,FALSE,64GB|128GB,64,Used,161,,,,4,Seller 403,"Houston, Texas, United States",TX,3/29/2026
Apple iPhone 12 64GB 128GB Unlocked Verizon AT&T T-Mobile Dual SIM - Face ID,iPhone 12,12,FALSE,64GB|128GB,64,Used,154,,,,3,Seller 403,"Houston, Texas, United States",TX,3/29/2026
Apple iPhone 12 64GB 128GB Black Green White Unlocked Verizon T-Mobile Clean ES,iPhone 12,12,FALSE,64GB|128GB,64,Used,146,,,1,,Seller 147,"Houston, Texas, United States",TX,3/29/2026
"Apple iPhone 12 64GB 128GB GSM Unlocked Screen 6.1"" Verizon Att Very Good iOS",iPhone 12,12,FALSE,64GB|128GB,64,Used,163,,,,1,Seller 147,"Houston, Texas, United States",TX,3/29/2026
Apple iPhone 12 128/64GB Att Unlocked Straight Talk Purple Red White 5G LTE,iPhone 12,12,FALSE,64GB,64,Used,159,,,,1,Seller 403,"Houston, Texas, United States",TX,3/29/2026
Apple iPhone 12 64/28GB iOS Unlocked Verizon Att Black Blue Green Battery Good,iPhone 12,12,FALSE,28GB,28,Used,151,,,,4,Seller 147,"Houston, Texas, United States",TX,3/29/2026
"Apple iPhone 12 Pro Max 256 GB Pacific Blue Unlocked Good Condition, Very Good.",iPhone 12 Pro Max,12,TRUE,256GB,256,Used,600,,,,,Seller 682,"DeLand, Florida, United States",FL,9/8/2024
Apple iPhone 12 64GB Unlocked Metro PCS US Cellular iOS Good 5G Clean IMEI,iPhone 12,12,FALSE,64GB,64,Used,158,,,,1,Seller 147,"Houston, Texas, United States",TX,3/29/2026
Apple iPhone 12 - GSM Unlocked T-Mobile Verizon - 64GB 128GB - All Colors,iPhone 12,12,FALSE,64GB|128GB,64,Used,160,,,,2,Seller 147,"Houston, Texas, United States",TX,3/29/2026
Apple iPhone 12 - GSM Unlocked Verizon AT&T Smartphone - 64GB 128GB - All Color,iPhone 12,12,FALSE,64GB|128GB,64,Used,156,,,,1,Seller 147,"Houston, Texas, United States",TX,3/29/2026
Apple iPhone 12 64/128GB Clean ESN GSM Unlocked Verizon At&t US Cellular 5G,iPhone 12,12,FALSE,128GB,128,Used,150,,,,1,Seller 403,"Houston, Texas, United States",TX,3/29/2026
New Apple iPhone 13 MINI 13 PRO MAX 128GB 256GB 512GB A2176 A2484 US Unlocked,iPhone 13 Mini,13,FALSE,128GB|256GB|512GB,128,New,322.99,,,3,12,Seller 508,"Whippany, New Jersey, United States",NJ,3/28/2026
"Apple iPhone 12 64-128GB Factory Unlocked AT&T Spectrum Verizon Screen 6.1"" 5G",iPhone 12,12,FALSE,128GB,128,Used,155,,,,1,Seller 403,"Houston, Texas, United States",TX,3/29/2026
Apple iPhone 12 64GB 128GB Unlocked iOS Green Blue Verizon U.S. Cellular 5G,iPhone 12,12,FALSE,64GB|128GB,64,Used,167,,,1,,Seller 147,"Houston, Texas, United States",TX,3/29/2026
Apple iPhone 12 64/128GB Fully Unlocked Att Verizon TMobile 5G iOS SmartPhone,iPhone 12,12,FALSE,128GB,128,Used,147,,,,7,Seller 147,"Houston, Texas, United States",TX,3/29/2026
Apple iPhone 12 5G 64GB 128GB GSM Unlocked Verizon Att US Cellular Black Blue,iPhone 12,12,FALSE,64GB|128GB,64,Used,161,,,,1,Seller 147,"Houston, Texas, United States",TX,3/29/2026
Apple iPhone 12 Green Purple Red 64/128GB Fully Unlocked Verizon ATT Spectrum,iPhone 12,12,FALSE,128GB,128,Used,161,,,,3,Seller 147,"Houston, Texas, United States",TX,3/29/2026
Apple iPhone 12 128GB 64GB Factory Unlocked Verizon ATT 5G Dual 12MP camera,iPhone 12,12,FALSE,64GB|128GB,64,Used,153,,,,2,Seller 147,"Houston, Texas, United States",TX,3/29/2026
iPhone 12 Unlocked,iPhone 12,12,FALSE,,,Open Box,417,,,,,Seller 417,"Grandview, Missouri, United States",MO,
Apple iPhone 13 Unlocked Verizon AT&T T-Mobile Very Good 128GB 256GB 512GB,iPhone 13,13,FALSE,128GB|256GB|512GB,128,Used,227,,,,387,Seller 147,"Houston, Texas, United States",TX,3/29/2026
Apple iPhone 13 Green Pink Black 128GB 256GB 512GB GSM Unlocked Verizon Tmobile,iPhone 13,13,FALSE,128GB|256GB|512GB,128,Used,220,,,,2,Seller 147,"Houston, Texas, United States",TX,3/29/2026
Apple iPhone 13 128GB 512GB White / Blue Fully Unlocked Verizon AT&T 5G Good,iPhone 13,13,FALSE,128GB|512GB,128,Used,214,,,,5,Seller 403,"Houston, Texas, United States",TX,3/29/2026
Apple iPhone 13 Pink Green Red 128GB/512GB Factory Unlocked Verizon 5G Excellen,iPhone 13,13,FALSE,128GB|512GB,128,Used,209,,,,3,Seller 147,"Houston, Texas, United States",TX,3/29/2026
Apple iPhone 13 512GB 256GB 128GB Unlocked Verizon AT&T Green Blue 5G Good!,iPhone 13,13,FALSE,128GB|256GB|512GB,128,Used,210,,,,142,Seller 147,"Houston, Texas, United States",TX,3/29/2026
Apple iPhone 13 Unlocked Verizon 256/128GB -Blue Pink Red- Very Good Condition,iPhone 13,13,FALSE,128GB,128,Used,229,,,,2,Seller 147,"Houston, Texas, United States",TX,3/29/2026
Apple iPhone 13 128GB 512GB Starlight Green Red Unlocked Verizon Battery Good,iPhone 13,13,FALSE,128GB|512GB,128,Used,199,,,,2,Seller 147,"Houston, Texas, United States",TX,3/29/2026
Brand NEW Apple iPhone 13 Mini A2481 128GB 256GB 512GB Factory Unlocked GSM+CDMA,iPhone 13 Mini,13,FALSE,128GB|256GB|512GB,128,New,321.01,,,2,6,Seller 021,"Whippany, New Jersey, United States",NJ,3/29/2026
Apple iPhone 13 128GB 256GB 5G Unlocked Verizon Tmobile Att Very Good Cosmetics,iPhone 13,13,FALSE,128GB|256GB,128,Used,208,,,,25,Seller 147,"Houston, Texas, United States",TX,3/29/2026
Apple iPhone 13 -Starlight Pink Green- 128/256GB Unlocked Verizon Att Excellent,iPhone 13,13,FALSE,256GB,256,Used,204,,,,12,Seller 147,"Houston, Texas, United States",TX,3/29/2026
Apple iPhone 13 256GB 128GB Midnight Starlight Pink Unlocked T-Mobile Verizon 5,iPhone 13,13,FALSE,128GB|256GB,128,Used,199,,,,21,Seller 147,"Houston, Texas, United States",TX,3/29/2026
Apple iPhone 13 128GB 256GB 512GB Unlocked Att 5G WiFi Clean IMEI Pink/White,iPhone 13,13,FALSE,128GB|256GB|512GB,128,Used,200,,,,1,Seller 403,"Houston, Texas, United States",TX,3/29/2026
Apple iPhone 12 64GB Unlocked T-Mobile AT&T Verizon Mint Condition,iPhone 12,12,FALSE,64GB,64,Used,163,,,1,,Seller 147,"Houston, Texas, United States",TX,3/29/2026
Apple iPhone 13 128/256/512GB Unlocked Verizon 5G -Midnight Starlight- Pristine,iPhone 13,13,FALSE,512GB,512,Used,205,,,,2,Seller 147,"Houston, Texas, United States",TX,3/29/2026
Apple iPhone 13 128GB 512GB Unlocked GSM CDMA Verizon ATT TMobile 5G iOS,iPhone 13,13,FALSE,128GB|512GB,128,Used,210,,,,165,Seller 147,"Houston, Texas, United States",TX,3/29/2026
Apple Iphone 13 Mini A2481 128GB 256GB Unlocked GSM CDMA AT&T T-MOBILE VERIZON,iPhone 13 Mini,13,FALSE,128GB|256GB,128,New,323.99,,,2,,Seller 508,"Whippany, New Jersey, United States",NJ,3/28/2026
New Apple Iphone 13 Mini A2481 128GB 256GB Unlocked 2 YEAR WARRANTY GSM CDMA,iPhone 13 Mini,13,FALSE,128GB|256GB,128,New,323.99,,,2,,Seller 508,"Whippany, New Jersey, United States",NJ,3/28/2026
Apple iPhone 13 128GB Unlocked T-Mobile Very Good Condition iOS 5G LTE GSM,iPhone 13,13,FALSE,128GB,128,Used,205,,,,4,Seller 147,"Houston, Texas, United States",TX,3/29/2026
Apple iPhone 13 128GB 5G Unlocked Verizon AT&T Pristine Clean ESN iOS,iPhone 13,13,FALSE,128GB,128,Used,208,,,,4,Seller 147,"Houston, Texas, United States",TX,3/29/2026
Apple iPhone 13 128GB Green/Black Unlocked Verizon 5G TMobile Good Condition,iPhone 13,13,FALSE,128GB,128,Used,207,,,,5,Seller 403,"Houston, Texas, United States",TX,3/29/2026
Apple iPhone 13 128GB iOS Unlocked 5G Verizon AT&T T-Mobile Clean IMEI WiFi,iPhone 13,13,FALSE,128GB,128,Used,208,,,,2,Seller 403,"Houston, Texas, United States",TX,3/29/2026
Apple iPhone 12 64GB - Unlocked AT&T Verizon T-Mobile Dual SIM 5G SmartPhone,iPhone 12,12,FALSE,64GB,64,Used,147,,,,5,Seller 403,"Houston, Texas, United States",TX,3/29/2026
Apple iPhone 13 5G Red/Green 128GB 256GB Unlocked Verizon iOS Smartphone,iPhone 13,13,FALSE,128GB|256GB,128,Used,205,,,,1,Seller 147,"Houston, Texas, United States",TX,3/29/2026
Apple iPhone 12 64GB 128GB Unlocked Verizon AT&T TMobile Dual 12MP camera syste,iPhone 12,12,FALSE,64GB|128GB,64,Used,165,,,1,,Seller 403,"Houston, Texas, United States",TX,3/29/2026
Apple iPhone 12 128/64GB -White Purple Red- Unlocked Verizon T-Mobile LTe 5G,iPhone 12,12,FALSE,64GB,64,Used,139,,,,3,Seller 147,"Houston, Texas, United States",TX,3/29/2026
Lightly Used Purple Apple iPhone 12 50GB,iPhone 12,12,FALSE,50GB,50,Used,200,,,,,Seller 363,"Summer Shade, Kentucky, United States",KY,
Apple iPhone 13 128GB 256GB 512GB Unlocked Black/Pink T-Mobile Verizon iOS 5G,iPhone 13,13,FALSE,128GB|256GB|512GB,128,Used,214,,,1,,Seller 403,"Houston, Texas, United States",TX,3/29/2026
Apple iPhone 13 iOS 5G 128GB 256GB Unlocked Clean ESN AT&T T-Mobile LTE,iPhone 13,13,FALSE,128GB|256GB,128,Used,208,,,,2,Seller 147,"Houston, Texas, United States",TX,3/29/2026
Apple iPhone 12 64|128GB Green / Red Unlocked At&t Verizon Tmobile iOS 5G Good,iPhone 12,12,FALSE,128GB,128,Used,150,,,1,,Seller 403,"Houston, Texas, United States",TX,3/29/2026
Apple iPhone 12 64GB T-Mobile - Green Purple Blue - Smartphone 5G,iPhone 12,12,FALSE,64GB,64,Used,235,,,1,,Seller 147,"Houston, Texas, United States",TX,3/29/2026
Apple iPhone 12 64GB Black / Blue / White AT&T Smartphone 5G LTE,iPhone 12,12,FALSE,64GB,64,Used,230,,,1,,Seller 147,"Houston, Texas, United States",TX,3/29/2026
Apple iPhone 12 Blue -64GB- Factory Unlocked Verizon AT&T T-Mobile Free Return,iPhone 12,12,FALSE,64GB,64,Used,160,,,1,,Seller 147,"Houston, Texas, United States",TX,3/29/2026
Apple iPhone 12 64GB-128GB (Black/Red) Unlocked Verizon AT&T T-Mobile Tracfone,iPhone 12,12,FALSE,64GB|128GB,64,Used,149,,,1,,Seller 147,"Houston, Texas, United States",TX,3/29/2026
Apple iPhone 13 Unlocked 128/512GB Verizon TMobile 5G Pink / Green / Black Good,iPhone 13,13,FALSE,512GB,512,Used,224,,,1,,Seller 403,"Houston, Texas, United States",TX,3/29/2026
Apple iPhone 13 128/512GB Unlocked Verizon Midnight/Starlight Pristine Conditio,iPhone 13,13,FALSE,512GB,512,Used,209,,,,1,Seller 403,"Houston, Texas, United States",TX,3/29/2026
Apple iPhone 12 64GB 128GB Face ID Unlocked Verizon AT&T - Purple / Red / Blue,iPhone 12,12,FALSE,64GB|128GB,64,Used,154,,,1,,Seller 147,"Houston, Texas, United States",TX,3/29/2026
Apple iPhone 12 64GB Factory Unlocked T-Mobile Verizon 5G Mint Condition,iPhone 12,12,FALSE,64GB,64,Used,156,,,,1,Seller 147,"Houston, Texas, United States",TX,3/29/2026
Apple iPhone 12 64GB 128GB Unlocked AT&T Verizon T-Mobile LTE 5G iOS Pristine,iPhone 12,12,FALSE,64GB|128GB,64,Used,162,,,1,,Seller 147,"Houston, Texas, United States",TX,3/29/2026
Apple iPhone 13 128GB Unlocked Blue/White/Midnight Verizon AT&T Free Shipping,iPhone 13,13,FALSE,128GB,128,Used,203,,,1,,Seller 403,"Houston, Texas, United States",TX,3/29/2026
"Apple iPhone 12 64GB Unlocked Verizon ATT TMobile Very Good 4G Screen 6.1"" iOS",iPhone 12,12,FALSE,64GB,64,Used,152,,,1,,Seller 403,"Houston, Texas, United States",TX,3/29/2026
Apple iPhone 12 128GB & 64GB 5G LTE Unlocked Verizon Tmobile ATT,iPhone 12,12,FALSE,64GB|128GB,64,Used,147,,,,2,Seller 147,"Houston, Texas, United States",TX,3/29/2026
Apple iPhone 12 64GB 128GB Unlocked Free Return Verizon Black White Purple,iPhone 12,12,FALSE,64GB|128GB,64,Used,148,,,1,,Seller 403,"Houston, Texas, United States",TX,3/29/2026
Apple iPhone 12 All Colors - 64GB 128GB - Unlocked Verizon ATT Tmobile Clean ES,iPhone 12,12,FALSE,64GB|128GB,64,Used,149,,,,3,Seller 147,"Houston, Texas, United States",TX,3/29/2026
Apple iPhone 12 64GB/128GB 5G Unlocked Verizon T-Mobile AT&T Black/Purple,iPhone 12,12,FALSE,64GB|128GB,64,Used,152,,,1,,Seller 147,"Houston, Texas, United States",TX,3/29/2026
Apple iPhone 12 64/128GB Unlocked Verizon AT&T TMobile Dual SIM Dual 12MP Camer,iPhone 12,12,FALSE,128GB,128,Used,161,,,1,,Seller 147,"Houston, Texas, United States",TX,3/29/2026
Apple iPhone 12 64GB 128GB Unlocked Verizon AT&T T-Mobile CDMA/GSM Clean IMEI,iPhone 12,12,FALSE,64GB|128GB,64,Used,156,,,1,,Seller 147,"Houston, Texas, United States",TX,3/29/2026
Apple iPhone 12 (64GB/128GB) Unlocked Tmobile Verizon Metro PCS Att 5G LTe,iPhone 12,12,FALSE,64GB|128GB,64,Used,156,,,,1,Seller 147,"Houston, Texas, United States",TX,3/29/2026
Apple iPhone 12 64GB 128GB GSM Unlocked Green Blue Verizon Very Good iOS LTE,iPhone 12,12,FALSE,64GB|128GB,64,Used,148,,,1,,Seller 403,"Houston, Texas, United States",TX,3/29/2026
"Apple iPhone 12 Screen 6.1"" Face ID Fully Unlocked ATT Verizon 5G 128GB 64GB",iPhone 12,12,FALSE,64GB|128GB,64,Used,152,,,1,,Seller 147,"Houston, Texas, United States",TX,3/29/2026
Apple iPhone 12 64GB 128GB 5G Unlocked LTE T-Mobile iOS Verizon AT&T,iPhone 12,12,FALSE,64GB|128GB,64,Used,169,,,1,,Seller 403,"Houston, Texas, United States",TX,3/29/2026
Apple iPhone 13 Unlocked 128GB Black/White T-Mobile AT&T Verizon 5G GSM,iPhone 13,13,FALSE,128GB,128,Used,214,,,,1,Seller 403,"Houston, Texas, United States",TX,3/29/2026
Apple iPhone 12 Unlocked 64GB 128GB | Verizon AT&T GSM/CDMA | Good,iPhone 12,12,FALSE,64GB|128GB,64,Used,151,,,1,,Seller 403,"Houston, Texas, United States",TX,3/29/2026
Apple iPhone 12 Unlocked 128GB 64GB | Verizon T-Mobile AT&T | Very Good,iPhone 12,12,FALSE,64GB|128GB,64,Used,155,,,,8,Seller 147,"Houston, Texas, United States",TX,3/29/2026
"Apple iPhone 12 128GB 64GB iOS GSM Unlocked Verizon ATT Screen 6.1"" 5G",iPhone 12,12,FALSE,64GB|128GB,64,Used,142,,,,2,Seller 147,"Houston, Texas, United States",TX,3/29/2026
Apple iPhone 12 5G 64GB 128GB Unlocked Verizon 🍎Very Good Blue/White iOS WiFi,iPhone 12,12,FALSE,64GB|128GB,64,Used,157,,,,2,Seller 147,"Houston, Texas, United States",TX,3/29/2026
Apple iPhone 12 - 64-128GB - Fully Unlocked - (CDMA+GSM) - EXCELLENT Condition,iPhone 12,12,FALSE,128GB,128,Used,160,,,,35,Seller 403,"Houston, Texas, United States",TX,3/29/2026
Apple iPhone 12 64GB/128GB Factory Unlocked Verizon ATT Clean ESN Smartphone,iPhone 12,12,FALSE,64GB|128GB,64,Used,154,,,1,,Seller 403,"Houston, Texas, United States",TX,3/29/2026
Apple iPhone 13 512/128GB T-Mobile AT&T Verizon Unlocked 5G GSM Battery Good,iPhone 13,13,FALSE,128GB,128,Used,226,,,,2,Seller 403,"Houston, Texas, United States",TX,3/29/2026
Apple iPhone 12 64GB 128GB 5G GSM/CDMA Unlocked Verizon ATT Green/Blue/Purple,iPhone 12,12,FALSE,64GB|128GB,64,Used,155,,,1,,Seller 147,"Houston, Texas, United States",TX,3/29/2026
Apple iPhone 13 Pink/Red 128GB 512GB AT&T Unlocked Verizon Good WiFi 5G,iPhone 13,13,FALSE,128GB|512GB,128,Used,211,,,1,,Seller 147,"Houston, TX, United States",TX,3/29/2026
Apple iPhone 12 Unlocked AT&T Verizon T-Mobile Very Good iOS - 64GB - 5G WiFi,iPhone 12,12,FALSE,64GB,64,Used,162,,,1,,Seller 403,"Houston, Texas, United States",TX,3/29/2026
Apple iPhone 12 64GB 128GB 5G Unlocked iOS Verizon Tracfone Blue Green,iPhone 12,12,FALSE,64GB|128GB,64,Used,161,,,1,,Seller 403,"Houston, Texas, United States",TX,3/29/2026
Apple iPhone 13 -Pink Green Red- Unlocked Verizon T-Mobile 128GB 512GB Pristine,iPhone 13,13,FALSE,128GB|512GB,128,Used,217,,,,1,Seller 403,"Houston, Texas, United States",TX,3/29/2026
Apple iPhone 13 128GB 256GB |Blue Pink Green| 5G Unlocked AT&T T-Mobile Used,iPhone 13,13,FALSE,128GB|256GB,128,Used,225,,,1,,Seller 403,"Houston, Texas, United States",TX,3/29/2026
Apple iPhone 13 5G 128GB 256GB Unlocked Black/Blue Clean ESN Good Condition,iPhone 13,13,FALSE,128GB|256GB,128,Used,211,,,1,,Seller 147,"Houston, Texas, United States",TX,3/29/2026
Apple iPhone 12 64GB-128GB Unlocked (Black/White) CDMA/GSM T-Mobile Free Return,iPhone 12,12,FALSE,64GB|128GB,64,Used,149,,,1,,Seller 147,"Houston, Texas, United States",TX,3/29/2026
Apple iPhone 12 Unlocked Verizon ATT T-Mobile 5G - 64GB 128GB - Green / Blue,iPhone 12,12,FALSE,64GB|128GB,64,Used,149,,,1,,Seller 147,"Houston, Texas, United States",TX,3/29/2026
Apple iPhone 13 128GB 256GB 5G GSM Unlocked ATT Verizon Smartphone,iPhone 13,13,FALSE,128GB|256GB,128,Used,213,,,,1,Seller 403,"Houston, Texas, United States",TX,3/29/2026
Apple iPhone 12 64GB GSM Unlocked AT&T Verizon T-Mobile iOS 5G WiFi,iPhone 12,12,FALSE,64GB,64,Used,145,,,1,,Seller 147,"Houston, Texas, United States",TX,3/29/2026
Apple iPhone 12 GSM 5G 64GB 128GB Unlocked Verizon iOS Blue/Green LTE,iPhone 12,12,FALSE,64GB|128GB,64,Used,154,,,1,,Seller 147,"Houston, Texas, United States",TX,3/29/2026
Apple iPhone 12 64GB 128GB Unlocked LTE Verizon AT&T Boost Green Purple Good,iPhone 12,12,FALSE,64GB|128GB,64,Used,152,,,1,,Seller 147,"Houston, Texas, United States",TX,3/29/2026
Apple iPhone 12 Unlocked 64GB 128GB | Verizon T-Mobile AT&T | Very Good,iPhone 12,12,FALSE,64GB|128GB,64,Used,145,,,,1,Seller 147,"Houston, Texas, United States",TX,3/29/2026
Apple iPhone 12 Blue Green Black - 5G LTE Unlocked Verizon Tmobile - 64GB 128GB,iPhone 12,12,FALSE,64GB|128GB,64,Used,163,,,1,,Seller 147,"Houston, Texas, United States",TX,3/29/2026
Apple iPhone 12 64/128GB Factory Unlocked Att TMobile Green Black Blue Pristine,iPhone 12,12,FALSE,128GB,128,Used,167,,,1,,Seller 147,"Houston, Texas, United States",TX,3/29/2026
Apple iPhone 12 - Unlocked 64GB - White Green Purple - 5G Mint Condition,iPhone 12,12,FALSE,64GB,64,Used,155,,,1,,Seller 147,"Houston, Texas, United States",TX,3/29/2026
"Apple iPhone 12 128GB 64GB Metro PCS Unlocked Verizon Good 6.1"" XDR Display",iPhone 12,12,FALSE,64GB|128GB,64,Used,150,,,1,,Seller 403,"Houston, Texas, United States",TX,3/29/2026
Apple iPhone 13 128GB 512GB Fully Unlocked Verizon AT&T Spectrum Smartphone,iPhone 13,13,FALSE,128GB|512GB,128,Used,218,,,,1,Seller 147,"Houston, Texas, United States",TX,3/29/2026
Apple iPhone 13 128/256GB Unlocked Verizon Att Blue Midnight Pink Smartphone 5G,iPhone 13,13,FALSE,256GB,256,Used,220,,,1,,Seller 403,"Houston, Texas, United States",TX,3/29/2026
Apple iPhone 12 -White Purple Red- Fully Unlocked Sprint Verizon 64GB 128GB 5G,iPhone 12,12,FALSE,64GB|128GB,64,Used,152,,,1,,Seller 403,"Houston, Texas, United States",TX,3/29/2026
Apple iPhone 13 128/256GB Factory Unlocked Verizon -Red Pink Green- Very Good,iPhone 13,13,FALSE,256GB,256,Used,227,,,1,,Seller 403,"Houston, Texas, United States",TX,3/29/2026
Apple iPhone 12 128GB 64GB Clean ESN Factory Unlocked Att Verizon Very Good,iPhone 12,12,FALSE,64GB|128GB,64,Used,153,,,,4,Seller 147,"Houston, Texas, United States",TX,3/29/2026
Apple iPhone 12 - 64/128GB - All Colors - Verizon - IMEI Clean,iPhone 12,12,FALSE,128GB,128,Used,147,,,1,,Seller 147,"Houston, Texas, United States",TX,3/29/2026
Apple iPhone 13 Red Black Green 128GB 256GB 5G Face ID Unlocked Verizon Pristin,iPhone 13,13,FALSE,128GB|256GB,128,Used,224,,,1,,Seller 403,"Houston, Texas, United States",TX,3/29/2026
Apple iPhone 13 -Starlight Pink Green- Unlocked Verizon 128/512GB 5G Very Good,iPhone 13,13,FALSE,512GB,512,Used,210,,,1,,Seller 403,"Houston, Texas, United States",TX,3/29/2026
Apple iPhone 12 64GB 128GB Unlocked Verizon Black Blue White Dual 12MP Camera,iPhone 12,12,FALSE,64GB|128GB,64,Used,156,,,1,,Seller 147,"Houston, Texas, United States",TX,3/29/2026
Apple iPhone 12 64GB 128GB Unlocked Verizon T-Mobile 5G Capable Dual SIM MagSaf,iPhone 12,12,FALSE,64GB|128GB,64,Used,164,,,1,,Seller 147,"Houston, Texas, United States",TX,3/29/2026
Apple iPhone 13 128GB 256GB 512GB Unlocked ATT TMobile 5G Blue/Black iOS,iPhone 13,13,FALSE,128GB|256GB|512GB,128,Used,212,,,1,,Seller 147,"Houston, Texas, United States",TX,3/29/2026
Apple iPhone 13 128GB 256GB Blue/Red Unlocked Verizon Good Condition 5G,iPhone 13,13,FALSE,128GB|256GB,128,Used,218,,,1,,Seller 147,"Houston, Texas, United States",TX,3/29/2026
Apple iPhone 12 64GB 128GB Unlocked Verizon AT&T Red/Purple Smartphone 5G,iPhone 12,12,FALSE,64GB|128GB,64,Used,149,,,1,,Seller 147,"Houston, Texas, United States",TX,3/29/2026
Apple iPhone 13 128GB 512GB GSM Unlocked Verizon 5G iOS Smartphone Good,iPhone 13,13,FALSE,128GB|512GB,128,Used,211,,,,1,Seller 147,"Houston, Texas, United States",TX,3/29/2026
Apple iPhone 12 128/64GB Purple / White Unlocked Verizon T-Mobile Boost AT&T 5G,iPhone 12,12,FALSE,64GB,64,Used,159,,,1,,Seller 147,"Houston, Texas, United States",TX,3/29/2026
Apple iPhone 13 128GB 512GB Clean ESN Unlocked AT&T 5G - Green Starlight Red,iPhone 13,13,FALSE,128GB|512GB,128,Used,224,,,1,,Seller 147,"Houston, Texas, United States",TX,3/29/2026
Apple iPhone 12 (64GB/128GB) 5G Purple Unlocked Verizon Metro PCS At&t Wi-Fi iO,iPhone 12,12,FALSE,64GB|128GB,64,Used,151,,,,2,Seller 147,"Houston, Texas, United States",TX,3/29/2026
Apple iPhone 12 64GB Factory Unlocked AT&T T-Mobile Verizon Mint Condition,iPhone 12,12,FALSE,64GB,64,Used,156,,,1,,Seller 147,"Houston, Texas, United States",TX,3/29/2026
Apple iPhone 13 Unlocked Verizon ATT 128GB 512GB 5G Pink/Midnight/Starlight,iPhone 13,13,FALSE,128GB|512GB,128,Used,212,,,,3,Seller 147,"Houston, Texas, United States",TX,3/29/2026
Apple iPhone 13 128GB 256GB Pink/Black Unlocked 5G Verizon T-Mobile Good iOS,iPhone 13,13,FALSE,128GB|256GB,128,Used,217,,,1,,Seller 403,"Houston, Texas, United States",TX,3/29/2026
Apple iPhone 12 Unlocked Verizon WiFi 64|128GB AT&T Blue/Green/Purple,iPhone 12,12,FALSE,128GB,128,Used,148,,,1,,Seller 147,"Houston, Texas, United States",TX,3/29/2026
Apple iPhone 13 - 256 GB - White (Unlocked) with TikTok,iPhone 13,13,FALSE,256GB,256,Used,750.88,,,,,Seller 637,"Norfolk, Virginia, United States",VA,1/24/2025
Apple iPhone 13 - 256 GB - Blue (Unlocked) TikTok installed,iPhone 13,13,FALSE,256GB,256,Used,800,,,,,Seller 501,"Houston, Texas, United States",TX,
Apple iPhone 13 128GB 512GB Unlocked Verizon AT&T Good Red/Green/Blue,iPhone 13,13,FALSE,128GB|512GB,128,Used,223,,,,7,Seller 147,"Houston, Texas, United States",TX,3/29/2026
iPhone 13 With TikTok And CapCut,iPhone 13,13,FALSE,,,Used,2750,,,,,Seller 471,"Arlington, Texas, United States",TX,
Apple iPhone 12 64GB 128GB Unlocked Att Battery Good Condition Black Red iOS 5G,iPhone 12,12,FALSE,64GB|128GB,64,Used,159,,,1,,Seller 403,"Houston, Texas, United States",TX,3/29/2026
Apple iPhone 12 64GB 128GB All Colors Unlocked Verizon AT&T T-Mobile Clean IMEI,iPhone 12,12,FALSE,64GB|128GB,64,Used,167,,,1,,Seller 403,"Houston, Texas, United States",TX,3/29/2026
Apple iPhone 13 128GB 256GB Unlocked Verizon Att Spectrum -Green Red Starlight,iPhone 13,13,FALSE,128GB|256GB,128,Used,217,,,1,,Seller 403,"Houston, Texas, United States",TX,3/29/2026
Apple iPhone 12 128GB|64GB White / Blue Factory Unlocked ATT Verizon 5G LTE,iPhone 12,12,FALSE,64GB|128GB,64,Used,164,,,1,,Seller 147,"Houston, Texas, United States",TX,3/29/2026
Apple iPhone 13 128GB 256GB GSM+CDMA Unlocked Verizon AT&T -Red Blue Black,iPhone 13,13,FALSE,128GB|256GB,128,Used,217,,,,6,Seller 147,"Houston, Texas, United States",TX,3/29/2026
"Apple iPhone 12 64GB 128GB Screen 6.1"" Unlocked Verizon Pristine White / Blue",iPhone 12,12,FALSE,64GB|128GB,64,Used,159,,,1,,Seller 147,"Houston, Texas, United States",TX,3/29/2026
Apple iPhone 13 128GB 256GB Unlocked Verizon AT&T Pink/Red 5G GSM iOS,iPhone 13,13,FALSE,128GB|256GB,128,Used,201,,,,11,Seller 147,"Houston, Texas, United States",TX,3/29/2026
Apple iPhone 12 64/128GB 5G Unlocked Verizon ATT Dual SIM (Nano‑SIM/eSIM),iPhone 12,12,FALSE,128GB,128,Used,149,,,,1,Seller 147,"Houston, Texas, United States",TX,3/29/2026
Apple iPhone 12 128GB-64GB Factory Unlocked T-Mobile Verizon Very Good Conditio,iPhone 12,12,FALSE,64GB|128GB,64,Used,152,,,1,,Seller 147,"Houston, Texas, United States",TX,3/29/2026
Apple iPhone 12 64GB 128GB CDMA/GSM Unlocked Verizon AT&T T-Mobile WIFI 5G,iPhone 12,12,FALSE,64GB|128GB,64,Used,161,,,1,,Seller 147,"Houston, Texas, United States",TX,3/29/2026
Apple iPhone 12 64GB 128GB Unlocked Verizon AT&T Tmobile Clean IMEI - All Color,iPhone 12,12,FALSE,64GB|128GB,64,Used,164,,,1,,Seller 147,"Houston, Texas, United States",TX,3/29/2026
Apple iPhone 12 64GB 128GB Unlocked Verizon AT&T Cricket Wireless MagSafe,iPhone 12,12,FALSE,64GB|128GB,64,Used,159,,,,2,Seller 147,"Houston, Texas, United States",TX,3/29/2026
Apple iPhone 12 64GB 128GB Unlocked Verizon AT&T T-Mobile MagSafe Free Return,iPhone 12,12,FALSE,64GB|128GB,64,Used,156,,,1,,Seller 147,"Houston, Texas, United States",TX,3/29/2026
Apple iPhone 12 - 64GB/128GB - Unlocked Verizon T-Mobile Smartphone Free Return,iPhone 12,12,FALSE,64GB|128GB,64,Used,158,,,1,,Seller 147,"Houston, TX, United States",TX,3/29/2026
Apple iPhone 13 128GB 256GB -Pristine- Unlocked Verizon AT&T 5G Blue White,iPhone 13,13,FALSE,128GB|256GB,128,Used,215,,,,1,Seller 403,"Houston, Texas, United States",TX,3/29/2026
Apple iPhone 13 - 256 GB - White (Unlocked),iPhone 13,13,FALSE,256GB,256,Used,5000,,,,,Seller 504,"Glen Burnie, Maryland, United States",MD,
Apple iPhone 13 5G LTE 128GB 256GB GSM Unlocked Verizon AT&T US Cellular,iPhone 13,13,FALSE,128GB|256GB,128,Used,210,,,,4,Seller 147,"Houston, Texas, United States",TX,3/29/2026
iphone 13 With TikTok,iPhone 13,13,FALSE,,,New,5000,,,,,Seller 617,"Indianapolis, Indiana, United States",IN,
Apple iPhone 12 64GB Verizon AT&T Unlocked 5G Excellent Condition iOS,iPhone 12,12,FALSE,64GB,64,Used,153,,,1,,Seller 147,"Houston, Texas, United States",TX,3/29/2026
TikTok iPhone 12 Pro Max,iPhone 12 Pro Max,12,TRUE,,,Used,2000,,,,,Seller 568,"Carroll, Iowa, United States",IA,
iPhone 13 With Tik Tok,iPhone 13,13,FALSE,,,Open Box,2000,,,,,Seller 283,"Ludowici, Georgia, United States",GA,
Apple iPhone 12 64GB 128GB Unlocked Verizon Boost T-Mobile CDMA/GSM 5G,iPhone 12,12,FALSE,64GB|128GB,64,Used,153,,,1,,Seller 403,"Houston, Texas, United States",TX,3/29/2026
Apple iPhone 12 128GB 64GB Green / Purple Factory Unlocked Verizon Tmobile 5G,iPhone 12,12,FALSE,64GB|128GB,64,Used,153,,,1,,Seller 147,"Houston, Texas, United States",TX,3/29/2026
Apple iPhone 12 128/64GB (Green Purple Black) Factory Unlocked Verizon 5G LTE,iPhone 12,12,FALSE,64GB,64,Used,155,,,1,,Seller 147,"Houston, Texas, United States",TX,3/29/2026
Apple iPhone 12 64GB iOS Very Good 4G Unlocked CDMA + GSM Verizon AT&T T-Mobile,iPhone 12,12,FALSE,64GB,64,Used,156,,,1,,Seller 147,"Houston, Texas, United States",TX,3/29/2026
Apple iPhone 12 64GB All Color T-Mobile Smartphone,iPhone 12,12,FALSE,64GB,64,Used,223,,,1,,Seller 147,"Houston, Texas, United States",TX,3/29/2026
Apple iPhone 12 Black Purple Red 64-128GB Unlocked Verizon AT&T T-Mobile 4G LTE,iPhone 12,12,FALSE,128GB,128,Used,144,,,1,,Seller 147,"Houston, Texas, United States",TX,3/29/2026
Apple iPhone 12 64GB Factory Unlocked Verizon AT&T T-Mobile IOS 5G Green,iPhone 12,12,FALSE,64GB,64,Used,160,,,1,,Seller 147,"Houston, Texas, United States",TX,3/29/2026
Apple iPhone 13 128GB 256GB GSM Unlocked Verizon ATT Green/Midnight/Pink Good,iPhone 13,13,FALSE,128GB|256GB,128,Used,222,,,1,,Seller 403,"Houston, Texas, United States",TX,3/29/2026
Apple iPhone 12 - 128GB 64GB - 5G Unlocked Verizon T-Mobile Smartphone Pristine,iPhone 12,12,FALSE,64GB|128GB,64,Used,163,,,1,,Seller 403,"Houston, Texas, United States",TX,3/29/2026
"Apple iPhone 12 5G 64/128GB Unlocked Verizon T-Mobile Blue/White Screen 6.1""",iPhone 12,12,FALSE,128GB,128,Used,151,,,1,,Seller 403,"Houston, Texas, United States",TX,3/29/2026
Apple iPhone 13 512GB / 128GB GSM Unlocked Verizon - Pink Green Red,iPhone 13,13,FALSE,128GB|512GB,128,Used,207,,,1,,Seller 403,"Houston, Texas, United States",TX,3/29/2026
Apple iPhone 12 64GB 128GB Verizon AT&T Unlocked GSM+CDMA 5G Blue/Black,iPhone 12,12,FALSE,64GB|128GB,64,Used,154,,,1,,Seller 147,"Houston, Texas, United States",TX,3/29/2026
Apple iPhone 12 Pro Max - 512 GB - Blue (Unlocked),iPhone 12 Pro Max,12,TRUE,512GB,512,Used,365,,,,,Seller 535,"Tempe, Arizona, United States",AZ,
Apple iPhone 13 128GB 512GB Unlocked Verizon Very Good 5G iOS Pink/White/Blue,iPhone 13,13,FALSE,128GB|512GB,128,Used,212,,,1,,Seller 403,"Houston, Texas, United States",TX,3/29/2026
Apple iPhone 13 128GB 512GB T-Mobile Unlocked Verizon (Good) Pink/Blue/Green,iPhone 13,13,FALSE,128GB|512GB,128,Used,211,,,1,,Seller 403,"Houston, Texas, United States",TX,3/29/2026
"Apple iPhone 12 64/128GB iOS Unlocked Verizon ATT Screen 6.1"" - Green Blue Blac",iPhone 12,12,FALSE,128GB,128,Used,143,,,1,,Seller 403,"Houston, Texas, United States",TX,3/29/2026
Apple iPhone 12 64GB 128GB Factory Unlocked GSM/CDMA AT&T T-Mobile WiFi iOS,iPhone 12,12,FALSE,64GB|128GB,64,Used,154,,,1,,Seller 403,"Houston, Texas, United States",TX,3/29/2026
Apple iPhone 13 512GB 128GB Factory Unlocked Verizon T-Mobile Straight Talk 5G,iPhone 13,13,FALSE,128GB|512GB,128,Used,206,,,,2,Seller 403,"Houston, Texas, United States",TX,3/29/2026
Apple iPhone 12 64GB 128GB Fully Unlocked Verizon AT&T Dual SIM (Nano‑SIM/eSIM),iPhone 12,12,FALSE,64GB|128GB,64,Used,155,,,1,,Seller 147,"Houston, Texas, United States",TX,3/29/2026
"Apple iPhone 12 64GB Screen 6.1"" Pristine Fully Unlocked Att 5G - Blue / Green",iPhone 12,12,FALSE,64GB,64,Used,166,,,1,,Seller 403,"Houston, Texas, United States",TX,3/29/2026
Apple iPhone 12 |128GB 64GB| ATT Unlocked Verizon Screen 6.1 White Purple Red,iPhone 12,12,FALSE,64GB|128GB,64,Used,149,,,1,,Seller 403,"Houston, Texas, United States",TX,3/29/2026
Apple iPhone 13 Unlocked 128GB iOS GSM AT&T TMobile Verizon Pristine Condition,iPhone 13,13,FALSE,128GB,128,Used,205,,,,1,Seller 403,"Houston, Texas, United States",TX,3/29/2026
Apple iPhone 12 64GB Unlocked Verizon U.S. Cellular AT&T 12MP Dual-Camera Good,iPhone 12,12,FALSE,64GB,64,Used,145,,,1,,Seller 147,"Houston, Texas, United States",TX,3/29/2026
Apple iPhone 12 🍎Mint- Unlocked 64GB 128GB 5G Verizon GSM T-Mobile Purple/Blue,iPhone 12,12,FALSE,64GB|128GB,64,Used,160,,,1,,Seller 147,"Houston, Texas, United States",TX,3/29/2026
Apple iPhone 12 iOS 5G 64GB 128GB White Blue Unlocked Verizon AT&T GSM,iPhone 12,12,FALSE,64GB|128GB,64,Used,152,,,1,,Seller 147,"Houston, Texas, United States",TX,3/29/2026
Apple iPhone 12 (64GB-128GB) Factory Unlocked Verizon AT&T Purple/Colors 5G,iPhone 12,12,FALSE,64GB|128GB,64,Used,155,,,1,,Seller 147,"Houston, Texas, United States",TX,3/29/2026
"Apple iPhone 12 128GB 64GB Factory Unlocked Verizon ATT Screen 6.1"" Face ID",iPhone 12,12,FALSE,64GB|128GB,64,Used,158,,,1,,Seller 147,"Houston, Texas, United States",TX,3/29/2026
Apple iPhone 12 (64GB/128GB) 5G Unlocked AT&T Verizon T-Mobile CDMA/GSM iOS,iPhone 12,12,FALSE,64GB|128GB,64,Used,148,,,1,,Seller 147,"Houston, Texas, United States",TX,3/29/2026
Apple iPhone 12 64GB 128GB Unlocked AT&T Verizon IOS LTE 5G Good Condition,iPhone 12,12,FALSE,64GB|128GB,64,Used,156,,,1,,Seller 147,"Houston, Texas, United States",TX,3/29/2026
Apple iPhone 12 64GB-128GB AT&T Unlocked Verizon LTE 4G Free Return & Shipping,iPhone 12,12,FALSE,64GB|128GB,64,Used,148,,,1,,Seller 147,"Houston, Texas, United States",TX,3/29/2026
Apple iPhone 12 64GB 128GB GSM CDMA Unlocked Verizon AT&T T-Mobile 5G Capable,iPhone 12,12,FALSE,64GB|128GB,64,Used,171,,,1,,Seller 147,"Houston, Texas, United States",TX,3/29/2026
Apple iPhone 12 64GB 128GB Unlocked Verizon ATT iOS 5G Free Shipping,iPhone 12,12,FALSE,64GB|128GB,64,Used,148,,,1,,Seller 147,"Houston, Texas, United States",TX,3/29/2026
Apple iPhone 12 64GB 128GB 5G Unlocked Verizon ATT T-Mobile Pristine Condition,iPhone 12,12,FALSE,64GB|128GB,64,Used,163,,,,1,Seller 147,"Houston, Texas, United States",TX,3/29/2026
Apple iPhone 13 Unlocked Verizon ATT Green/Red Good -128GB 256GB 512GB,iPhone 13,13,FALSE,128GB|256GB|512GB,128,Used,212,,,1,,Seller 403,"Houston, Texas, United States",TX,3/29/2026
Apple iPhone 13 128GB 512GB Unlocked AT&T Midnight/Starlight 5G Very Good,iPhone 13,13,FALSE,128GB|512GB,128,Used,207,,,,5,Seller 403,"Houston, Texas, United States",TX,3/29/2026
Apple iPhone 12 64GB Unlocked Verizon 5G AT&T -Very GOOD -Dual 12MP Camera,iPhone 12,12,FALSE,64GB,64,Used,150,,,1,,Seller 403,"Houston, Texas, United States",TX,3/29/2026
"Apple iPhone 12 - Blue, Green, Red - T-Mobile, Verizon, Unlocked - 128GB, 64GB",iPhone 12,12,FALSE,64GB|128GB,64,Used,161,,,1,,Seller 403,"Houston, Texas, United States",TX,3/29/2026
"Apple iPhone 12 Unlocked 5G - 64GB Black, Blue, Green, Purple AT&T Verizon",iPhone 12,12,FALSE,64GB,64,Used,156,,,1,,Seller 403,"Houston, Texas, United States",TX,3/29/2026
"Apple iPhone 12 5G - Unlocked, Mint Condition, 64GB/128GB - Black, Purple, Red",iPhone 12,12,FALSE,64GB|128GB,64,Used,155,,,1,,Seller 403,"Houston, Texas, United States",TX,3/29/2026
"Apple iPhone 12 | 128GB, 64GB | Unlocked | Various Colors | Excellent Condition",iPhone 12,12,FALSE,64GB|128GB,64,Used,164,,,1,,Seller 403,"Houston, Texas, United States",TX,3/29/2026
"Apple iPhone 13: Midnight Black, Starlight White, Blue - 128GB & 256GB 5G",iPhone 13,13,FALSE,128GB|256GB,128,Used,220,,,1,,Seller 403,"Houston, Texas, United States",TX,3/29/2026
Apple iPhone 13 5G 128GB 256GB Midnight Black Pink Green Red Unlocked T-Mobile,iPhone 13,13,FALSE,128GB|256GB,128,Used,216,,,1,,Seller 403,"Houston, Texas, United States",TX,3/29/2026
"Apple iPhone 12 5G Unlocked - Purple, Red, 64GB, 128GB, Excellent Condition",iPhone 12,12,FALSE,64GB|128GB,64,Used,160,,,,2,Seller 403,"Houston, Texas, United States",TX,3/29/2026
"Apple iPhone 12 5G Unlocked - T-Mobile/Verizon, 64GB/128GB, Black/Blue/Red",iPhone 12,12,FALSE,64GB|128GB,64,Used,148,,,1,,Seller 403,"Houston, Texas, United States",TX,3/29/2026
Apple iPhone 12 64GB/128GB Unlocked Verizon T-Mobile Black Green Purple,iPhone 12,12,FALSE,64GB|128GB,64,Used,164,,,1,,Seller 403,"Houston, Texas, United States",TX,3/29/2026
Apple iPhone 12 64GB 128GB 5G LTE Unlocked T-Mobile Red/Green AT&T WiFi,iPhone 12,12,FALSE,64GB|128GB,64,Used,149,,,1,,Seller 147,"Houston, Texas, United States",TX,3/29/2026
Apple iPhone 12 64/128GB Unlocked Verizon White / Green GSM|CDMA🍏 Very Good,iPhone 12,12,FALSE,128GB,128,Used,159,,,1,,Seller 147,"Houston, Texas, United States",TX,3/29/2026
Apple iPhone 12 64GB 128GB Factory Unlocked Verizon AT&T LTE WIFI 5G,iPhone 12,12,FALSE,64GB|128GB,64,Used,153,,,,1,Seller 147,"Houston, Texas, United States",TX,3/29/2026
Apple iPhone 13 128GB 256GB Unlocked ATT Verizon T-Mobile Wi‑Fi iOS 5G,iPhone 13,13,FALSE,128GB|256GB,128,Used,205,,,1,,Seller 403,"Houston, Texas, United States",TX,3/29/2026
Apple iPhone 12 64GB 128GB Very Good Clean ESN GSM Unlocked Verizon Spectrum,iPhone 12,12,FALSE,64GB|128GB,64,Used,145,,,1,,Seller 403,"Houston, Texas, United States",TX,3/29/2026
Apple iPhone 13 Verizon Unlocked 128GB 256GB AT&T T-Mobile Starlight/Midnight,iPhone 13,13,FALSE,128GB|256GB,128,Used,204,,,1,,Seller 403,"Houston, Texas, United States",TX,3/29/2026
"Apple iPhone 12 64GB/128GB - Black, Blue, Green - Unlocked, Verizon, AT&T, 5G",iPhone 12,12,FALSE,64GB|128GB,64,Used,156,,,,1,Seller 403,"Houston, Texas, United States",TX,3/29/2026
"Apple iPhone 13 128GB/256GB - Excellent Condition - Midnight, Starlight, Blue",iPhone 13,13,FALSE,128GB|256GB,128,Used,221,,,1,,Seller 403,"Houston, Texas, United States",TX,3/29/2026
"Apple iPhone 12 128GB/64GB Mint - Unlocked, Verizon, T-Mobile, Black, Blue, Red",iPhone 12,12,FALSE,64GB|128GB,64,Used,157,,,,1,Seller 403,"Houston, Texas, United States",TX,3/29/2026
"Apple iPhone 12 5G 64GB 128GB Unlocked AT&T Verizon Green, Red, Black",iPhone 12,12,FALSE,64GB|128GB,64,Used,150,,,1,,Seller 403,"Houston, Texas, United States",TX,3/29/2026
Apple iPhone 12 128GB Red/Black Mint Unlocked AT&T Verizon T-Mobile 5G,iPhone 12,12,FALSE,128GB,128,Used,165,,,1,,Seller 403,"Houston, Texas, United States",TX,3/29/2026
New Sealed Apple iPhone 13 MINI A2481 128GB 256GB 512GB Factory Unlocked US,iPhone 13 Mini,13,FALSE,128GB|256GB|512GB,128,New,323.99,,,2,1,Seller 508,"Whippany, New Jersey, United States",NJ,3/28/2026
"Apple iPhone 13 Mint - 128GB/256GB/512GB, Midnight/Starlight, Verizon/T-Mobile",iPhone 13,13,FALSE,128GB|256GB|512GB,128,Used,219,,,,1,Seller 403,"Houston, Texas, United States",TX,3/29/2026
"Apple iPhone 12 64GB/128GB Black, Blue, Red - Unlocked, Verizon, AT&T, T-Mobile",iPhone 12,12,FALSE,64GB|128GB,64,Used,141,,,1,,Seller 403,"Houston, Texas, United States",TX,3/29/2026
"Apple iPhone 13 128GB, 512GB - Midnight, Starlight, Blue, Pink - Unlocked",iPhone 13,13,FALSE,128GB|512GB,128,Used,209,,,1,,Seller 403,"Houston, Texas, United States",TX,3/29/2026
"Apple iPhone 13 Unlocked 128GB/256GB/512GB - Midnight, Pink, Green - Fair Cond.",iPhone 13,13,FALSE,128GB|256GB|512GB,128,Used,215,,,1,,Seller 403,"Houston, Texas, United States",TX,3/29/2026
"iPhone 12 64GB/128GB - Very Good Condition, Black/Blue/Green, Verizon/T-Mobile",iPhone 12,12,FALSE,64GB|128GB,64,Used,153,,,1,,Seller 147,,,3/29/2026
"Apple iPhone 13 128GB/512GB in Midnight Blue, Pink, Green - Good Condition",iPhone 13,13,FALSE,128GB|512GB,128,Used,226,,,,1,Seller 403,"Houston, TX, United States",TX,3/29/2026
"Apple iPhone 12 64GB/128GB Unlocked - Good Condition, Various Colors",iPhone 12,12,FALSE,64GB|128GB,64,Used,153,,,1,,Seller 147,"Houston, Texas, United States",TX,3/29/2026
Apple iPhone 12 - 64GB/128GB - Unlocked - Mint Condition - Free Shipping,iPhone 12,12,FALSE,64GB|128GB,64,Used,159,,,1,,Seller 403,"Houston, Texas, United States",TX,3/29/2026
"Apple iPhone 12 Unlocked 64GB/128GB - Verizon, T-Mobile, AT&T - Free Shipping!",iPhone 12,12,FALSE,64GB|128GB,64,Used,149,,,1,,Seller 403,"Houston, Texas, United States",TX,3/29/2026
"Apple iPhone 12 Unlocked 64GB/128GB - Various Colors - AT&T, Verizon, Free Ship",iPhone 12,12,FALSE,64GB|128GB,64,Used,162,,,1,,Seller 403,"Houston, Texas, United States",TX,3/29/2026
"Apple iPhone 12 64GB Unlocked - Black, Blue, Green - AT&T, T-Mobile, Free Ship",iPhone 12,12,FALSE,64GB,64,Used,148,,,1,,Seller 403,"Houston, Texas, United States",TX,3/29/2026
Apple iPhone 12 - 64GB - Unlocked - Good Condition - Free Shipping,iPhone 12,12,FALSE,64GB,64,Used,154,,,1,,Seller 403,"Houston, Texas, United States",TX,3/29/2026
"Apple iPhone 12 64GB/128GB Unlocked - Mint, Green, Black - Free Shipping",iPhone 12,12,FALSE,64GB|128GB,64,Used,167,,,1,,Seller 403,"Houston, Texas, United States",TX,3/29/2026
Apple iPhone 12 64GB/128GB - Mint - Black/Green/White - Verizon/T-Mobile,iPhone 12,12,FALSE,64GB|128GB,64,Used,159,,,1,,Seller 147,"Houston, Texas, United States",TX,3/29/2026
"Apple iPhone 13 128GB/256GB Muy Buen Estado - Desbloqueado, Verizon, AT&T-",iPhone 13,13,FALSE,128GB|256GB,128,Used,225,,,,,Seller 403,"Houston, Texas, Estados Unidos",TX,3/29/2026
"Apple iPhone 13 Unlocked Verizon - 128GB, 512GB, Good Condition, Multiple Color",iPhone 13,13,FALSE,128GB|512GB,128,Used,218,,,,1,Seller 403,"Houston, Texas, United States",TX,3/29/2026
"Apple iPhone 12 - 128GB/64GB - Unlocked Black, Blue, Red - Free Shipping",iPhone 12,12,FALSE,64GB|128GB,64,Used,158,,,1,,Seller 403,"Houston, Texas, United States",TX,3/29/2026
"Apple iPhone 12 64GB T-Mobile - Black, Blue, Green, Red - Free Shipping!",iPhone 12,12,FALSE,64GB,64,Used,215,,,1,,Seller 403,"Houston, Texas, United States",TX,3/29/2026
New Sealed Apple iPhone 13 MINI A2481 128GB 256GB Fully Unlocked Smartphones,iPhone 13 Mini,13,FALSE,128GB|256GB,128,New,323.99,,,2,,Seller 508,"Whippany, New Jersey, United States",NJ,3/28/2026
"Apple iPhone 13 128/256/512GB Midnight, Starlight, Pink - Unlocked, Verizon, 5G",iPhone 13,13,FALSE,512GB,512,Used,207,,,,1,Seller 147,"Houston, Texas, United States",TX,3/29/2026
"Apple iPhone 12 64GB Unlocked - Verizon, Metro, T-Mobile - Free Shipping!",iPhone 12,12,FALSE,64GB,64,Used,152,,,1,,Seller 403,"Houston, Texas, United States",TX,3/29/2026
"iPhone 12 64GB AT&T - Green, Black, Blue, 5G - Free Shipping & Returns",iPhone 12,12,FALSE,64GB,64,Used,234,,,1,,Seller 403,"Houston, Texas, United States",TX,3/29/2026
"Apple iPhone 12 64GB Unlocked - Black, Blue - Free Shipping & Returns",iPhone 12,12,FALSE,64GB,64,Used,150,,,1,,Seller 403,"Houston, Texas, United States",TX,3/29/2026
"iPhone 12 64GB Unlocked - Black, Blue, Red - AT&T, Verizon - Free Shipping!",iPhone 12,12,FALSE,64GB,64,Used,157,,,1,,Seller 403,"Houston, Texas, United States",TX,3/29/2026
"Apple iPhone 14 Plus 128GB/256GB - Mint Condition - Midnight, Starlight, Blue",iPhone 14 Plus,14,FALSE,128GB|256GB,128,Used,260,,,,186,Seller 147,"Houston, Texas, United States",TX,3/29/2026
"Apple iPhone 14 Plus 128GB/256GB - Good Condition, Midnight, Starlight, Red - 5",iPhone 14 Plus,14,FALSE,128GB|256GB,128,Used,265,,,,14,Seller 147,"Houston, Texas, United States",TX,3/29/2026
"Apple iPhone 14 Plus 128GB/256GB - Unlocked, Verizon, T-Mobile 5G",iPhone 14 Plus,14,FALSE,128GB|256GB,128,Used,263,,,,10,Seller 403,"Houston, Texas, United States",TX,3/29/2026
"iPhone 14 Plus 128GB/256GB - Midnight, Starlight, Red - Verizon & T-Mobile 5G",iPhone 14 Plus,14,FALSE,128GB|256GB,128,Used,263,,,,2,Seller 403,"Houston, Texas, United States",TX,3/29/2026
Apple iPhone 12 64GB/128GB Mint Unlocked Verizon AT&T T-Mobile Black/Blue/Green,iPhone 12,12,FALSE,64GB|128GB,64,Used,163,,,1,,Seller 147,"Houston, Texas, United States",TX,3/29/2026
"Apple iPhone 13 Mint 128GB/256GB/512GB - Verizon, T-Mobile Options Available",iPhone 13,13,FALSE,128GB|256GB|512GB,128,Used,214,,,,2,Seller 147,"Houston, Texas, United States",TX,3/29/2026
"Apple iPhone 13 128GB/256GB - Very Good, Unlocked, Midnight Black, Blue, Green",iPhone 13,13,FALSE,128GB|256GB,128,Used,221,,,1,,Seller 403,"Houston, Texas, United States",TX,3/29/2026
"Apple iPhone 13 Mint - 128GB/512GB - Colors: Midnight, Blue, Red",iPhone 13,13,FALSE,128GB|512GB,128,Used,214,,,1,,Seller 403,"Houston, Texas, United States",TX,3/29/2026
"Apple iPhone 12 64GB Unlocked - Black, Blue, Green - Free Shipping!",iPhone 12,12,FALSE,64GB,64,Used,158,,,1,,Seller 403,"Houston, Texas, United States",TX,3/29/2026
"Apple iPhone 12 64GB Unlocked - Good Condition, Free Shipping!",iPhone 12,12,FALSE,64GB,64,Used,155,,,1,,Seller 403,"Houston, Texas, United States",TX,3/29/2026
"Apple iPhone 13 128GB/512GB Unlocked - Verizon, AT&T - Midnight, Green, Red",iPhone 13,13,FALSE,128GB|512GB,128,Used,213,,,,1,Seller 147,"Houston, Texas, United States",TX,3/29/2026
"Apple iPhone 12 64GB Unlocked - T-Mobile, LTE - Black, Blue, Green - Free Ship!",iPhone 12,12,FALSE,64GB,64,Used,163,,,1,,Seller 403,"Houston, Texas, United States",TX,3/29/2026
Apple iPhone 13 128GB 256GB GSM Unlocked iOS Verizon AT&T 5G Pristine Condition,iPhone 13,13,FALSE,128GB|256GB,128,Used,216,,,1,,Seller 403,"Houston, Texas, United States",TX,3/29/2026
"Apple iPhone 13 - Unlocked, Very Good Condition, 128GB/256GB/512GB Available",iPhone 13,13,FALSE,128GB|256GB|512GB,128,Used,223,,,,78,Seller 403,"Houston, Texas, United States",TX,3/29/2026
"Apple iPhone 12 128GB Unlocked - Good Condition - Black, Green, Red",iPhone 12,12,FALSE,128GB,128,Used,153,,,,1,Seller 403,"Houston, Texas, United States",TX,3/29/2026
"Apple iPhone 12 64GB/128GB - Unlocked 5G Verizon, AT&T, T-Mobile Colors",iPhone 12,12,FALSE,64GB|128GB,64,Used,146,,,1,,Seller 147,"Houston, Texas, United States",TX,3/29/2026
"Apple iPhone 12 64GB/128GB - Very Good Condition - Verizon, AT&T, T-Mobile",iPhone 12,12,FALSE,64GB|128GB,64,Used,159,,,1,,Seller 403,"Houston, Texas, United States",TX,3/29/2026
"Apple iPhone 12 128GB/64GB - Unlocked, Good Condition - Free Shipping!",iPhone 12,12,FALSE,64GB|128GB,64,Used,157,,,1,,Seller 403,"Houston, Texas, United States",TX,3/29/2026
Teléfono Iphone 14 Pro Max Tito Incluido $3000 Desbloqueado,iPhone 14 Pro Max,14,TRUE,,,New,3000,,,,,Seller 692,"Hialeah, Florida, United States",FL,12/15/2025
Apple iPhone 12 - Good Condition - Multiple Colors - 64GB/128GB,iPhone 12,12,FALSE,64GB|128GB,64,Used,151,,,1,,Seller 147,"Houston, Texas, United States",TX,3/29/2026
Apple iPhone 12 64GB Unlocked - Black/Green - Free Shipping,iPhone 12,12,FALSE,64GB,64,Used,144,,,1,,Seller 403,"Houston, Texas, United States",TX,3/29/2026
"Apple iPhone 12 64GB/128GB Unlocked - Good Condition, Free Shipping!",iPhone 12,12,FALSE,64GB|128GB,64,Used,153,,,1,,Seller 403,"Houston, Texas, United States",TX,3/29/2026
"Apple iPhone 12 Unlocked 64GB/128GB - Very Good Condition, Multiple Colors",iPhone 12,12,FALSE,64GB|128GB,64,Used,154,,,1,,Seller 147,"Houston, Texas, United States",TX,3/29/2026
Apple iPhone 12 64GB/128GB Unlocked - Verizon/AT&T - Fair Condition,iPhone 12,12,FALSE,64GB|128GB,64,Used,141,,,,5,Seller 403,"Houston, Texas, United States",TX,3/29/2026
"Apple iPhone 13 Fair Condition - 128GB/256GB/512GB, Unlocked, Colors Available",iPhone 13,13,FALSE,128GB|256GB|512GB,128,Used,219,,,,5,Seller 147,"Houston, Texas, United States",TX,3/29/2026
"Apple iPhone 12 64GB/128GB - Good Condition, Unlocked - Black, Green, Red",iPhone 12,12,FALSE,64GB|128GB,64,Used,155,,,1,,Seller 403,"Houston, Texas, United States",TX,3/29/2026
"Apple iPhone 13 128GB/512GB - Good Condition - Midnight, Starlight, Blue, Pink",iPhone 13,13,FALSE,128GB|512GB,128,Used,212,,,1,,Seller 403,"Houston, Texas, United States",TX,3/29/2026
"Apple iPhone 12 64GB/128GB - Unlocked, AT&T 5G - Free Shipping!",iPhone 12,12,FALSE,64GB|128GB,64,Used,157,,,1,,Seller 147,"Houston, Texas, United States",TX,3/29/2026
"Apple iPhone 12 64GB/128GB 5G Unlocked - Black, Purple, White - Free Shipping",iPhone 12,12,FALSE,64GB|128GB,64,Used,144,,,1,,Seller 147,"Houston, Texas, United States",TX,3/29/2026
"Apple iPhone 12 64GB/128GB Unlocked - Verizon, AT&T, T-Mobile - Free Shipping!",iPhone 12,12,FALSE,64GB|128GB,64,Used,157,,,1,,Seller 403,"Houston, Texas, United States",TX,3/29/2026
"Apple iPhone 13 128GB - Unlocked, Verizon, AT&T, T-Mobile - Free Shipping!",iPhone 13,13,FALSE,128GB,128,Used,215,,,,90,Seller 147,"Houston, Texas, United States",TX,3/29/2026
"Apple iPhone 12 64GB Unlocked - Black/Blue, 5G, Free Shipping & Returns",iPhone 12,12,FALSE,64GB,64,Used,162,,,1,,Seller 403,"Houston, Texas, United States",TX,3/29/2026
"Apple iPhone 13 128/256GB 5G Unlocked - Midnight, Blue, Pink, T-Mobile, Shippin",iPhone 13,13,FALSE,256GB,256,Used,216,,,,3,Seller 403,"Houston, Texas, United States",TX,3/29/2026
"Apple iPhone 12 - Blue, Red, Green - 64GB/128GB - Unlocked - Mint Condition!",iPhone 12,12,FALSE,64GB|128GB,64,Used,164,,,1,,Seller 147,"Houston, Texas, United States",TX,3/29/2026
Apple iPhone 12 Unlocked 64GB/128GB - GSM Black Blue Red - Free Shipping!,iPhone 12,12,FALSE,64GB|128GB,64,Used,153,,,1,,Seller 403,"Houston, Texas, United States",TX,3/29/2026
"Apple iPhone 13 5G - 128GB/256GB - Unlocked - Midnight Black, Pink - Free Ship",iPhone 13,13,FALSE,128GB|256GB,128,Used,219,,,1,,Seller 147,"Houston, Texas, United States",TX,3/29/2026
"Apple iPhone 12 64GB/128GB - Unlocked, Verizon, AT&T, T-Mobile - Free Ship",iPhone 12,12,FALSE,64GB|128GB,64,Used,150,,,1,,Seller 147,"Houston, Texas, United States",TX,3/29/2026
Apple iPhone 12 5G Unlocked - Mint Condition - 64GB/128GB - Free Shipping,iPhone 12,12,FALSE,64GB|128GB,64,Used,158,,,1,,Seller 147,"Houston, Texas, United States",TX,3/29/2026
Apple iPhone 13 128GB Unlocked - Very Good Condition - Free Shipping!,iPhone 13,13,FALSE,128GB,128,Used,227,,,,3,Seller 403,"Houston, Texas, United States",TX,3/29/2026
"Apple iPhone 13 128GB/256GB - Very Good Condition - Verizon, AT&T, T-Mobile",iPhone 13,13,FALSE,128GB|256GB,128,Used,220,,,,4,Seller 147,"Houston, Texas, United States",TX,3/29/2026
"Apple iPhone 12 128GB & 64GB - Mint Green & Purple, Unlocked, Free Shipping!",iPhone 12,12,FALSE,64GB|128GB,64,Used,161,,,1,,Seller 403,"Houston, Texas, United States",TX,3/29/2026
"Apple iPhone 13 Unlocked - 128GB & 256GB - Midnight Blue, Pink, Green",iPhone 13,13,FALSE,128GB|256GB,128,Used,225,,,,3,Seller 147,"Houston, Texas, United States",TX,3/29/2026
Apple iPhone 12 64GB 128GB Fair Black Blue Unlocked Verizon AT&T T-Mobile,iPhone 12,12,FALSE,64GB|128GB,64,Used,145,,,1,,Seller 403,"Houston, Texas, United States",TX,3/29/2026
Apple iPhone 12 - 64GB/128GB - Unlocked - Fair Condition - Free Shipping,iPhone 12,12,FALSE,64GB|128GB,64,Used,150,,,1,,Seller 147,"Houston, Texas, United States",TX,3/29/2026
Apple iPhone 12 128GB 64GB Fully Unlocked Verizon ATT Metro PCS- Black Blue Red,iPhone 12,12,FALSE,64GB|128GB,64,Used,155,,,,9,Seller 147,"Houston, Texas, United States",TX,3/29/2026
NEW SEALEDApple iPhone 14 5G FACTORY UNLOCKED 512G/256GB/128GB 2 YEAR WARRANTY,iPhone 14,14,FALSE,128GB|256GB,128,New,403.95,,,5,1,Seller 021,"Whippany, New Jersey, United States",NJ,3/28/2026
New Apple iPhone 14 PRO MAX A2651 128/256/512GB Unlocked ALL COLOR & MEMORY USA,iPhone 14 Pro Max,14,TRUE,512GB,512,New,699.88,,,2,1,Seller 021,"Whippany, New Jersey, United States",NJ,3/28/2026
New Sealed Apple iPhone 13/iPhone 14/14 Pro Max Factory Unlocked GSM+CDMA US,iPhone 13,13,FALSE,,,New,409.95,,,10,7,Seller 021,"Whippany, New Jersey, United States",NJ,3/28/2026
Apple iPhone 12 128GB 64GB Unlocked Verizon Straight Talk - Black Purple Red,iPhone 12,12,FALSE,64GB|128GB,64,Used,159,,,1,,Seller 147,"Houston, Texas, United States",TX,3/29/2026
Apple iPhone 13 128GB Unlocked Verizon Cricket 6.1-inch OLED Display,iPhone 13,13,FALSE,128GB,128,Used,214,,,1,,Seller 403,"Houston, Texas, United States",TX,3/29/2026
Apple iPhone 13 512GB 256GB 128GB Fully Unlocked Verizon US Cellular Pink/Green,iPhone 13,13,FALSE,128GB|256GB|512GB,128,Used,212,,,,4,Seller 147,"Houston, Texas, United States",TX,3/29/2026
"Apple iPhone 12 Very Good 6.1"" Screen Unlocked Sprint (Blue/Red) 128GB|64GB",iPhone 12,12,FALSE,64GB|128GB,64,Used,152,,,1,,Seller 147,"Houston, Texas, United States",TX,3/29/2026
Apple iPhone 13 128GB Unlocked Verizon Sprint AT&T 5G Very Good Condition,iPhone 13,13,FALSE,128GB,128,Used,210,,,,2,Seller 147,"Houston, Texas, United States",TX,3/29/2026
NEW Apple Iphone 13 Mini A2481 128GB 256GB 512GB Factory Unlocked (ALL CARRIER),iPhone 13 Mini,13,FALSE,128GB|256GB|512GB,128,New,323.99,,,2,,Seller 508,"Whippany, New Jersey, United States",NJ,3/28/2026
Apple Iphone 13 Mini 5G A2481 128GB 256GB Factory Unlocked ALL CARRIERS GSM CDMA,iPhone 13 Mini,13,FALSE,128GB|256GB,128,New,323.99,,,2,,Seller 508,"Whippany, New Jersey, United States",NJ,3/28/2026
Apple Iphone 13 Mini A2481 128GB 256GB Factory Unlocked ALL CARRIERS GSM CDMA,iPhone 13 Mini,13,FALSE,128GB|256GB,128,New,323.99,,,2,,Seller 508,"Whippany, New Jersey, United States",NJ,3/28/2026
Apple Iphone 13 Mini 5G 512GB 256GB 128GB Factory Unlocked ALL CARRIER GSM CDMA,iPhone 13 Mini,13,FALSE,128GB|256GB|512GB,128,New,323.99,,,2,,Seller 508,"Whippany, New Jersey, United States",NJ,3/28/2026
Apple Iphone 13 Mini 5G A2481 128GB~256GB Factory Unlocked ALL CARRIER GSM CDMA,iPhone 13 Mini,13,FALSE,128GB|256GB,128,New,323.99,,,2,,Seller 508,"Whippany, New Jersey, United States",NJ,3/28/2026
Apple Iphone 13 Mini 128/256/512GB Factory Unlocked ALL CARRIERS GSM CDMA A+,iPhone 13 Mini,13,FALSE,512GB,512,Open Box,327.55,,,2,1,Seller 508,"Whippany, New Jersey, United States",NJ,3/28/2026
Apple Iphone 13 Mini A2481 5G 128GB 256GB Factory Unlocked ALL CARRIER GSM CDMA,iPhone 13 Mini,13,FALSE,128GB|256GB,128,New,323.99,,,2,,Seller 508,"Whippany, New Jersey, United States",NJ,3/28/2026
Apple iPhone 14 Unlocked Verizon ATT 5G 128GB/512GB Very Good Condition,iPhone 14,14,FALSE,128GB|512GB,128,Used,243,,,,1,Seller 403,"Houston, Texas, United States",TX,3/29/2026
Apple iPhone 14 256GB 128GB Unlocked Verizon AT&T Metro PCS Yellow/Midnight,iPhone 14,14,FALSE,128GB|256GB,128,Used,236,,,,1,Seller 403,"Houston, Texas, United States",TX,3/29/2026
Apple iPhone 14 Unlocked Verizon Good SmartPhone (128GB 256GB 512GB),iPhone 14,14,FALSE,128GB|256GB|512GB,128,Used,237,,,,6,Seller 147,"Houston, Texas, United States",TX,3/29/2026
Apple iPhone 14 512GB 256GB 128GB Verizon/Unlocked 5G All Colors,iPhone 14,14,FALSE,128GB|256GB|512GB,128,Used,239,,,,23,Seller 147,"Houston, Texas, United States",TX,3/29/2026
NEW SEALED APPLE IPHONE 14 5G 128-512GB FACTORY UNLOCKED GSM CDMA FAST SHIPPING,iPhone 14,14,FALSE,512GB,512,New,403.95,,,5,,Seller 021,"Whippany, New Jersey, United States",NJ,3/28/2026
Apple iPhone 14 128GB 256GB Unlocked Verizon Metro PCS ATT Yellow Blue Red,iPhone 14,14,FALSE,128GB|256GB,128,Used,221,,,,3,Seller 403,"Houston, Texas, United States",TX,3/29/2026
Apple iPhone 14 -Very GOOD- 128GB 512GB Unlocked Verizon AT&T Cricket 5G,iPhone 14,14,FALSE,128GB|512GB,128,Used,232,,,,2,Seller 147,"Houston, Texas, United States",TX,3/29/2026
Apple iPhone 14 256GB 128GB 5G All Colors - Unlocked Verizon Tracfone 5G,iPhone 14,14,FALSE,128GB|256GB,128,Used,236,,,,8,Seller 147,"Houston, Texas, United States",TX,3/29/2026
Apple iPhone 14 Unlocked -128GB 512GB- GOOD Yellow/Midnight/Starlight,iPhone 14,14,FALSE,128GB|512GB,128,Used,225,,,,2,Seller 147,"Houston, Texas, United States",TX,3/29/2026
Apple iPhone 14 256GB 128GB Factory Unlocked Verizon T-Mobile Sprint -Good,iPhone 14,14,FALSE,128GB|256GB,128,Used,235,,,1,,Seller 403,"Houston, Texas, United States",TX,3/29/2026
Apple iPhone 14 256GB|128GB (Red/Blue/Yellow) Unlocked Verizon ATT Excellent,iPhone 14,14,FALSE,128GB|256GB,128,Used,240,,,,2,Seller 403,"Houston, Texas, United States",TX,3/29/2026
Apple iPhone 14 Unlocked Verizon Tracfone Tmobile Good Battery - 128GB 256GB,iPhone 14,14,FALSE,128GB|256GB,128,Used,223,,,1,,Seller 147,"Houston, Texas, United States",TX,3/29/2026
Apple iPhone 14 128GB 256GB Fully Unlocked Verizon ATT Straight Talk (Mint),iPhone 14,14,FALSE,128GB|256GB,128,Used,223,,,1,,Seller 147,"Houston, Texas, United States",TX,3/29/2026
Apple iPhone 14 128GB Unlocked Verizon AT&T T-Mobile Blue Red 4G LTE iOS,iPhone 14,14,FALSE,128GB,128,Used,224,,,1,,Seller 147,"Houston, Texas, United States",TX,3/29/2026
Apple iPhone 14 128GB Unlocked Verizon AT&T T-Mobile Bluee Midnight Starlight 4,iPhone 14,14,FALSE,128GB,128,Used,228,,,1,,Seller 403,"Houston, Texas, United States",TX,3/29/2026
Apple iPhone 14 128GB 256GB Unlocked Verizon GSM CDMA iOS WiFi 4G,iPhone 14,14,FALSE,128GB|256GB,128,Used,236,,,,1,Seller 147,"Houston, Texas, United States",TX,3/29/2026
Apple iPhone 14 128GB 256GB Midnight/Starlight ATT Unlocked CDMA 4G,iPhone 14,14,FALSE,128GB|256GB,128,Used,219,,,,1,Seller 147,"Houston, Texas, United States",TX,3/29/2026
Apple iPhone 14 128GB 256GB GSM CDMA Unlocked Verizon AT&T T-Mobile LTE,iPhone 14,14,FALSE,128GB|256GB,128,Used,221,,,1,,Seller 403,"Houston, Texas, United States",TX,3/29/2026
Apple iPhone 14 128GB GSM iOS Unlocked Verizon AT&T T-Mobile 4G Clean IMEI,iPhone 14,14,FALSE,128GB,128,Used,223,,,1,,Seller 403,"Houston, Texas, United States",TX,3/29/2026
Apple iPhone 14 128GB 256GB 512GB Unlocked Verizon Midnight/Starlight 5G,iPhone 14,14,FALSE,128GB|256GB|512GB,128,Used,237,,,,2,Seller 403,"Houston, Texas, United States",TX,3/29/2026
Apple iPhone 14 128GB 256GB 512GB Unlocked Verizon AT&T Yellow Red 5G,iPhone 14,14,FALSE,128GB|256GB|512GB,128,Used,229,,,1,,Seller 403,"Houston, Texas, United States",TX,3/29/2026
Apple iPhone 14 128GB 512GB Unlocked GSM Verizon AT&T T-Mobile 5G,iPhone 14,14,FALSE,128GB|512GB,128,Used,229,,,1,,Seller 147,"Houston, Texas, United States",TX,3/29/2026
Apple iPhone 14 128GB 256GB Unlocked Verizon AT&T 5G GSM CDMA iOS,iPhone 14,14,FALSE,128GB|256GB,128,Used,222,,,,1,Seller 147,"Houston, Texas, United States",TX,3/29/2026
Apple iPhone 14 128GB 256GB Unlocked Verizon AT&T T-Mobile 5G Pristine iOS,iPhone 14,14,FALSE,128GB|256GB,128,Used,235,,,,2,Seller 403,"Houston, Texas, United States",TX,3/29/2026
Apple iPhone 14 128GB 256GB 512GB Unlocked AT&T Starlight Midnight Good,iPhone 14,14,FALSE,128GB|256GB|512GB,128,Used,223,,,,1,Seller 147,"Houston, Texas, United States",TX,3/29/2026
Apple iPhone 14 128GB 512GB Unlocked Verizon AT&T T-Mobile iOS WiFi 5G,iPhone 14,14,FALSE,128GB|512GB,128,Used,226,,,1,,Seller 403,"Houston, Texas, United States",TX,3/29/2026
"New Apple iPhone 13, 128/256/512GB - Factory Unlocked - Sealed Box - All colors",iPhone 13,13,FALSE,512GB,512,New,432.12,,,2,2,Seller 021,"Whippany, New Jersey, United States",NJ,3/28/2026
Apple iPhone 14 Unlocked Verizon 128GB 256GB AT&T T-Mobile Pristine 5G,iPhone 14,14,FALSE,128GB|256GB,128,Used,224,,,,1,Seller 403,"Houston, Texas, United States",TX,3/29/2026
Apple iPhone 14 128GB 512GB Unlocked Verizon AT&T Midnight Purple iOS,iPhone 14,14,FALSE,128GB|512GB,128,Used,231,,,1,,Seller 147,"Houston, Texas, United States",TX,3/29/2026
NEW SEALED APPLE IPHONE 14 PRO MAX 128GB/256GB/512GB FACTORY UNLOCKED GSM CDMA,iPhone 14 Pro Max,14,TRUE,128GB|256GB|512GB,128,New,673.99,,,2,8,Seller 508,"Whippany, New Jersey, United States",NJ,3/28/2026
Apple iPhone 14 128GB 512GB Unlocked Verizon iOS AT&T T-Mobile Pristine 5G,iPhone 14,14,FALSE,128GB|512GB,128,Used,224,,,,2,Seller 147,"Houston, Texas, United States",TX,3/29/2026
Apple iPhone 14 128GB 256GB Unlocked AT&T T-Mobile 5G LTE iOS WiFi,iPhone 14,14,FALSE,128GB|256GB,128,Used,229,,,,1,Seller 403,"Houston, Texas, United States",TX,3/29/2026
Apple iPhone 14 128GB 256GB GSM LTE Unlocked Verizon AT&T 5G WiFi,iPhone 14,14,FALSE,128GB|256GB,128,Used,221,,,1,,Seller 403,"Houston, Texas, United States",TX,3/29/2026
Apple iPhone 14 128GB 256GB Unlocked Verizon AT&T T-Mobile 5G Clean ESN,iPhone 14,14,FALSE,128GB|256GB,128,Used,232,,,,2,Seller 147,"Houston, Texas, United States",TX,3/29/2026
Apple iPhone 14 128GB 256GB 512GB Unlocked AT&T Midnight Stalight 5G,iPhone 14,14,FALSE,128GB|256GB|512GB,128,Used,227,,,,2,Seller 147,"Houston, Texas, United States",TX,3/29/2026
Apple iPhone 14 Unlocked Verizon AT&T T-Mobile 128GB 5G iOS WiFi,iPhone 14,14,FALSE,128GB,128,Used,216,,,,1,Seller 403,"Houston, Texas, United States",TX,3/29/2026
Apple iPhone 14 128GB 256GB 512GB Unlocked Verizon AT&T iOS 5G LTE,iPhone 14,14,FALSE,128GB|256GB|512GB,128,Used,232,,,1,,Seller 403,"Houston, Texas, United States",TX,3/29/2026
Apple iPhone 14 128GB 256GB 512GB Midnight Blue iOS Unlocked Verizon AT&T,iPhone 14,14,FALSE,128GB|256GB|512GB,128,Used,221,,,1,,Seller 147,"Houston, Texas, United States",TX,3/29/2026
Apple iPhone 14 128GB 512GB Unlocked Verizon AT&T GSM CDMA 5G,iPhone 14,14,FALSE,128GB|512GB,128,Used,243,,,,1,Seller 147,"Houston, Texas, United States",TX,3/29/2026
Apple iPhone 14 128GB 256GB AT&T Unlocked Verizon T-Mobile 5G WiFi,iPhone 14,14,FALSE,128GB|256GB,128,Used,225,,,,10,Seller 147,"Houston, Texas, United States",TX,3/29/2026
Apple iPhone 14 128GB 256GB 512GB Unlocked AT&T Very Good Red Starlight,iPhone 14,14,FALSE,128GB|256GB|512GB,128,Used,225,,,,1,Seller 147,"Houston, Texas, United States",TX,3/29/2026
Apple iPhone 14 128GB 256GB 512GB Unlocked Verizon Starlight Midnight 5G,iPhone 14,14,FALSE,128GB|256GB|512GB,128,Used,221,,,1,,Seller 403,"Houston, Texas, United States",TX,3/29/2026
Apple iPhone 14 Unlocked Verizon AT&T T-Mobile 128GB 256GB Pristine 5G,iPhone 14,14,FALSE,128GB|256GB,128,Used,223,,,1,,Seller 403,"Houston, Texas, United States",TX,3/29/2026
Apple iPhone 14 128GB 256GB Unlocked Verizon Very Good iOS 5G LTE,iPhone 14,14,FALSE,128GB|256GB,128,Used,218,,,,1,Seller 403,"Houston, Texas, United States",TX,3/29/2026
Apple iPhone 14 128GB 256GB 512GB Blue Purple Unlocked AT&T 5G Good,iPhone 14,14,FALSE,128GB|256GB|512GB,128,Used,226,,,1,,Seller 147,"Houston, Texas, United States",TX,3/29/2026
Apple iPhone 14 128GB 256GB Unlocked AT&T T-Mobile Pristine Smartphone,iPhone 14,14,FALSE,128GB|256GB,128,Used,238,,,,12,Seller 147,"Houston, Texas, United States",TX,3/29/2026
Apple iPhone 12 64GB 128GB 5G Unlocked Verizon AT&T T-Mobile White Black,iPhone 12,12,FALSE,64GB|128GB,64,Used,143,,,1,,Seller 403,"Houston, Texas, United States",TX,3/29/2026
Apple iPhone 12 64GB 128GB Unlocked Verizon AT&T Red Green iOS,iPhone 12,12,FALSE,64GB|128GB,64,Used,158,,,1,,Seller 403,"Houston, Texas, United States",TX,3/29/2026
Apple iPhone 13 128GB 256GB Pink/Green Unlocked Verizon T-Mobile Good,iPhone 13,13,FALSE,128GB|256GB,128,Used,229,,,,1,Seller 403,"Houston, Texas, United States",TX,3/29/2026
Apple iPhone 14 128GB 256GB GSM Unlocked Verizon 5G T-Mobile Pristine,iPhone 14,14,FALSE,128GB|256GB,128,Used,227,,,,2,Seller 147,"Houston, Texas, United States",TX,3/29/2026
"Apple iPhone 14 Unlocked 128GB/256GB - 5G LTE, Free Shipping & Returns",iPhone 14,14,FALSE,128GB|256GB,128,Used,229,,,,1,Seller 403,"Houston, Texas, United States",TX,3/29/2026
Apple iPhone 14 128GB 256GB Unlocked Verizon Blue Red 5G LTE,iPhone 14,14,FALSE,128GB|256GB,128,Used,229,,,1,,Seller 147,"Houston, Texas, United States",TX,3/29/2026
Apple iPhone 13 128GB 512GB GSM Pink Blue Unlocked Verizon T-Mobile,iPhone 13,13,FALSE,128GB|512GB,128,Used,211,,,,1,Seller 403,"Houston, Texas, United States",TX,3/29/2026
"Apple iPhone 12 Unlocked 5G - Very Good 64GB/128GB, Various Colors - Free Ship!",iPhone 12,12,FALSE,64GB|128GB,64,Used,159,,,1,,Seller 403,"Houston, Texas, United States",TX,3/29/2026
"Apple iPhone 12 64GB/128GB - Black, Blue, Green, 5G, GSM+CDMA, Free Shipping",iPhone 12,12,FALSE,64GB|128GB,64,Used,143,,,1,,Seller 403,"Houston, Texas, United States",TX,3/29/2026
Apple iPhone 14 128GB/256GB - Mint Condition - Verizon/AT&T - Free Shipping,iPhone 14,14,FALSE,128GB|256GB,128,Used,227,,,1,,Seller 403,"Houston, Texas, United States",TX,3/29/2026
Apple iPhone 13 128GB 256GB Blue White Unlocked Verizon T-Mobile Good,iPhone 13,13,FALSE,128GB|256GB,128,Used,206,,,,1,Seller 403,"Houston, Texas, United States",TX,3/29/2026
"Apple iPhone 13 - 128GB/256GB - Unlocked - Mint Condition, Colors Available",iPhone 13,13,FALSE,128GB|256GB,128,Used,224,,,,20,Seller 147,"Houston, Texas, United States",TX,3/29/2026
NEW SEALED In BOX APPLE IPHONE 14 PRO MAX 128GB 256G UNLOCKED W/2 YEAR WARRANTY,iPhone 14 Pro Max,14,TRUE,128GB,128,New,699.88,,,2,,Seller 021,"Whippany, New Jersey, United States",NJ,3/28/2026
Apple iPhone 13 128GB Unlocked - Fair Condition - 100% OEM - Several Colors,iPhone 13,13,FALSE,128GB,128,Used,199.99,,,,,Seller 255,"Charleston, West Virginia, United States",VA,
Apple iPhone 13 128GB 256GB Red Green Unlocked AT&T T-Mobile Good,iPhone 13,13,FALSE,128GB|256GB,128,Used,216,,,1,,Seller 403,"Houston, Texas, United States",TX,3/29/2026
"Apple iPhone 13 Unlocked 128GB 512GB Verizon AT&T T-Mobile Midnight, Blue, Red",iPhone 13,13,FALSE,128GB|512GB,128,Used,208,,,1,,Seller 147,"Houston, Texas, United States",TX,3/29/2026
Apple iPhone 12 64GB GSM Unlocked Verizon AT&T T-Mobile 5G LTE,iPhone 12,12,FALSE,64GB,64,Used,154,,,1,,Seller 403,"Houston, Texas, United States",TX,3/29/2026
Apple iPhone 14 128GB 256GB 512GB Unlocked Verizon Red Midnight 5G,iPhone 14,14,FALSE,128GB|256GB|512GB,128,Used,233,,,,1,Seller 147,"Houston, Texas, United States",TX,3/29/2026
Apple iPhone 14 Unlocked Verizon AT&T 128GB 512GB Good 5G,iPhone 14,14,FALSE,128GB|512GB,128,Used,226,,,,1,Seller 147,"Houston, Texas, United States",TX,3/29/2026
Apple iPhone 14 128GB 256GB Very Good Condition Unlocked Verizon ATT,iPhone 14,14,FALSE,128GB|256GB,128,Used,229,,,1,,Seller 403,"Houston, Texas, United States",TX,3/29/2026
Apple iPhone 14 128GB 256GB Unlocked Verizon AT&T T-Mobile Yellow Blue,iPhone 14,14,FALSE,128GB|256GB,128,Used,233,,,1,,Seller 147,"Houston, Texas, United States",TX,3/29/2026
Apple iPhone 13 128GB 256GB Unlocked Verizon T-Mobile 5G LTE iOS,iPhone 13,13,FALSE,128GB|256GB,128,Used,209,,,1,,Seller 403,"Houston, Texas, United States",TX,3/29/2026
Apple iPhone 14 128GB 256GB Unlocked Verizon 5G Very Good LTE,iPhone 14,14,FALSE,128GB|256GB,128,Used,232,,,,3,Seller 147,"Houston, Texas, United States",TX,3/29/2026
"Apple iPhone 12 - 64GB/128GB - T-Mobile, Black, Blue, Green - Free Shipping!",iPhone 12,12,FALSE,64GB|128GB,64,Used,155,,,1,,Seller 147,"Houston, Texas, United States",TX,3/29/2026
"Apple iPhone 12 64GB - T-Mobile/Verizon - Black, Blue, Green - Free Shipping",iPhone 12,12,FALSE,64GB,64,Used,153,,,1,,Seller 147,"Houston, Texas, United States",TX,3/29/2026
Apple iPhone 14 128GB/256GB - Mint Condition - Verizon/AT&T - Midnight & More,iPhone 14,14,FALSE,128GB|256GB,128,Used,230,,,,10,Seller 147,"Houston, Texas, United States",TX,3/29/2026
"Apple iPhone 12 64GB/128GB - Black, Blue, Red - Verizon 5G - Free Shipping",iPhone 12,12,FALSE,64GB|128GB,64,Used,148,,,1,,Seller 147,"Houston, Texas, United States",TX,3/29/2026
"Apple iPhone 14 Unlocked - 128GB/256GB - Blue, Starlight, Midnight - Free Ship",iPhone 14,14,FALSE,128GB|256GB,128,Used,242,,,,1,Seller 147,"Houston, Texas, United States",TX,3/29/2026
"Apple iPhone 12 Unlocked 64GB/128GB - Black, Blue, Green, Red - Free Shipping",iPhone 12,12,FALSE,64GB|128GB,64,Used,153,,,1,,Seller 147,"Houston, Texas, United States",TX,3/29/2026
"Apple iPhone 14 128GB/512GB - Midnight, Starlight, Red, Blue, Purple - Free Shi",iPhone 14,14,FALSE,128GB|512GB,128,Used,234,,,,1,Seller 147,"Houston, Texas, United States",TX,3/29/2026
"Apple iPhone 14 Unlocked - 128GB/256GB/512GB in Midnight, Purple, Yellow",iPhone 14,14,FALSE,128GB|256GB|512GB,128,Used,221,,,1,,Seller 147,"Houston, Texas, United States",TX,3/29/2026
"Apple iPhone 12 64GB/128GB - Mint Condition - Unlocked, Free Shipping & Returns",iPhone 12,12,FALSE,64GB|128GB,64,Used,161,,,1,,Seller 147,"Houston, Texas, United States",TX,3/29/2026
"Apple iPhone 12 Unlocked Verizon - 64GB/128GB - Black, Blue, Red - Free Ship",iPhone 12,12,FALSE,64GB|128GB,64,Used,150,,,1,,Seller 147,"Houston, Texas, United States",TX,3/29/2026
Apple iPhone 12 128GB/64GB Unlocked - AT&T T-Mobile Verizon - Free Shipping!,iPhone 12,12,FALSE,64GB|128GB,64,Used,153,,,1,,Seller 147,"Houston, Texas, United States",TX,3/29/2026
Apple iPhone 12 64GB - Unlocked Verizon 5G - Mint Condition - Free Shipping!,iPhone 12,12,FALSE,64GB,64,Used,157,,,,1,Seller 147,"Houston, Texas, United States",TX,3/29/2026
"Apple iPhone 14 Unlocked 256GB/128GB - Midnight, Starlight, (PRODUCT)RED, Blue",iPhone 14,14,FALSE,128GB|256GB,128,Used,228,,,,1,Seller 147,"Houston, Texas, United States",TX,3/29/2026
"Apple iPhone 12 64GB/128GB - Unlocked, Verizon, Multiple Colors, Free Shipping!",iPhone 12,12,FALSE,64GB|128GB,64,Used,162,,,1,,Seller 147,"Houston, Texas, United States",TX,3/29/2026
"Apple iPhone 12 64GB/128GB Unlocked - Black, Blue, Green, Good Condition",iPhone 12,12,FALSE,64GB|128GB,64,Used,150,,,1,,Seller 147,"Houston, Texas, United States",TX,3/29/2026
"Apple iPhone 12 64GB/128GB - Verizon, AT&T, 5G - Mint Condition, Free Shipping!",iPhone 12,12,FALSE,64GB|128GB,64,Used,168,,,,1,Seller 147,"Houston, Texas, United States",TX,3/29/2026
Apple iPhone 12 Unlocked 64GB/128GB - Black & Red - Free Shipping!,iPhone 12,12,FALSE,64GB|128GB,64,Used,151,,,1,,Seller 147,"Houston, Texas, United States",TX,3/29/2026
"Apple iPhone 14 Unlocked 128/512GB - Midnight, Blue, Red, Purple - Free Shippin",iPhone 14,14,FALSE,512GB,512,Used,227,,,1,,Seller 147,"Houston, Texas, United States",TX,3/29/2026
"Apple iPhone 12 Unlocked 128GB/64GB - Mint Condition, Colors + Free Shipping!",iPhone 12,12,FALSE,64GB|128GB,64,Used,159,,,,1,Seller 147,"Houston, Texas, United States",TX,3/29/2026
iPhone 14 Mint 512GB/128GB 5G Verizon/AT&T - Free Shipping & Returns,iPhone 14,14,FALSE,128GB|512GB,128,Used,220,,,1,,Seller 147,"Houston, Texas, United States",TX,3/29/2026
"Apple iPhone 12 5G Unlocked - T-Mobile, Verizon, 64GB/128GB - Free Shipping",iPhone 12,12,FALSE,64GB|128GB,64,Used,142,,,1,,Seller 147,"Houston, Texas, United States",TX,3/29/2026
"Apple iPhone 14 128GB/256GB Unlocked - Midnight, Starlight, (PRODUCT)RED",iPhone 14,14,FALSE,128GB|256GB,128,Used,218,,,1,,Seller 147,"Houston, Texas, United States",TX,3/29/2026
"Apple iPhone 14 128GB Unlocked - Midnight, Starlight, (PRODUCT)RED - Free Ship",iPhone 14,14,FALSE,128GB,128,Used,237,,,,2,Seller 147,"Houston, Texas, United States",TX,3/29/2026
Apple iPhone 14 128GB/512GB Mint Midnight Red 5G - Free Shipping!,iPhone 14,14,FALSE,128GB|512GB,128,Used,233,,,1,,Seller 147,"Houston, Texas, United States",TX,3/29/2026
"Apple iPhone 12 64GB - Mint Condition, Black, Blue, Verizon, Free Shipping",iPhone 12,12,FALSE,64GB,64,Used,160,,,1,,Seller 147,"Houston, Texas, United States",TX,3/29/2026
"Apple iPhone 12 - 64GB - Blue, Green, Purple - Verizon, AT&T, T-Mobile",iPhone 12,12,FALSE,64GB,64,Used,164,,,1,,Seller 147,"Houston, Texas, United States",TX,3/29/2026
"Apple iPhone 13 128GB, Black, Unlocked, iOS 26",iPhone 13,13,FALSE,128GB,128,Used,240,,,,,Seller 275,"Brooklyn, New York, United States",NY,
Apple iPhone 13 - 128GB/512GB - Excellent Condition - Free Shipping,iPhone 13,13,FALSE,128GB|512GB,128,Used,216,,,,1,Seller 147,"Houston, Texas, United States",TX,3/29/2026
Apple iPhone 14 Plus Unlocked Verizon AT&T T-Mobile 5G 128GB/256GB,iPhone 14 Plus,14,FALSE,128GB|256GB,128,Used,241,,,1,,Seller 403,"Houston, Texas, United States",TX,3/29/2026
Apple iPhone 14 512GB 128GB Unlocked Verizon AT&T Good Condition,iPhone 14,14,FALSE,128GB|512GB,128,Used,224,,,,1,Seller 147,"Houston, Texas, United States",TX,3/29/2026
Apple iPhone 14 Plus 256GB 128GB Unlocked Verizon AT&T SmartPhone 5G,iPhone 14 Plus,14,FALSE,128GB|256GB,128,Used,256,,,,5,Seller 147,"Houston, Texas, United States",TX,3/29/2026
Apple iPhone 14 Plus 256GB 128GB Unlocked Verizon - Starlight Midnight Yellow,iPhone 14 Plus,14,FALSE,128GB|256GB,128,Used,243,,,1,,Seller 403,"Houston, Texas, United States",TX,3/29/2026
Apple iPhone 14 512GB 128GB Factory Unlocked Verizon Att Good Battery,iPhone 14,14,FALSE,128GB|512GB,128,Used,234,,,1,,Seller 403,"Houston, Texas, United States",TX,3/29/2026
"Apple iPhone 12 - 64GB/128GB - Unlocked, Verizon, Free Shipping!",iPhone 12,12,FALSE,64GB|128GB,64,Used,149,,,1,,Seller 403,"Houston, Texas, United States",TX,3/29/2026
"Apple iPhone 13 128GB Unlocked 5G - Black, Green, Pink - Free Shipping!",iPhone 13,13,FALSE,128GB,128,Used,206,,,1,,Seller 147,"Houston, Texas, United States",TX,3/29/2026
Apple iPhone 17 - 256 GB - White (Unlocked),iPhone 17,17,FALSE,256GB,256,Open Box,789,,,,,Seller 365,"Mooresville, North Carolina, United States",NC,
"Apple iPhone 14 128GB 256GB 512GB AT&T Midnight, Starlight 5G - Free Shipping!",iPhone 14,14,FALSE,128GB|256GB|512GB,128,Used,225,,,1,,Seller 403,"Houston, Texas, United States",TX,3/29/2026
NEW SEALED iPhone 13 mini (5G) A2481 128GB/256GB Factory Unlocked Smartphone,iPhone 13 Mini,13,FALSE,128GB|256GB,128,New,356.42,,,3,1,Seller 059,"Edison, New Jersey, United States",NJ,3/17/2026
Apple iPhone 13 128GB PRODUCT RED Unlocked – With Box & Accessories Excellent,iPhone 13,13,FALSE,128GB,128,Used,299,,,,,Seller 627,"Woodside, New York, United States",NY,3/1/2026
apple iphone 17 pro unlocked 256gb,iPhone 17 Pro,17,TRUE,256GB,256,Open Box,1299,,,,,Seller 284,"Utica, New York, United States",NY,3/15/2026
"Apple iPhone 12 64GB/128GB - Unlocked, Very Good Condition, Free Shipping",iPhone 12,12,FALSE,64GB|128GB,64,Used,151,,,1,,Seller 147,"Houston, Texas, United States",TX,3/29/2026
Apple iPhone 14 128GB/256GB - Mint Condition - Multiple Colors - Free Shipping,iPhone 14,14,FALSE,128GB|256GB,128,Used,227,,,,1,Seller 147,"Houston, Texas, United States",TX,3/29/2026
"Apple iPhone 13 128GB/256GB/512GB Unlocked - Midnight Black, Blue, Green",iPhone 13,13,FALSE,128GB|256GB|512GB,128,Used,212,,,1,,Seller 403,"Houston, Texas, United States",TX,3/29/2026
"Apple iPhone 14 - 128GB, 256GB, 512GB - Midnight, (PRODUCT)RED - Mint 5G",iPhone 14,14,FALSE,128GB|256GB|512GB,128,Used,227,,,1,,Seller 403,"Houston, Texas, United States",TX,3/29/2026
Apple iPhone 14 128GB 256GB 512GB Unlocked Verizon AT&T Good Purple Yellow,iPhone 14,14,FALSE,128GB|256GB|512GB,128,Used,219,,,1,,Seller 403,"Houston, Texas, United States",TX,3/29/2026
"Apple iPhone 12 - 64GB/128GB, Mint Condition, Unlocked - Blue Black Green",iPhone 12,12,FALSE,64GB|128GB,64,Used,158,,,1,,Seller 147,"Houston, Texas, United States",TX,3/29/2026
"Apple iPhone 12 64GB/128GB Unlocked - AT&T, Clean ESN - Free Shipping!",iPhone 12,12,FALSE,64GB|128GB,64,Used,155,,,1,,Seller 147,"Houston, Texas, United States",TX,3/29/2026
Apple iPhone 13 128GB/512GB Unlocked - Good Condition - Free Shipping & Returns,iPhone 13,13,FALSE,128GB|512GB,128,Used,218,,,,5,Seller 147,"Houston, Texas, United States",TX,3/29/2026
"Apple iPhone 12 64GB/128GB - Mint, Black, Purple - Verizon 5G - Free Shipping",iPhone 12,12,FALSE,64GB|128GB,64,Used,162,,,1,,Seller 147,"Houston, Texas, United States",TX,3/29/2026
"Apple iPhone 13 128GB/256GB - Midnight, Green, Pink - Verizon/AT&T, Free Ship",iPhone 13,13,FALSE,128GB|256GB,128,Used,214,,,1,,Seller 403,"Houston, Texas, United States",TX,3/29/2026
"Apple iPhone 14 - 128GB/256GB, Buen Estado, Envío Gratis, Revolución 30 Días-",iPhone 14,14,FALSE,128GB|256GB,128,Used,230,,,,,Seller 403,"Houston, Texas, Estados Unidos",TX,3/29/2026
"Apple iPhone 14 128GB - Unlocked, Verizon, 5G - Midnight, Starlight, (RED)",iPhone 14,14,FALSE,128GB,128,Used,215,,,1,,Seller 147,"Houston, Texas, United States",TX,3/29/2026
"Apple iPhone 14 128GB 5G Unlocked - Midnight, Blue, (PRODUCT)RED - Free Shippin",iPhone 14,14,FALSE,128GB,128,Used,234,,,1,,Seller 147,"Houston, Texas, United States",TX,3/29/2026
Apple iPhone 12 Unlocked 64GB/128GB - Very Good Condition - Free Shipping,iPhone 12,12,FALSE,64GB|128GB,64,Used,147,,,1,,Seller 147,"Houston, Texas, United States",TX,3/29/2026
Apple iPhone 14 128GB Unlocked Verizon AT&T Blue Red 4G LTE - Free Shipping!,iPhone 14,14,FALSE,128GB,128,Used,224,,,1,,Seller 403,"Houston, Texas, United States",TX,3/29/2026
"Apple iPhone 14 Blue Purple 128GB/256GB - Unlocked, Free Shipping & Returns",iPhone 14,14,FALSE,128GB|256GB,128,Used,229,,,1,,Seller 147,"Houston, Texas, United States",TX,3/29/2026
Apple iPhone 14 Unlocked Smartphone 128GB 256GB Verizon Blue/Yellow,iPhone 14,14,FALSE,128GB|256GB,128,Used,231,,,1,,Seller 403,"Houston, Texas, United States",TX,3/29/2026
Apple iPhone 12 128/64GB Unlocked - Black/Blue/Green - Free Shipping,iPhone 12,12,FALSE,64GB,64,Used,141,,,1,,Seller 147,"Houston, Texas, United States",TX,3/29/2026
"Apple iPhone 12 128GB 64GB Unlocked - Green, Black, Purple - Free Shipping!",iPhone 12,12,FALSE,64GB|128GB,64,Used,160,,,1,,Seller 403,"Houston, Texas, United States",TX,3/29/2026
Apple iPhone 12 64GB/128GB Unlocked AT&T/T-Mobile 5G - Fair Condition,iPhone 12,12,FALSE,64GB|128GB,64,Used,140,,,1,,Seller 147,"Houston, Texas, United States",TX,3/29/2026
Apple iPhone 13 - 128GB/256GB - Fair Condition - Multiple Colors - Free Shippin,iPhone 13,13,FALSE,128GB|256GB,128,Used,215,,,1,,Seller 147,"Houston, Texas, United States",TX,3/29/2026
"Apple iPhone 13 - 256GB/128GB - Blue Green Pink - T-Mobile, Verizon",iPhone 13,13,FALSE,128GB|256GB,128,Used,205,,,1,,Seller 403,"Houston, Texas, United States",TX,3/29/2026
Apple iPhone 14 Mint 512GB 128GB 5G - Free Shipping & Returns,iPhone 14,14,FALSE,128GB|512GB,128,Used,227,,,1,,Seller 403,"Houston, Texas, United States",TX,3/29/2026
"Apple iPhone 14 Plus - 128GB/256GB - Unlocked 5G - Midnight, Starlight, Colors",iPhone 14 Plus,14,FALSE,128GB|256GB,128,Used,269,,,,4,Seller 403,"Houston, Texas, United States",TX,3/29/2026
New Apple Iphone 13 Mini 128GB /256GB Factory Unlocked GSM CDMA All Carriers,iPhone 13 Mini,13,FALSE,128GB|256GB,128,New,323.99,,,2,1,Seller 508,"Whippany, New Jersey, United States",NJ,3/28/2026
New Apple Iphone 13 Mini 5G 128GB~512GB Factory Unlocked GSM CDMA All Carriers,iPhone 13 Mini,13,FALSE,128GB|512GB,128,New,323.99,,,2,,Seller 508,"Whippany, New Jersey, United States",NJ,3/28/2026
"Apple iPhone 12 - Unlocked, Black, Blue, Green, 64/128GB - Free Shipping!",iPhone 12,12,FALSE,128GB,128,Used,165,,,1,,Seller 147,"Houston, Texas, United States",TX,3/29/2026
"Apple iPhone 12 Unlocked 128GB & 64GB - Black, Green, Red - AT&T, Free Shipping",iPhone 12,12,FALSE,64GB|128GB,64,Used,152,,,1,,Seller 147,"Houston, Texas, United States",TX,3/29/2026
"Apple iPhone 12 Unlocked 128GB/64GB - Green, Black, Purple, White - Free Ship!",iPhone 12,12,FALSE,64GB|128GB,64,Used,144,,,1,,Seller 403,"Houston, Texas, United States",TX,3/29/2026
"Apple iPhone 13 Unlocked 128GB/512GB - Midnight, Blue, Green, Red - Free Ship!",iPhone 13,13,FALSE,128GB|512GB,128,Used,214,,,1,,Seller 403,"Houston, Texas, United States",TX,3/29/2026
"Apple iPhone 13 Unlocked 128GB/512GB - Midnight, Blue, Pink - Free Shipping!",iPhone 13,13,FALSE,128GB|512GB,128,Used,199,,,1,,Seller 147,"Houston, Texas, United States",TX,3/29/2026
"Apple iPhone 14 128GB/256GB - Midnight, Starlight, RED - Verizon/T-Mobile",iPhone 14,14,FALSE,128GB|256GB,128,Used,224,,,1,,Seller 147,"Houston, Texas, United States",TX,3/29/2026
"Apple iPhone 14 128GB/256GB 5G - Verizon/T-Mobile - Midnight, Starlight, Blue",iPhone 14,14,FALSE,128GB|256GB,128,Used,227,,,1,,Seller 147,"Houston, Texas, United States",TX,3/29/2026
"Apple iPhone 13 5G Unlocked - Midnight, Starlight, Green - 128GB/256GB",iPhone 13,13,FALSE,128GB|256GB,128,Used,211,,,1,,Seller 403,"Houston, Texas, United States",TX,3/29/2026
"Apple iPhone 14 128GB 5G - Midnight, Starlight, (PRODUCT)RED - Free Shipping",iPhone 14,14,FALSE,128GB,128,Used,230,,,1,,Seller 403,"Houston, Texas, United States",TX,3/29/2026
"Apple iPhone 14: 128GB/256GB - Midnight, Starlight, Purple | 5G - Free Shipping",iPhone 14,14,FALSE,128GB|256GB,128,Used,224,,,1,,Seller 147,"Houston, Texas, United States",TX,3/29/2026
"Apple iPhone 12 64GB/128GB - Unlocked, AT&T, T-Mobile, 5G - Free Shipping",iPhone 12,12,FALSE,64GB|128GB,64,Used,154,,,1,,Seller 147,"Houston, Texas, United States",TX,3/29/2026
"Apple iPhone 12 Blue/Purple 64GB/128GB - Very Good Condition, Free Shipping!",iPhone 12,12,FALSE,64GB|128GB,64,Used,152,,,1,,Seller 147,"Houston, Texas, United States",TX,3/29/2026
"Apple iPhone 14 - 128GB/256GB/512GB - Verizon, Mint, Midnight, Starlight, RED!",iPhone 14,14,FALSE,128GB|256GB|512GB,128,Used,233,,,1,,Seller 147,"Houston, Texas, United States",TX,3/29/2026
Apple iPhone 14 128GB 5G iOS Unlocked Verizon AT&T Blue Purple,iPhone 14,14,FALSE,128GB,128,Used,230,,,1,,Seller 147,"Houston, Texas, United States",TX,3/29/2026
iPhone 12 64GB/128GB - Excellent Condition - Verizon/AT&T/T-Mobile - Free Ship,iPhone 12,12,FALSE,64GB|128GB,64,Used,146,,,,1,Seller 147,"Houston, Texas, United States",TX,3/29/2026
"Apple iPhone 12 Unlocked 64GB/128GB - Black, Blue, Green - Free Shipping!",iPhone 12,12,FALSE,64GB|128GB,64,Used,153,,,1,,Seller 147,"Houston, Texas, United States",TX,3/29/2026
"Apple iPhone 12 Unlocked 64GB/128GB - Black, Blue, Red | Free Shipping!",iPhone 12,12,FALSE,64GB|128GB,64,Used,155,,,1,,Seller 147,"Houston, Texas, United States",TX,3/29/2026
"iPhone 13 128GB Unlocked - Excellent Condition, Multiple Colors, Free Shipping!",iPhone 13,13,FALSE,128GB,128,Used,226,,,,155,Seller 147,"Houston, Texas, United States",TX,3/29/2026
"Apple iPhone 13 Unlocked 128GB/512GB - T-Mobile, Verizon - Midnight, Pink, Gree",iPhone 13,13,FALSE,128GB|512GB,128,Used,201,,,1,,Seller 147,"Houston, Texas, United States",TX,3/29/2026
"Apple iPhone 12 Unlocked 64GB/128GB - Black, Purple, Red - Free Shipping",iPhone 12,12,FALSE,64GB|128GB,64,Used,153,,,1,,Seller 403,"Houston, Texas, United States",TX,3/29/2026
Apple iPhone 12 64GB - Black/Blue/Green/Purple - T-Mobile - Free Shipping!,iPhone 12,12,FALSE,64GB,64,Used,236,,,1,,Seller 403,"Houston, Texas, United States",TX,3/29/2026
"Apple iPhone 13 Unlocked 128GB/512GB - Midnight, Starlight, Red - Free Shipping",iPhone 13,13,FALSE,128GB|512GB,128,Used,206,,,1,,Seller 403,"Houston, Texas, United States",TX,3/29/2026
Apple iPhone 14 128GB 256GB 512GB Verizon Midnight Starlight 5G - Free Ship!,iPhone 14,14,FALSE,128GB|256GB|512GB,128,Used,224,,,1,,Seller 147,"Houston, Texas, United States",TX,3/29/2026
"Apple iPhone 12 5G - Unlocked, 64GB/128GB - Black, Blue, Red - Free Shipping!",iPhone 12,12,FALSE,64GB|128GB,64,Used,159,,,1,,Seller 147,"Houston, Texas, United States",TX,3/29/2026
"Apple iPhone 13 - Unlocked, Very Good Condition, 128GB/256GB/512GB",iPhone 13,13,FALSE,128GB|256GB|512GB,128,Used,216,,,1,,Seller 147,"Houston, Texas, United States",TX,3/29/2026
"Apple iPhone 13 Unlocked 128GB/256GB 512GB - Midnight, Pink, Green - Free Ship",iPhone 13,13,FALSE,128GB|256GB|512GB,128,Used,220,,,,1,Seller 147,"Houston, Texas, United States",TX,3/29/2026
"Apple iPhone 14 128GB/512GB - Unlocked, Verizon, AT&T - Free Shipping!",iPhone 14,14,FALSE,128GB|512GB,128,Used,218,,,1,,Seller 147,"Houston, Texas, United States",TX,3/29/2026
"Apple iPhone 14 Unlocked - Midnight, Starlight, (PRODUCT)RED - 128/256/512GB",iPhone 14,14,FALSE,512GB,512,Used,229,,,1,,Seller 403,"Houston, Texas, United States",TX,3/29/2026
"Apple iPhone 14 128GB - Midnight, Starlight, (PRODUCT)RED, Blue - Unlocked",iPhone 14,14,FALSE,128GB,128,Used,233,,,1,,Seller 403,"Houston, Texas, United States",TX,3/29/2026
Apple iPhone 14 512GB 128GB Unlocked Verizon Spectrum Very Good 5G/iOS,iPhone 14,14,FALSE,128GB|512GB,128,Used,227,,,,1,Seller 147,"Houston, Texas, United States",TX,3/29/2026
Apple iPhone 12 64GB 128GB Black Purple 5G Unlocked Verizon AT&T - SmartPhone,iPhone 12,12,FALSE,64GB|128GB,64,Used,153,,,1,,Seller 147,"Houston, Texas, United States",TX,3/29/2026
"Apple iPhone 13 - 128GB/256GB/512GB - Unlocked, 5G - Midnight Green Red",iPhone 13,13,FALSE,128GB|256GB|512GB,128,Used,206,,,1,,Seller 147,"Houston, Texas, United States",TX,3/29/2026
Apple iPhone 13 512GB/128GB Unlocked Starlight/Green/Red - Mint Condition!,iPhone 13,13,FALSE,128GB|512GB,128,Used,215,,,,2,Seller 403,"Houston, Texas, United States",TX,3/29/2026
"Apple iPhone 14 - 128GB/256GB - Mint Condition - 5G iOS, Verizon, Red Blue Whit",iPhone 14,14,FALSE,128GB|256GB,128,Used,229,,,1,,Seller 403,"Houston, Texas, United States",TX,3/29/2026
"Apple iPhone 14 Plus 128GB/256GB - Midnight, Starlight, (PRODUCT)RED, Blue 5G",iPhone 14 Plus,14,FALSE,128GB|256GB,128,Used,252,,,,1,Seller 147,"Houston, Texas, United States",TX,3/29/2026
"Apple iPhone 14 Plus 128GB/256GB - Unlocked, Midnight, Starlight, (PRODUCT)RED",iPhone 14 Plus,14,FALSE,128GB|256GB,128,Used,268,,,,1,Seller 147,"Houston, Texas, United States",TX,3/29/2026
"Apple iPhone 12 5G Unlocked - 128GB & 64GB, Black/Blue/Green, Very Good!",iPhone 12,12,FALSE,64GB|128GB,64,Used,155,,,1,,Seller 403,"Houston, Texas, United States",TX,3/29/2026
"Apple iPhone 13 128GB/256GB/512GB 5G - Midnight Black, Pink - GOOD!",iPhone 13,13,FALSE,128GB|256GB|512GB,128,Used,209,,,1,,Seller 147,"Houston, Texas, United States",TX,3/29/2026
"Apple iPhone 14 128GB/256GB/512GB Midnight, Starlight, (PRODUCT)RED 5G",iPhone 14,14,FALSE,128GB|256GB|512GB,128,Used,220,,,1,,Seller 403,"Houston, Texas, United States",TX,3/29/2026
"Apple iPhone 14 Unlocked - Good Battery, Midnight/Starlight, RED, 128/256GB",iPhone 14,14,FALSE,256GB,256,Used,222,,,,2,Seller 147,"Houston, Texas, United States",TX,3/29/2026
Apple iPhone 14 128GB 512GB Factory Unlocked Verizon ATT CDMA/GSM 5G,iPhone 14,14,FALSE,128GB|512GB,128,Used,219,,,1,,Seller 403,"Houston, Texas, United States",TX,3/29/2026
"Apple iPhone 13 - Unlocked, Fair Condition, Midnight/Blue/Pink, 128/256/512GB",iPhone 13,13,FALSE,512GB,512,Used,216,,,1,,Seller 403,"Houston, Texas, United States",TX,3/29/2026
"Apple iPhone 13 Unlocked 128GB/512GB - Green, Pink, Midnight - Free Shipping!",iPhone 13,13,FALSE,128GB|512GB,128,Used,205,,,1,,Seller 147,"Houston, Texas, United States",TX,3/29/2026
"Apple iPhone 12 64GB Black, Blue - Unlocked T-Mobile, Verizon | Free Shipping!",iPhone 12,12,FALSE,64GB,64,Used,145,,,,1,Seller 147,"Houston, Texas, United States",TX,3/29/2026
"Apple iPhone 12 Unlocked 64GB/128GB - Black, Blue, Green - Free Shipping!",iPhone 12,12,FALSE,64GB|128GB,64,Used,156,,,1,,Seller 147,"Houston, Texas, United States",TX,3/29/2026
Apple iPhone 14 128GB 512GB Unlocked Verizon AT&T 5G WiFi Blue Red Purple,iPhone 14,14,FALSE,128GB|512GB,128,Used,223,,,1,,Seller 147,"Houston, Texas, United States",TX,3/29/2026
"Apple iPhone 14 128GB/256GB - Mint, Midnight, Starlight, (PRODUCT)RED, 5G",iPhone 14,14,FALSE,128GB|256GB,128,Used,218,,,1,,Seller 147,"Houston, Texas, United States",TX,3/29/2026
Apple iPhone 14 128GB/256GB Unlocked - T-Mobile Verizon - Free Shipping!,iPhone 14,14,FALSE,128GB|256GB,128,Used,234,,,1,,Seller 147,"Houston, Texas, United States",TX,3/29/2026
"Apple iPhone 13 - Blue/Red, 128GB/256GB/512GB - Unlocked - Free Shipping!",iPhone 13,13,FALSE,128GB|256GB|512GB,128,Used,205,,,1,,Seller 403,"Houston, Texas, United States",TX,3/29/2026
"Apple iPhone 14 - Very Good Condition 128GB/256GB - Verizon/AT&T, Free Shipping",iPhone 14,14,FALSE,128GB|256GB,128,Used,220,,,1,,Seller 147,"Houston, Texas, United States",TX,3/29/2026
"Apple iPhone 14 128GB/256GB - Midnight, Starlight, (PRODUCT)RED - 5G, Free Ship",iPhone 14,14,FALSE,128GB|256GB,128,Used,225,,,1,,Seller 147,"Houston, Texas, United States",TX,3/29/2026
"Apple iPhone 14 128GB/256GB/512GB - Unlocked, AT&T, T-Mobile - Blue Red Black",iPhone 14,14,FALSE,128GB|256GB|512GB,128,Used,230,,,1,,Seller 403,"Houston, Texas, United States",TX,3/29/2026
Apple iPhone 14 Unlocked - 128GB/256GB/512GB - Midnight Blue Purple,iPhone 14,14,FALSE,128GB|256GB|512GB,128,Used,232,,,1,,Seller 403,"Houston, Texas, United States",TX,3/29/2026
iPhone 14 128GB/256GB/512GB Midnight/Red - Very Good Condition iOS 5G,iPhone 14,14,FALSE,128GB|256GB|512GB,128,Used,230,,,,1,Seller 147,"Houston, Texas, United States",TX,3/29/2026
"Apple iPhone 12 Unlocked - 64GB/128GB - Green, Purple, Red - Very Good Conditio",iPhone 12,12,FALSE,64GB|128GB,64,Used,158,,,1,,Seller 147,"Houston, Texas, United States",TX,3/29/2026
"Apple iPhone 14 128GB 256GB 512GB Midnight Starlight Verizon 5G, Unlocked",iPhone 14,14,FALSE,128GB|256GB|512GB,128,Used,233,,,1,,Seller 147,"Houston, Texas, United States",TX,3/29/2026
"Apple iPhone 14 128GB/256GB Unlocked - Midnight, Starlight, (PRODUCT)RED",iPhone 14,14,FALSE,128GB|256GB,128,Used,232,,,1,,Seller 147,"Houston, Texas, United States",TX,3/29/2026
Apple iPhone 14 Unlocked Verizon AT&T T-Mobile Tracfone - 512GB128GB,iPhone 14,14,FALSE,128GB|512GB,128,Used,236,,,1,,Seller 403,"Houston, Texas, United States",TX,3/29/2026
"iPhone 12 64GB/128GB - Very Good Condition, Black/Blue/Green, Verizon/T-Mobile",iPhone 12,12,FALSE,64GB|128GB,64,Used,151,,,1,,Seller 147,"Houston, Texas, United States",TX,3/29/2026
"Apple iPhone 13 128/256GB 5G - Midnight, Blue, Pink, T-Mobile - Free Shipping!",iPhone 13,13,FALSE,256GB,256,Used,209,,,1,,Seller 147,"Houston, Texas, United States",TX,3/29/2026
"Apple iPhone 14 128GB/512GB Mint Midnight Red 5G - T-Mobile, Verizon - Free Shi",iPhone 14,14,FALSE,128GB|512GB,128,Used,222,,,1,,Seller 403,"Houston, Texas, United States",TX,3/29/2026
"iPhone 13 128GB 5G Unlocked - Mint Condition, Midnight, Blue, Pink - Free Ship!",iPhone 13,13,FALSE,128GB,128,Used,219,,,1,,Seller 403,"Houston, Texas, United States",TX,3/29/2026
"Apple iPhone 14 T-Mobile - 128GB/256GB/512GB - Red, Midnight - Free Shipping",iPhone 14,14,FALSE,128GB|256GB|512GB,128,Used,226,,,1,,Seller 403,"Houston, Texas, United States",TX,3/29/2026
Apple iPhone 14 Unlocked 128GB/256GB Starlight/Midnight - Free Shipping!,iPhone 14,14,FALSE,128GB|256GB,128,Used,225,,,1,,Seller 147,"Houston, Texas, United States",TX,3/29/2026
"Apple iPhone 14 128GB/512GB - Mint Condition - Unlocked, Free Shipping & Return",iPhone 14,14,FALSE,128GB|512GB,128,Used,230,,,1,,Seller 403,"Houston, Texas, United States",TX,3/29/2026
Apple iPhone 12 - 64GB/128GB - T-Mobile/Att - Very Good Condition - Free Ship!,iPhone 12,12,FALSE,64GB|128GB,64,Used,160,,,1,,Seller 147,"Houston, Texas, United States",TX,3/29/2026
"Apple iPhone 12 64GB/128GB Unlocked - Black, Blue, Red - 5G, iOS, Free Shipping",iPhone 12,12,FALSE,64GB|128GB,64,Used,146,,,1,,Seller 403,"Houston, Texas, United States",TX,3/29/2026
"Unlocked Apple iPhone 13 256GB/128GB for AT&T, Verizon, T-Mobile - Free Ship!",iPhone 13,13,FALSE,128GB|256GB,128,Used,219,,,,1,Seller 147,"Houston, Texas, United States",TX,3/29/2026
"Apple iPhone 13 256GB 128GB Unlocked, AT&T, Verizon - Pink Red Starlight",iPhone 13,13,FALSE,128GB|256GB,128,Used,206,,,1,,Seller 147,"Houston, Texas, United States",TX,3/29/2026
"Apple iPhone 14 128GB Good Condition, 5G Verizon/AT&T, Free Shipping",iPhone 14,14,FALSE,128GB,128,Used,218,,,1,,Seller 403,"Houston, Texas, United States",TX,3/29/2026
Apple iPhone 13 Mini (A2626) - 128GB Factory Unlocked Midnight - Excellent,iPhone 13 Mini,13,FALSE,128GB,128,Used,449.99,849,47,,,Seller 078,"Kitchener, Ontario, Canada",INTL,3/29/2026
"Apple iPhone 12 128GB 64GB Blue Red 5G Mint Condition - Unlocked, Free Shipping",iPhone 12,12,FALSE,64GB|128GB,64,Used,167,,,1,,Seller 403,"Houston, Texas, United States",TX,3/29/2026
"Apple iPhone 14 128GB/256GB - (PRODUCT)RED,Midnight, Starlight - AT&T/T-Mobile",iPhone 14,14,FALSE,128GB|256GB,128,Used,228,,,1,,Seller 403,"Houston, Texas, United States",TX,3/29/2026
"Apple iPhone 14 Mint 128/256/512GB - Midnight, (PRODUCT)RED, Blue - Free Ship!",iPhone 14,14,FALSE,512GB,512,Used,226,,,1,,Seller 403,"Houston, Texas, United States",TX,3/29/2026
Apple iPhone 12 64GB/128GB - Unlocked/AT&T/T-Mobile/Verizon - Free Shipping,iPhone 12,12,FALSE,64GB|128GB,64,Used,140,,,1,,Seller 403,"Houston, Texas, United States",TX,3/29/2026
"Apple iPhone 12 64GB/128GB Unlocked - Mint Condition, Free Shipping & Returns",iPhone 12,12,FALSE,64GB|128GB,64,Used,160,,,1,,Seller 403,"Houston, Texas, United States",TX,3/29/2026
"Apple iPhone 12 Very Good 6.1"" Screen Unlocked Sprint (Blue/Red) 128GB|64GB",iPhone 12,12,FALSE,64GB|128GB,64,Used,150,,,1,,Seller 147,"Houston, Texas, United States",TX,3/29/2026
"Apple iPhone 13 128GB/512GB Unlocked - Midnight, Pink, Green, Battery Good",iPhone 13,13,FALSE,128GB|512GB,128,Used,214,,,1,,Seller 403,"Houston, Texas, United States",TX,3/29/2026
Apple iPhone 13 Unlocked 128GB/256GB/512GB - Midnight Black/Starlight White 5G,iPhone 13,13,FALSE,128GB|256GB|512GB,128,Used,213,,,1,,Seller 147,"Houston, Texas, United States",TX,3/29/2026
"Apple iPhone 14 - 128GB/256GB/512GB - Unlocked, AT&T, T-Mobile - Red/Blue",iPhone 14,14,FALSE,128GB|256GB|512GB,128,Used,219,,,1,,Seller 403,"Houston, Texas, United States",TX,3/29/2026
"Apple iPhone 14 (PRODUCT)RED, Midnight, Starlight - 128GB/256GB - Excellent!",iPhone 14,14,FALSE,128GB|256GB,128,Used,219,,,1,,Seller 147,"Houston, Texas, United States",TX,3/29/2026
Apple iPhone 14 128GB 256GB 512GB -Red/Blue/Starlight -Unlocked/Verizon,iPhone 14,14,FALSE,128GB|256GB|512GB,128,Used,235,,,1,,Seller 147,"Houston, Texas, United States",TX,3/29/2026
"Apple iPhone 12 - 64GB/128GB - Unlocked - Black, Blue, Red - Free Shipping!",iPhone 12,12,FALSE,64GB|128GB,64,Used,160,,,1,,Seller 403,"Houston, Texas, United States",TX,3/29/2026
"Apple iPhone 12 64GB - Unlocked Black, Blue, Green - AT&T, Verizon - Free Ship!",iPhone 12,12,FALSE,64GB,64,Used,152,,,1,,Seller 147,"Houston, Texas, United States",TX,3/29/2026
"Apple iPhone 13 - Unlocked, 128GB/256GB/512GB - Mint Condition, Free Shipping",iPhone 13,13,FALSE,128GB|256GB|512GB,128,Used,230,,,,4,Seller 403,"Houston, Texas, United States",TX,3/29/2026
Apple iPhone 14 128GB Blue Midnight Unlock AT&T Verizon T-Mobile 5G Free Ship,iPhone 14,14,FALSE,128GB,128,Used,224,,,1,,Seller 147,"Houston, Texas, United States",TX,3/29/2026
"Apple iPhone 14 Unlocked 512GB/128GB - AT&T/Verizon - Midnight, Blue, Red",iPhone 14,14,FALSE,128GB|512GB,128,Used,214,,,1,,Seller 147,"Houston, Texas, United States",TX,3/29/2026
Apple iPhone 14 Unlocked 128GB 256GB 512GB Verizon ATT - Purple/Yellow,iPhone 14,14,FALSE,128GB|256GB|512GB,128,Used,214,,,1,,Seller 147,"Houston, Texas, United States",TX,3/29/2026
"Apple iPhone 12 Unlocked 128GB 64GB- Black, Blue, Green, Red - T-Mobile, Verizo",iPhone 12,12,FALSE,64GB|128GB,64,Used,149,,,1,,Seller 147,"Houston, Texas, United States",TX,3/29/2026
"Apple iPhone 13 128GB - Unlocked, T-Mobile, Verizon, 5G LTE - All Colors",iPhone 13,13,FALSE,128GB,128,Used,205,,,1,,Seller 147,"Houston, Texas, United States",TX,3/29/2026
"Apple iPhone 14 Unlocked - 128GB/256GB/512GB - Midnight Blue Purple, T-Mobile",iPhone 14,14,FALSE,128GB|256GB|512GB,128,Used,230,,,,1,Seller 147,"Houston, Texas, United States",TX,3/29/2026
Apple iPhone 14 Good SmartPhone - 128GB 256GB 512GB -Unlocked Verizon,iPhone 14,14,FALSE,128GB|256GB|512GB,128,Used,221,,,1,,Seller 147,"Houston, Texas, United States",TX,3/29/2026
"Apple iPhone 12 - Black, Blue, Green, Red - 64/128GB - Unlocked - Free Shipping",iPhone 12,12,FALSE,128GB,128,Used,154,,,1,,Seller 147,"Houston, Texas, United States",TX,3/29/2026
"Apple iPhone 12 Purple Green 128GB/64GB - Unlocked, AT&T, Verizon, T-Mobile",iPhone 12,12,FALSE,64GB|128GB,64,Used,163,,,1,,Seller 403,"Houston, Texas, United States",TX,3/29/2026
"Apple iPhone 13 - Mint - 128GB/256GB - Verizon, Unlocked - Free Shipping",iPhone 13,13,FALSE,128GB|256GB,128,Used,226,,,,3,Seller 403,"Houston, Texas, United States",TX,3/29/2026
"Apple iPhone 13 128GB/512GB Unlocked - Verizon, T-Mobile - Free Shipping",iPhone 13,13,FALSE,128GB|512GB,128,Used,221,,,,1,Seller 403,"Houston, Texas, United States",TX,3/29/2026
"iPhone 13 128GB/512GB Unlocked - Verizon/AT&T - Midnight, Blue, Pink, Green!",iPhone 13,13,FALSE,128GB|512GB,128,Used,204,,,1,,Seller 147,"Houston, Texas, United States",TX,3/29/2026
Apple iPhone 14 Unlocked Verizon GSM/CDMA 5G - 128GB 256GB 512GB,iPhone 14,14,FALSE,128GB|256GB|512GB,128,Used,225,,,1,,Seller 147,"Houston, Texas, United States",TX,3/29/2026
"Apple iPhone 12 128GB/64GB Unlocked - Black, Blue, Red - Very Good Condition!",iPhone 12,12,FALSE,64GB|128GB,64,Used,156,,,1,,Seller 403,"Houston, Texas, United States",TX,3/29/2026
"Apple iPhone 12 Unlocked 64GB/128GB - Black, Blue, Green, Red - AT&T, Verizon",iPhone 12,12,FALSE,64GB|128GB,64,Used,164,,,1,,Seller 147,"Houston, Texas, United States",TX,3/29/2026
"Apple iPhone 12 Unlocked 64GB/128GB - Black, Blue, Green, Red - Free Shipping!",iPhone 12,12,FALSE,64GB|128GB,64,Used,152,,,1,,Seller 403,"Houston, Texas, United States",TX,3/29/2026
"Apple iPhone 12 64GB AT&T - Green, Black, Blue - 5G, Free Shipping & Returns",iPhone 12,12,FALSE,64GB,64,Used,239,,,1,,Seller 147,"Houston, Texas, United States",TX,3/29/2026
Apple iPhone 13 Unlocked 128/256GB Midnight/Black/Blue/Red - Free Shipping!,iPhone 13,13,FALSE,256GB,256,Used,224,,,,1,Seller 403,"Houston, Texas, United States",TX,3/29/2026
"Apple iPhone 14 - Unlocked, 128GB/256GB, Att Various Colors, Good Condition",iPhone 14,14,FALSE,128GB|256GB,128,Used,235,,,,1,Seller 403,"Houston, Texas, United States",TX,3/29/2026
"Apple iPhone 14 128GB/512GB Midnight, Starlight, (PRODUCT)RED 5G - Free Ship",iPhone 14,14,FALSE,128GB|512GB,128,Used,220,,,1,,Seller 403,"Houston, Texas, United States",TX,3/29/2026
iPhone 14 - Mint - 128GB/256GB - Unlocked & Verizon - Yellow/Purple/Blue,iPhone 14,14,FALSE,128GB|256GB,128,Used,223,,,,1,Seller 147,"Houston, Texas, United States",TX,3/29/2026
"Apple iPhone 12 - Blue, Green, Red, 128GB 64GB- T-Mobile Verizon Unlocked",iPhone 12,12,FALSE,64GB|128GB,64,Used,158,,,,1,Seller 147,"Houston, Texas, United States",TX,3/29/2026
"Apple iPhone 12 64GB - Black, Blue, Green - Verizon, T-Mobile, GOOD!",iPhone 12,12,FALSE,64GB,64,Used,153,,,1,,Seller 147,"Houston, Texas, United States",TX,3/29/2026
"Apple iPhone 13 - Starlight, Pink, Midnight | 128GB/256GB - Unlocked, Free Ship",iPhone 13,13,FALSE,128GB|256GB,128,Used,225,,,,2,Seller 147,"Houston, Texas, United States",TX,3/29/2026
"Apple iPhone 13 5G 128GB/256GB/512GB - Mint Condition, Midnight Black/Blue",iPhone 13,13,FALSE,128GB|256GB|512GB,128,Used,210,,,,1,Seller 403,"Houston, Texas, United States",TX,3/29/2026
"Apple iPhone 14 128GB Unlocked - Blue, Red, 5G - Verizon, AT&T, T-Mobile",iPhone 14,14,FALSE,128GB,128,Used,237,,,1,,Seller 403,"Houston, Texas, United States",TX,3/29/2026
"Apple iPhone 14 128GB/256GB/512GB Unlocked - Midnight, Starlight, (PRODUCT)RED",iPhone 14,14,FALSE,128GB|256GB|512GB,128,Used,225,,,1,,Seller 403,"Houston, Texas, United States",TX,3/29/2026
"Apple iPhone 14 Mint - 128GB/256GB/512GB, Starlight, Midnight, Verizon Unlocked",iPhone 14,14,FALSE,128GB|256GB|512GB,128,Used,241,,,,1,Seller 147,"Houston, Texas, United States",TX,3/29/2026
Apple iPhone 12 Unlocked 64GB/128GB - Black/Blue/Green - Free Shipping!,iPhone 12,12,FALSE,64GB|128GB,64,Used,146,,,1,,Seller 403,"Houston, Texas, United States",TX,3/29/2026
"Apple iPhone 13 128GB/512GB - Unlocked - Midnight, Starlight, Blue - Free Ship",iPhone 13,13,FALSE,128GB|512GB,128,Used,218,,,,2,Seller 147,"Houston, Texas, United States",TX,3/29/2026
"Apple iPhone 13 Pink, Green 128GB/256GB/512GB 5G Unlocked, Free Shipping",iPhone 13,13,FALSE,128GB|256GB|512GB,128,Used,218,,,,1,Seller 403,"Houston, Texas, United States",TX,3/29/2026
"Apple iPhone 13 Unlocked 128GB/512GB - Midnight, Starlight, Red SmartPhone",iPhone 13,13,FALSE,128GB|512GB,128,Used,205,,,1,,Seller 147,"Houston, Texas, United States",TX,3/29/2026
"Apple iPhone 14 - 128GB/256GB - Colors: Midnight, Starlight, (PRODUCT)RED | 5G",iPhone 14,14,FALSE,128GB|256GB,128,Used,234,,,1,,Seller 403,"Houston, Texas, United States",TX,3/29/2026
"Apple iPhone 14 Unlocked 128GB/256GB - Midnight, Blue, Yellow, Purple",iPhone 14,14,FALSE,128GB|256GB,128,Used,224,,,1,,Seller 403,"Houston, Texas, United States",TX,3/29/2026
Apple iPhone 13 Mini (A2626) - 128GB Unlocked Midnight - 87% Battery - Excellent,iPhone 13 Mini,13,FALSE,128GB,128,Used,449.99,849,47,2,2,Seller 078,"Kitchener, Ontario, Canada",INTL,3/29/2026
Apple iPhone 14 Pro Max - 128 GB - Gold (Unlocked),iPhone 14 Pro Max,14,TRUE,128GB,128,Open Box,584.23,614.98,5,,,Seller 119,"Lexington, Kentucky, United States",KY,
Apple iPhone 13 A2482 - Midnight - 128GB (Unlocked) - Fair Condition,iPhone 13,13,FALSE,128GB,128,Used,253.99,,,,,Seller 164,"Mentor, Ohio, United States",OH,3/27/2026
BRAND NEW iPhone 17 - T Mobile - 256GB - Black,iPhone 17,17,FALSE,256GB,256,New,685,,,,,Seller 399,"Renton, Washington, United States",WA,3/28/2026
Apple iPhone 13 Mini (A2626) - 128GB Unlocked Pink - 90% Battery - Like New,iPhone 13 Mini,13,FALSE,128GB,128,Used,459.99,849,45.82,,,Seller 078,"Kitchener, Ontario, Canada",INTL,3/29/2026
Apple iPhone 13 Mini (A2626) - 128GB Factory Unlocked Blue - Good Condition,iPhone 13 Mini,13,FALSE,128GB,128,Used,429.99,849,49.35,,,Seller 078,"Kitchener, Ontario, Canada",INTL,3/29/2026
Apple iPhone 17 Pro Max 2TB Orange Blue White USB-C Bar Style,iPhone 17 Pro Max,17,TRUE,2048GB,2048,New,1274.5,,,,,Seller 589,"Brownwood, Texas, United States",TX,3/22/2026
Apple iPhone 17 Pro Max - 1 TB - Cosmic Orange (Unlocked),iPhone 17 Pro Max,17,TRUE,1024GB,1024,New,599.99,,,4,,Seller 402,"Dallas, Texas, United States",TX,
Apple iPhone 17 Pro Max Cosmic Orange 256GB eSIM A3527 Smartphone (Sealed),iPhone 17 Pro Max,17,TRUE,256GB,256,New,1007,,,,,Seller 308,"Austin, Texas, United States",TX,
New in Sealed Box Apple iPhone 14 5G 128/256/512GB A2649 USA Unlocked Smartphone,iPhone 14,14,FALSE,512GB,512,New,403.95,,,5,,Seller 021,"Austin, Texas, United States",TX,3/28/2026
FACTORY NEW SEALED Apple iPhone 14 5G 512-256-128GB FULLY UNLOCKED US STOCK SHIP,iPhone 14,14,FALSE,128GB,128,New,403.95,,,5,,Seller 021,"Austin, Texas, United States",TX,3/28/2026
Apple iPhone 17 Pro Max - 256 GB - Silver (Unlocked),iPhone 17 Pro Max,17,TRUE,256GB,256,Open Box,700,,,,,Seller 253,"Berkeley, California, United States",CA,3/26/2026
Have a new iPhone 17 ready to be activated with I Never Used ask for information,iPhone 17,17,FALSE,,,New,1200,,,,,Seller 588,"Irving, Texas, United States",TX,
Apple iPhone 17 Pro Max - 256 GB - Cosmic Orange (Unlocked),iPhone 17 Pro Max,17,TRUE,256GB,256,New,610,,,,,Seller 499,"Los Gatos, California, United States",CA,
New in Sealed Box Apple iPhone 14 PRO MAX 5G Factory Unlocked USA Fast Shipping,iPhone 14 Pro Max,14,TRUE,,,New,675.99,,,2,,Seller 021,"Whippany, New Jersey, United States",NJ,3/28/2026
Apple iPhone 17 Pro Max - 1 TB - Deep Blue (Unlocked),iPhone 17 Pro Max,17,TRUE,1024GB,1024,New,498,,,2,,Seller 606,"Hendersonville, North Carolina, United States",NC,
Apple iPhone 12 Pro Max 128 GB Plateado Desbloqueado Funciona Muy bien-,iPhone 12 Pro Max,12,TRUE,128GB,128,Used,229,,,,,Seller 196,"Virginia Beach, Virginia, Estados Unidos",VA,
Apple iPhone 13 - 128GB - Blue (Verizon) (N) No Box,iPhone 13,13,FALSE,128GB,128,Used,499.99,,,,,Seller 217,"Niles, Illinois, United States",IL,12/7/2023
Apple iPhone 13 128G Unlocked Good Condition,iPhone 13,13,FALSE,,,Used,650,,,,,Seller 261,"Elkview, West Virginia, United States",VA,
Apple iPhone 13 - 128GB - Factory Unlocked - Excellent Condition,iPhone 13,13,FALSE,128GB,128,Used,499,,,,,Seller 421,"San Mateo, California, United States",CA,5/31/2024
New Apple iPhone 13 Mini /12 Mini /12 Pro Factory Unlocked All Carriers & Colors,iPhone 13 Mini,13,FALSE,,,New,332.08,,,5,3,Seller 655,"Los Angeles, California, United States",CA,3/28/2026
New Apple iPhone 13 MINI 13 PRO MAX 128GB 256GB 512GB A2176 A2484 US Unlocked,iPhone 13 Mini,13,FALSE,128GB|256GB|512GB,128,New,321.43,,,,3,Seller 655,"Los Angeles, California, United States",CA,3/28/2026
Apple iPhone 12 Pro Max 5G 125GB 256GB ROM 6.7in 12MP Camera in good condition,iPhone 12 Pro Max,12,TRUE,125GB|256GB,125,Used,385.5,,,1,,Seller 007,"China, China",INTL,3/21/2026
NEW SEALED Apple iPhone 13 mini (5G) A2481 128GB/256GB/512GB Unlocked Smartphone,iPhone 13 Mini,13,FALSE,128GB|256GB|512GB,128,New,332.05,,,8,18,Seller 385,"Whippany, New Jersey, United States",NJ,3/28/2026
NEW Apple iPhone 13 MINI A2481 128/256GB Unlocked GSM CDMA All Carrier,iPhone 13 Mini,13,FALSE,256GB,256,New,323.99,,,5,5,Seller 053,"Shenzhen, China",INTL,3/28/2026
New in Box Apple iPhone 13 MINI A2481 128/256GB USA Unlocked Smartphone,iPhone 13 Mini,13,FALSE,256GB,256,New,322.99,,,5,2,Seller 053,"Shenzhen, China",INTL,3/28/2026
NEW SEALED Apple Iphone 13 Mini A2481 128GB 256GB Unlocked AT&T T-MOBILE VERIZON,iPhone 13 Mini,13,FALSE,128GB|256GB,128,New,321.43,,,,2,Seller 655,"Los Angeles, California, United States",CA,3/28/2026
Apple iPhone 12 Max - 1 TB - Black (Unlocked),iPhone 12,12,FALSE,1024GB,1024,Used,2500,,,,,Seller 496,"Colorado Springs, Colorado, United States",CO,
iphone 12 pro max unlocked TicTok Ready,iPhone 12 Pro Max,12,TRUE,,,Used,1000,,,,,Seller 482,"Houston, Texas, United States",TX,1/24/2025
iPhone 12 Pro Max (WITH TIKTOK) - 512GB,iPhone 12 Pro Max,12,TRUE,512GB,512,Used,1000,,,,,Seller 546,"San Diego, California, United States",CA,
iPhone 12 Pro Max 256Gb Tik Tok & CapCut Installed Used In Good Condition,iPhone 12 Pro Max,12,TRUE,256GB,256,Used,4000,,,,,Seller 694,"Garland, Texas, United States",TX,12/24/2025
Apple iPhone 12 Pro Max - 512 GB - Blue (Unlocked) it’s has tik tok still instal,iPhone 12 Pro Max,12,TRUE,512GB,512,Used,385.5,,,,,Seller 529,"Philadelphia, Pennsylvania, United States",PA,1/24/2025
IPHONE 13S W/ TIKTOK APP INSTALLED,iPhone 13,13,FALSE,,,Used,3000,,,,,Seller 262,"Bronx, New York, United States",NY,
Apple iPhone 13 W/TikTok installed!,iPhone 13,13,FALSE,,,Used,5000,,,,,Seller 605,"Drexel Hill, Pennsylvania, United States",PA,2/12/2025
Apple iPhone 13 MINI A2481 128/256/512GB Desbloqueado Envío Rápido -Excelente A+-,iPhone 13 Mini,13,FALSE,512GB,512,Open Box,362.97,,,,,Seller 385,"Whippany, New Jersey, Estados Unidos",NJ,3/28/2026
Apple iPhone 13 mini 256GB Factory Unlocked AT&T T-Mobile Verizon Good Condition,iPhone 13 Mini,13,FALSE,256GB,256,Used,259,,,,,Seller 676,"Port Orchard, Washington, United States",WA,12/22/2025
New-Sealed Apple iPhone 13 MINI A2481 128GB 256GB Unlocked GSM CDMA Smartphones,iPhone 13 Mini,13,FALSE,128GB|256GB,128,New,322.99,,,5,11,Seller 053,"Shenzhen, China",INTL,3/28/2026
New-Sealed Apple iPhone 13 MINI A2481 128GB 256GB Factory Unlocked Smartphones,iPhone 13 Mini,13,FALSE,128GB|256GB,128,New,322.99,,,5,3,Seller 053,"Shenzhen, China",INTL,3/28/2026
NEW Apple iPhone 13 MINI A2481 128/256GB 5G USA FACTORY Unlocked Smartphones,iPhone 13 Mini,13,FALSE,256GB,256,New,332.08,,,5,4,Seller 655,"Los Angeles, California, United States",CA,3/28/2026
New in Sealed Apple iPhone 13 MINI A2481 128/256GB USA Fully Unlocked Smartphone,iPhone 13 Mini,13,FALSE,256GB,256,New,322.99,,,5,12,Seller 053,"Shenzhen, China",INTL,3/28/2026
"Apple iPhone 14, 128GB, Unlocked - Midnight -original Used Excellent",iPhone 14,14,FALSE,128GB,128,Used,389.99,,,10,6,Seller 140,"Ontario, California, United States",CA,3/24/2026
New Apple iPhone 13 MINI A2481 128GB/256GB USA UNLOCKED T-Mobile AT&T Verizon,iPhone 13 Mini,13,FALSE,128GB|256GB,128,New,323.99,,,5,,Seller 053,"Shenzhen, China",INTL,3/28/2026
【NEW】Apple iPhone 13 MINI 5G A2481 128GB 256GB 512GB US Unlocked ALL Carriers,iPhone 13 Mini,13,FALSE,128GB|256GB|512GB,128,New,323.99,,,5,1,Seller 053,"Shenzhen, China",INTL,3/28/2026
Apple Iphone 12 Pro Max in perfect condition With Tiktok Installed.,iPhone 12 Pro Max,12,TRUE,,,Used,1500,,,,,Seller 377,"Seattle, Washington, United States",WA,5/9/2025
Apple Iphone 13 Mini 5G A2481 128GB 256GB Factory Unlocked AT&T T-MOBILE VERIZON,iPhone 13 Mini,13,FALSE,128GB|256GB,128,New,321.43,,,,1,Seller 655,"Los Angeles, California, United States",CA,3/28/2026
"Apple iPhone 13 mini - 128GB/256GB/512GB - All colors 5.4""4GB Ram (Unlocked)",iPhone 13 Mini,13,FALSE,128GB|256GB|512GB,128,Used,288.69,,,8,,Seller 101,"CS, China",INTL,3/20/2026
Apple iPhone 12 Pro Max(Unlocked) - 128 GB/256GB- All colors with FACE ID,iPhone 12 Pro Max,12,TRUE,128GB|256GB,128,Used,335.37,,,3,16,Seller 101,"CS, China",INTL,3/20/2026
FACTORY NEW SEALED Apple iPhone 13 MINI 5G 512-256-128GB UNLOCKED 2 Yr Warranty,iPhone 13 Mini,13,FALSE,128GB,128,New,321.42,,,,2,Seller 385,"Whippany, New Jersey, United States",NJ,3/28/2026
A+ Apple iPhone 14 Pro Max-128GB/256GB/1TB-All colors 5G (Unlocked),iPhone 14 Pro Max,14,TRUE,128GB|256GB|1024GB,128,Used,573.6,,,5,5,Seller 101,"CS, China",INTL,3/20/2026
"APPLE IPHONE 13 5G A2482 128/256/512GB 6.1"" FULLY UNLOCKED RE-SEALED BOX A++",iPhone 13,13,FALSE,512GB,512,Open Box,457.99,,,1,,Seller 655,"Los Angeles, California, United States",CA,3/21/2026
New sealed Apple iPhone 14 PRO MAX 5G 128/256/512G/1TB Unlocked US Free shipping,iPhone 14 Pro Max,14,TRUE,1024GB,1024,New,629.51,,,,2,Seller 655,"Los Angeles, California, United States",CA,3/28/2026
Apple iPhone 14 Pro Max -128/256GB/1TB- with Face ID 99%N ew(Unlocked),iPhone 14 Pro Max,14,TRUE,256GB|1024GB,256,Used,645.44,,,10,1,Seller 101,"HK, China",INTL,3/20/2026
"Apple Iphone 13 Mini A2481 128/256/512GB 5.4"" Unlocked Verizon T-Mobile At&T US",iPhone 13 Mini,13,FALSE,512GB,512,New,323.99,,,5,,Seller 053,"Shenzhen, China",INTL,3/28/2026
Apple Iphone 13 Mini A2481 128/256/512GB Factory Unlocked Verizon T-Mobile At&T,iPhone 13 Mini,13,FALSE,512GB,512,New,323.99,,,5,,Seller 053,"Shenzhen, China",INTL,3/29/2026
"Apple iPhone 13 Mini (A2481) - 128/256/512GB, Unlocked, New & Sealed, Fast Ship",iPhone 13 Mini,13,FALSE,512GB,512,New,323.99,,,5,,Seller 053,"Shenzhen, China",INTL,3/28/2026
Factory New sealed Apple iPhone 14 5G 128-256-512GB Unlocked GSM+CDMA Smartphone,iPhone 14,14,FALSE,512GB,512,New,389.02,,,,6,Seller 385,"Whippany, New Jersey, United States",NJ,3/28/2026
Apple iPhone 14 Plus - 128GB /256GB - Todos los colores (Desbloqueado) Potente teléfono-,iPhone 14 Plus,14,FALSE,128GB|256GB,128,Used,455.21,,,,,Seller 101,"CS, China",INTL,3/20/2026
New Apple iPhone 13 MINI 128/256/512GB Fully Unlocked USA Sealed Box 2 Yrs Wty❤,iPhone 13 Mini,13,FALSE,512GB,512,New,321.42,,,,3,Seller 655,"Los Angeles, California, United States",CA,3/28/2026
NEW APPLE IPHONE 14 PRO MAX 128GB-512GB AT&T T-Mobile Verizon Factory Unlocked,iPhone 14 Pro Max,14,TRUE,128GB|512GB,128,New,673.99,,,2,1,Seller 053,"Brooklyn, New York, United States",NY,3/28/2026
Sealed Apple iPhone 13 mini Smartphone - 128GB - Factory Unlocked - All Colors E,iPhone 13 Mini,13,FALSE,128GB,128,New,335.99,,,5,,Seller 053,"Shenzhen, China",INTL,3/28/2026
NEW SEALED iPhone 13 mini (5G) A2481 - 128GB - Factory Unlocked Smartphone US E,iPhone 13 Mini,13,FALSE,128GB,128,New,335.99,,,5,,Seller 053,"Shenzhen, China",INTL,3/28/2026
Apple iPhone 14 - 128 GB - Red - SALVAGE - READ - R18,iPhone 14,14,FALSE,128GB,128,For Parts Or Not Working,100,,,,,Seller 134,"Perry Hall, Maryland, United States",MD,
NEW SEALED Apple Iphone 13 Mini A2481 128GB 256GB Unlocked GSM CDMA All Carrier,iPhone 13 Mini,13,FALSE,128GB|256GB,128,New,321.43,,,,1,Seller 655,"Los Angeles, California, United States",CA,3/28/2026
Factory New sealed Apple iPhone 14 5G 128GB-256GB-512GB USA Unlocked Smartphone,iPhone 14,14,FALSE,128GB|256GB|512GB,128,New,389.02,,,,3,Seller 385,"Los Angeles, California, United States",CA,3/28/2026
New Apple Iphone 13 Mini 5G A2481 128GB Factory Unlocked AT&T T-MOBILE VERIZON,iPhone 13 Mini,13,FALSE,128GB,128,New,321.43,,,,3,Seller 655,"Los Angeles, California, United States",CA,3/28/2026
BRAND NEW Apple iPhone 13 MINI 128/256GB Factory Unlocked GSM+CDMA ALL Carrier,iPhone 13 Mini,13,FALSE,256GB,256,New,321.42,,,1,,Seller 385,"Los Angeles, California, United States",CA,3/28/2026
Apple iPhone 14 Pro Max 128/256/512GB/1TB Unlocked Very Good Sealed in BOX,iPhone 14 Pro Max,14,TRUE,512GB|1024GB,512,Used,565.2,,,2,1,Seller 101,"hongkong, China",INTL,3/20/2026
NEW Apple iPhone 13 MINI 5G 128/256/512GB Factory Unlocked USA stock GSM CDMA,iPhone 13 Mini,13,FALSE,512GB,512,New,321.42,,,,4,Seller 385,"Los Angeles, California, United States",CA,3/28/2026
New Apple iPhone 14 A2649 256GB Factory Unlocked All Mobile Carriers and Colors,iPhone 14,14,FALSE,256GB,256,New,409.99,,,2,8,Seller 505,"Dunellen, New Jersey, United States",NJ,3/28/2026
New Apple iPhone 13 Mini12 Mini 128GB 256GB Unlocked 2 YEAR WARRANTY GSM CDMA,iPhone 13 Mini,13,FALSE,128GB|256GB,128,New,332.08,,,5,,Seller 655,"Los Angeles, California, United States",CA,3/28/2026
Factory NEW Apple iPhone 13 MINI 5G 128/256/512GB Unlocked USA stock All carrier,iPhone 13 Mini,13,FALSE,512GB,512,New,321.42,,,1,,Seller 385,"Los Angeles, California, United States",CA,3/28/2026
New Apple iPhone 13 MINI A2481 128/256GB Unlocked USA stock Sealed Box 2Yrs Wty❤,iPhone 13 Mini,13,FALSE,256GB,256,New,321.42,,,1,,Seller 655,"Austin, Texas, United States",TX,3/28/2026
Factory NEW Apple iPhone 13 MINI 5G 128/256/512GB Unlocked USA stock 2 Yr Wty,iPhone 13 Mini,13,FALSE,512GB,512,New,321.42,,,1,,Seller 385,"Los Angeles, California, United States",CA,3/28/2026
New Apple iPhone 14 PRO MAX 5G 128/256/512GB/1TB Unlocked All carrier Smartphone,iPhone 14 Pro Max,14,TRUE,512GB|1024GB,512,New,629.51,,,1,,Seller 385,"Whippany, New Jersey, United States",NJ,3/28/2026
Factory New Apple iPhone 13 mini/13/13 Pro max 5G Unlocked USA All Colors&memory,iPhone 13 Mini,13,FALSE,,,New,332.08,,,5,,Seller 655,"Los Angeles, California, United States",CA,3/28/2026
Factory New Apple iPhone 14 PRO MAX 5G 128/256/512GB/1TB Unlocked Smartphone,iPhone 14 Pro Max,14,TRUE,512GB|1024GB,512,New,629.51,,,1,,Seller 385,"Whippany, New Jersey, United States",NJ,3/28/2026
Factory New Apple iPhone 14 PRO MAX 5G 128/256/512GB/1TB Unlocked US All memory,iPhone 14 Pro Max,14,TRUE,512GB|1024GB,512,New,629.51,,,1,,Seller 385,"Whippany, New Jersey, United States",NJ,3/28/2026
New in Apple iPhone 12 Pro 12 Mini 13 Mini 13 Pro max 5G Fully Unlocked CDMA GSM,iPhone 12 Pro,12,TRUE,,,New,332.08,,,5,,Seller 655,"Los Angeles, California, United States",CA,3/28/2026
NEW Apple iPhone 13 MINI 5G A2481 128/256GB Factory Unlocked ALL Carriers&Colors,iPhone 13 Mini,13,FALSE,256GB,256,New,321.42,,,1,,Seller 385,"Los Angeles, California, United States",CA,3/28/2026
New Apple Iphone 13 Mini A2481 128GB 256GB Unlocked All Carrier 2 YEAR WARRANTY,iPhone 13 Mini,13,FALSE,128GB|256GB,128,New,321.43,,,1,,Seller 655,"Austin, Texas, United States",TX,3/28/2026
FACTORY NEW Apple iPhone 13 MINI 5G 512-256-128GB UNLOCKED 2 YEARS WARRANTY USA,iPhone 13 Mini,13,FALSE,128GB,128,New,321.43,,,1,,Seller 385,"Los Angeles, California, United States",CA,3/28/2026
"Apple iPhone 14 Unlocked, White/Starlight, 128GB",iPhone 14,14,FALSE,128GB,128,New,400,,,,,Seller 490,"Hampton, Virginia, United States",VA,2/23/2026
✨NEW Sealed✨ Apple Iphone 13 Mini /Iphone 12 Mini 128GB Factory Unlocked USA,iPhone 13 Mini,13,FALSE,128GB,128,New,335.99,,,3,1,Seller 053,"Whippany, New Jersey, United States",NJ,3/28/2026
✨NEW Sealed✨ Apple Iphone 13 Mini 512GB 256GB 128GB Factory Unlocked All Carrier,iPhone 13 Mini,13,FALSE,128GB|256GB|512GB,128,New,323.99,,,5,,Seller 053,"Whippany, New Jersey, United States",NJ,3/28/2026
✨NEW Sealed✨ Apple Iphone 13 Mini 128GB/256GB Factory Unlocked USA All Carriers,iPhone 13 Mini,13,FALSE,128GB|256GB,128,New,322.99,,,5,3,Seller 053,"Whippany, New Jersey, United States",NJ,3/28/2026
✨NEW Sealed✨ Apple Iphone 13 Mini 128GB 256GB 512GB Factory Unlocked All Carrier,iPhone 13 Mini,13,FALSE,128GB|256GB|512GB,128,New,323.99,,,5,,Seller 053,"Whippany, New Jersey, United States",NJ,3/28/2026
✨NEW Sealed✨ Apple Iphone 13 Mini/13/12 Mini 256G/128GB Factory Unlocked USA,iPhone 13 Mini,13,FALSE,128GB,128,New,335.99,,,3,3,Seller 053,"Whippany, New Jersey, United States",NJ,3/28/2026
✨NEW Sealed✨ Apple Iphone 13 Mini 5G 128GB~512GB Factory Unlocked All Carriers,iPhone 13 Mini,13,FALSE,128GB|512GB,128,New,322.99,,,5,2,Seller 053,"Whippany, New Jersey, United States",NJ,3/28/2026
✨NEW Sealed✨ Apple Iphone 13 Mini 128GB~256GB Factory Unlocked All Carriers,iPhone 13 Mini,13,FALSE,128GB|256GB,128,New,333.88,,,5,,Seller 053,"Whippany, New Jersey, United States",NJ,3/28/2026
New in box Apple iPhone 13 Mini/12 Mini/12 Pro/13 Pro max 5G Unlocked All Colors,iPhone 13 Mini,13,FALSE,,,New,331.98,,,5,,Seller 385,"Los Angeles, California, United States",CA,3/28/2026
New Apple Iphone 13 Mini A2481 128GB 256GB FULLY UNLOCKED GSM CDMA ALL CARRIERS,iPhone 13 Mini,13,FALSE,128GB|256GB,128,New,321.43,,,1,,Seller 655,"Los Angeles, California, United States",CA,3/28/2026
Broken Unlocked Apple iPhone 14 Plus MQ3X3LL/A 256GB Cracked Front and Back,iPhone 14 Plus,14,FALSE,256GB,256,For Parts Or Not Working,229.99,,,,,Seller 121,"Brookfield, Wisconsin, United States",WI,3/29/2026
Apple iPhone 14 Plus - 256GB - Unlocked AT&T T-Mobile Verizon - Midnight,iPhone 14 Plus,14,FALSE,256GB,256,Used,299.99,,,,,Seller 506,"Woodbridge, Virginia, United States",VA,3/20/2026
BRAND NEW Apple iPhone 13 MINI 128/256/512GB Factory Unlocked A2481 US SHIPPING,iPhone 13 Mini,13,FALSE,512GB,512,New,321.42,,,1,,Seller 385,"Los Angeles, California, United States",CA,3/28/2026
iPhone 14 Pro Max - 128GB - Natural Titanium - Physical SIM,iPhone 14 Pro Max,14,TRUE,128GB,128,Used,704.5,,,,,Seller 206,"Laval, Quebec, Canada",INTL,
Apple iPhone 17 - 256 GB - Sage (Xfinity),iPhone 17,17,FALSE,256GB,256,New,680,,,,,Seller 494,"Winchester, Virginia, United States",VA,3/10/2026
Apple iPhone 13 Pro-128gb—Factory Unlocked—GOOD CONDITION!—FREE SHIPPING,iPhone 13 Pro,13,TRUE,128GB,128,Used,333.33,,,,,Seller 003,"Trenton, New Jersey, United States",NJ,3/16/2026
Apple iPhone 17 Pro Max - 256 GB - Orange (Unlocked),iPhone 17 Pro Max,17,TRUE,256GB,256,New,2600,,,,,Seller 593,"San Francisco, California, United States",CA,3/18/2026
Apple iPhone 17 Pro Max - 512 GB - Orange (Unlocked),iPhone 17 Pro Max,17,TRUE,512GB,512,New,2750,,,,,Seller 593,"San Francisco, California, United States",CA,3/18/2026
Apple iPhone 14 Plus - 128 GB - Blue (Unlocked),iPhone 14 Plus,14,FALSE,128GB,128,Used,300,,,,,Seller 473,"Oceanside, California, United States",CA,
Apple iPhone 13 Pro-Factory Unlocked—GOOD CONDITION!—FREE SHIPPING,iPhone 13 Pro,13,TRUE,,,Used,313.13,,,,,Seller 003,"Trenton, New Jersey, United States",NJ,
Apple iPhone 17 - 256 GB - White (Unlocked),iPhone 17,17,FALSE,256GB,256,New,875,,,,,Seller 229,"Paterson, New Jersey, United States",NJ,
Apple iPhone 17 Pro Max Blue Heat-Forged Unibody Ceramic Shield 8x Zoom,iPhone 17 Pro Max,17,TRUE,,,New,1250,,,,,Seller 251,"Grand Rapids, Michigan, United States",MI,3/26/2026
Apple iPhone 17 - 256GB - Purple (T-Mobile),iPhone 17,17,FALSE,256GB,256,Open Box,749,,,,,Seller 425,"Campbell, California, United States",CA,
Apple iPhone 12 Pro Max 128GB Unlocked Silver/White Good Condition,iPhone 12 Pro Max,12,TRUE,128GB,128,Used,280,,,,,Seller 189,"Bristol, Virginia, United States",VA,3/24/2026
Apple iPhone 17 Pro Max - 1 TB - Cosmic Orange (Unlocked),iPhone 17 Pro Max,17,TRUE,1024GB,1024,New,599,,,5,,Seller 464,"Frankfort, Kentucky, United States",KY,
"New Apple iPhone 13 mini 5G 128GB GSM+CDMA IOS Fully Unlocked Smartphone 5.4"" US",iPhone 13 Mini,13,FALSE,128GB,128,New,352.55,,,3,,Seller 054,"Edison, New Jersey, United States",NJ,
Broken Unlocked Apple iPhone 13 128GB MLMN3LL/A Cracked Back and touch delay,iPhone 13,13,FALSE,128GB,128,For Parts Or Not Working,174.99,,,,,Seller 121,"Brookfield, Wisconsin, United States",WI,3/29/2026
New in Sealed Apple iPhone 14 5G USA 128/256/512G Unlocked US STOCK Free shippin,iPhone 14,14,FALSE,,,New,389.01,,,1,,Seller 655,"Los Angeles, California, United States",CA,3/28/2026
New Apple Iphone 13 Mini A2481 128GB 256GB FULLY UNLOCKED ALL GSM CDMA CARRIERS,iPhone 13 Mini,13,FALSE,128GB|256GB,128,New,321.43,,,1,,Seller 655,"Los Angeles, California, United States",CA,3/28/2026
BRAND NEW Apple iPhone 13 MINI 128/256/512GB Factory Unlocked A2481 US Delivere,iPhone 13 Mini,13,FALSE,512GB,512,New,321.42,,,1,,Seller 385,"Los Angeles, California, United States",CA,3/28/2026
Apple iPhone 17 Pro Max - 1 TB - Cosmic Orange (Unlocked),iPhone 17 Pro Max,17,TRUE,1024GB,1024,New,1100,,,,,Seller 495,"Evansville, Indiana, United States",IN,3/28/2026
iPhone 17 256gb AT&T Locked- Open Box,iPhone 17,17,FALSE,256GB,256,Open Box,649.99,,,7,,Seller 062,"West Chester, Ohio, United States",OH,3/28/2026
iPhone 17 256GB White AT&T Locked-Open Box,iPhone 17,17,FALSE,256GB,256,Open Box,699,,,,,Seller 062,"West Chester, Ohio, United States",OH,
Apple iPhone 17 Pro Max - 2 TB - Cosmic Orange (Unlocked),iPhone 17 Pro Max,17,TRUE,2048GB,2048,New,479.99,,,2,,Seller 296,"Tacoma, Washington, United States",WA,
Apple iPhone 12 (64GB) | White | Fully Unlocked | Very Good,iPhone 12,12,FALSE,64GB,64,Used,199.18,,,,,Seller 137,"Roseville, California, United States",CA,
"iPhone 14 Powers On, Has Sound/vibration black Screen After Water Damage",iPhone 14,14,FALSE,,,For Parts Or Not Working,149,,,,,Seller 277,"Cibolo, Texas, United States",TX,3/28/2026
New Apple Iphone 13 Mini 5G A2481 128GB 256GB 512GB FULLY UNLOCKED ALL GSM CDMA,iPhone 13 Mini,13,FALSE,128GB|256GB|512GB,128,New,321.43,,,1,,Seller 655,"Los Angeles, California, United States",CA,3/28/2026
BIG SALE Apple iPhone 17 Pro Max - 2 TB - Cosmic Orange (Unlocked),iPhone 17 Pro Max,17,TRUE,2048GB,2048,New,489,,,5,,Seller 662,"Yemassee, South Carolina, United States",SC,
Apple iPhone 17 Pro Max - 1 TB - Cosmic Orange (Unlocked),iPhone 17 Pro Max,17,TRUE,1024GB,1024,New,579.98,,,4,,Seller 463,"Chino Hills, California, United States",CA,
Apple iPhone 12 (PRODUCT)RED - 64GB (Unlocked),iPhone 12,12,FALSE,64GB,64,Open Box,890,,,,,Seller 598,"Coolalinga, Australia",INTL,12/2/2022
Apple iPhone 12 (PRODUCT)PURPLE - 64GB (Unlocked),iPhone 12,12,FALSE,64GB,64,Open Box,890,,,,,Seller 598,"Coolalinga, Australia",INTL,12/9/2025
Apple iPhone 14+ Plus Verizon AT&T T-Mobile GSM Factory Unlocked Phone 5G Good,iPhone 14,14,FALSE,,,Used,294.95,,,32,3,Seller 045,"Harriman, New York, United States",NY,3/29/2026
"Apple iPhone 14 Pro MAX 6.7"" Verizon AT&T T-Mobile GSM Factory Unlocked Phone 5G",iPhone 14 Pro Max,14,TRUE,,,Used,459.95,,,15,62,Seller 045,"Harriman, New York, United States",NY,3/25/2026
Apple iPhone 12 UNLOCKED 64GB Product (RED) Good Condition FAST SHIPPING,iPhone 12,12,FALSE,64GB,64,Used,399.99,,,,,Seller 035,"River Grove, Illinois, United States",IL,12/28/2025
APPLE IPHONE 12 FACTORY UNLOCKED 64GB PRODUCT (RED) Good Condition,iPhone 12,12,FALSE,64GB,64,Used,399.99,,,,,Seller 035,"River Grove, Illinois, United States",IL,12/29/2025
"Apple iPhone 14 Pro MAX 6.7"" Verizon AT&T T-Mobile GSM Factory Unlocked Phone 5G",iPhone 14 Pro Max,14,TRUE,,,Very Good - Refurbished,459.95,,,5,3,Seller 045,"Harriman, New York, United States",NY,3/25/2026
apple iPhone 14 Verizon AT&T T-Mobile Factory Fully Unlocked Phone 5G crk/dead,iPhone 14,14,FALSE,,,For Parts Or Not Working,139.99,,,,5,Seller 045,"Harriman, New York, United States",NY,3/4/2026
"apple iPhone 14 Pro MAX 6.7"" Verizon AT&T T-Mobile GSM Unlocked Phone 5G crack",iPhone 14 Pro Max,14,TRUE,,,For Parts Or Not Working,349.99,,,1,,Seller 045,"Harriman, New York, United States",NY,3/4/2026
iPhone 12 Pro Max with TikTok,iPhone 12 Pro Max,12,TRUE,,,Used,2000,,,,,Seller 232,"Denver, Colorado, United States",CO,
iphone 12 pro max unlocked (WITH TIKTOK ALREADY INSTALLED ),iPhone 12 Pro Max,12,TRUE,,,Used,4000,,,,,Seller 287,"Clementon, New Jersey, United States",NJ,
Apple iPhone 13 mini 128GB Factory Unlocked Black Very Good Condition,iPhone 13 Mini,13,FALSE,128GB,128,Very Good - Refurbished,305.67,,,9,10,Seller 081,"Owings Mills, Maryland, United States",MD,3/29/2026
apple iPhone 14 Pro MAX 6.7 Verizon AT&T T-Mobile GSM Factory Unlocked READ temp,iPhone 14 Pro Max,14,TRUE,,,Used,464.99,,,1,,Seller 045,"Harriman, New York, United States",NY,3/4/2026
Iphone 16 - EXCELLENT CONDITION - Unlocked -ultramarine - 128gig - $700 OBO,iPhone 16,16,FALSE,,,Open Box,700,,,,,Seller 537,"Enfield, Connecticut, United States",CT,
"iphone 13, 256 gb, no carrier",iPhone 13,13,FALSE,256GB,256,Used,699,,,,,Seller 681,"Los Angeles, California, United States",CA,
apple iPhone 14 Pro MAX 6.7 Verizon AT&T T-Mobile GSM Factory Unlocked READ ESN,iPhone 14 Pro Max,14,TRUE,,,Used,449.99,,,1,,Seller 045,"Harriman, New York, United States",NY,3/4/2026
apple iPhone 13 Verizon AT&T TMobile GSM Factory Fully Unlocked 5G Phone esn,iPhone 13,13,FALSE,,,Used,189.99,,,1,,Seller 045,"Harriman, New York, United States",NY,3/4/2026
Apple iPhone 13 Pro Max 13 mini - 128GB 256GB Unlocked - Good,iPhone 13 Pro Max,13,TRUE,128GB|256GB,128,Used,297.79,,,2,5,Seller 443,"HK, China",INTL,3/20/2026
Apple iPhone 12 Pro Max 128GB 256GB - Fully Unlocked - VERY GOOD Condition,iPhone 12 Pro Max,12,TRUE,128GB|256GB,128,Used,323.21,,,,8,Seller 443,"HK, China",INTL,3/20/2026
Apple iPhone 16 128GB 256GB Verizon AT&T T-Mobile Fully Unlocked 5G Smartphone,iPhone 16,16,FALSE,128GB|256GB,128,Excellent - Refurbished,569.95,,,10,20,Seller 045,"Harriman, New York, United States",NY,3/29/2026
Good condition Apple iPhone 12 64/128/256GB Factory UNLOCKED(any carrier),iPhone 12,12,FALSE,256GB,256,Used,234.57,,,2,4,Seller 443,"HK, China",INTL,3/20/2026
Good condition Apple iPhone 12 pro max 128/256GB Factory UNLOCKED(any carrier),iPhone 12 Pro Max,12,TRUE,256GB,256,Used,295.37,,,4,16,Seller 443,"HK, China",INTL,3/20/2026
Apple iPhone 17 All COLORS/STORAGE Esim Model (CA Spec) -Fast Shipping✈️,iPhone 17,17,FALSE,,,New,1099.99,,,10,4,Seller 139,"Mississauga, Ontario, Canada",INTL,12/9/2025
Apple iPhone 17 Air Esim Model (CA Spec) All COLORS/STORAGE -Fast Shipping✈️,iPhone 17,17,FALSE,,,New,1399.99,,,10,4,Seller 139,"Mississauga, Ontario, Canada",INTL,12/9/2025
90% N ew Apple iPhone 13 128/256GB Factory UNLOCKED(any carrier) Free shipping,iPhone 13,13,FALSE,256GB,256,Used,312.36,,,4,7,Seller 443,"HK, China",INTL,3/20/2026
90% N ew Apple iPhone 13 mini 128/256GB Factory ULOCKED(any carrier)Good,iPhone 13 Mini,13,FALSE,256GB,256,Used,274.68,,,3,7,Seller 443,"HK, China",INTL,3/20/2026
90%-95%N ew Apple iPhone 14/14 Plus 128/256GB Factory UNLOCKED(any carrier)Good,iPhone 14,14,FALSE,256GB,256,Used,409.63,,,3,2,Seller 443,"HK, China",INTL,3/20/2026
New&Sealed Apple iPhone 12 pro max 128/256GB UNLOCKED(GSM+CDMA),iPhone 12 Pro Max,12,TRUE,256GB,256,New,534.81,,,2,2,Seller 443,"HK, China",INTL,3/20/2026
【SEALED IN NEW BOX】Apple iPhone 13 mini 256GB A2481 Factory Unlocked Smartphone,iPhone 13 Mini,13,FALSE,256GB,256,New,408.48,,,10,5,Seller 698,"Edison, New Jersey, United States",NJ,3/16/2026
Apple iPhone 13 MINI 256GB FACTORY UNLOCKED GSM CDMA,iPhone 13 Mini,13,FALSE,256GB,256,Used,365,,,,,Seller 673,"Sacramento, California, United States",CA,11/15/2025
Apple iPhone 12 64GB- Fully Unlocked - Excellent Condition with any crashes,iPhone 12,12,FALSE,64GB,64,Used,419.99,,,,,Seller 362,"Hollywood, Florida, United States",FL,
【SEALED NEW】Apple iPhone 13 Mini (5G) A2481 256GB Factory Unlocked Smartphone,iPhone 13 Mini,13,FALSE,256GB,256,New,398.99,,,10,9,Seller 698,"Edison, New Jersey, United States",NJ,3/16/2026
"Apple iPhone 17 256GB 6.3"" 5G Fully Unlocked US Version - Excellent",iPhone 17,17,FALSE,256GB,256,Excellent - Refurbished,789.99,,,9,89,Seller 177,"Carrollton, Texas, United States",TX,3/28/2026
Apple iPhone 17 256GB - Sage (Unlocked) (eSIM Only) A3258 MG4A4LL/A Excellent,iPhone 17,17,FALSE,256GB,256,Excellent - Refurbished,814.95,,,,1,Seller 343,"Plainview, New York, United States",NY,3/28/2026
Apple iPhone 14 Plus 128GB Very Good Condition UNLOCKED 85%+ Battery,iPhone 14 Plus,14,FALSE,128GB,128,Used,599.95,,,,,Seller 080,"Yucca Valley, California, United States",CA,12/24/2025
Apple iPhone 12 Pro Max,iPhone 12 Pro Max,12,TRUE,,,Used,395,,,3,,Seller 046,"Dubai, United Arab Emirates",INTL,1/21/2026
Apple iPhone 14 Pro Max – 128GB – Black (Factory Unlocked) Like New,iPhone 14 Pro Max,14,TRUE,128GB,128,Used,850.28,,,,,Seller 603,"Mississauga, Ontario, Canada",INTL,3/5/2026
Factory New Sealed Box Apple iPhone 14 Pro Max 128-512GB 1TB Unlocked GSM+CDMA,iPhone 14 Pro Max,14,TRUE,512GB|1024GB,512,New,699.88,,,2,2,Seller 512,"Whippany, New Jersey, United States",NJ,3/28/2026
Factory New Sealed Box Apple iPhone 14 Pro Max 128GB 256G 512G Unlocked GSM+CDMA,iPhone 14 Pro Max,14,TRUE,128GB,128,New,699.88,,,2,1,Seller 512,"Whippany, New Jersey, United States",NJ,3/28/2026
iPhone 17 Lavender — Unlocked — 256 GB (FREE Delivery),iPhone 17,17,FALSE,256GB,256,New,1091,,,6,,Seller 292,"Bronx, New York, United States",NY,2/22/2026
iPhone 17 Mist Blue — Unlocked — 256 GB (FREE Delivery),iPhone 17,17,FALSE,256GB,256,New,1091,,,8,,Seller 292,"Bronx, New York, United States",NY,2/22/2026
Apple iPhone 14 128GB Factory Unlocked with MagSafe Wireless Bundle- Open Box,iPhone 14,14,FALSE,128GB,128,Open Box,349.95,,,3,,Seller 102,"Allen, Texas, United States",TX,3/21/2026
Iphone 14 Pro Max 1 TB Gold Color in Excellent Condition,iPhone 14 Pro Max,14,TRUE,1024GB,1024,Used,780,,,,,Seller 475,"Rochester, New York, United States",NY,
New Sealed Apple iPhone 13 Mini (5G) 256GB+4GB Factory Unlocked Smartphone iOS,iPhone 13 Mini,13,FALSE,256GB,256,New,404.72,,,10,,Seller 418,"Edison, New Jersey, United States",NJ,3/18/2026
New Sealed Apple iPhone 13 Mini 5G 128GB+4GB Unlocked Smartphone 5.4in US STOCK,iPhone 13 Mini,13,FALSE,128GB,128,New,350.15,,,2,,Seller 418,"Edison, New Jersey, United States",NJ,3/19/2026
UNLOCKED Apple iPhone 16 128GB Black 5G iOS Wi-Fi Bluetooth Touchscreen Camera,iPhone 16,16,FALSE,128GB,128,Open Box,595,,,4,1,Seller 244,"Chicago, Illinois, United States",IL,
Apple iPhone 14 Pro Max - 128 GB - (Unlocked) Very Good Condition,iPhone 14 Pro Max,14,TRUE,128GB,128,Used,460.99,,,1,,Seller 424,"Hollywood, Florida, United States",FL,
Apple iPhone 14 Pro Max 128GB- Good Condition- 87% 🔋- New Screen,iPhone 14 Pro Max,14,TRUE,128GB,128,Used,579.95,,,,,Seller 659,"Greenfield Park, Canada",INTL,
Factory New Sealed Box Apple iPhone 13 MINI A2481 128/256G Unlocked ALL GSM+CDMA,iPhone 13 Mini,13,FALSE,,,New,321.01,,,2,,Seller 512,"Austin, Texas, United States",TX,3/29/2026
Apple iPhone 13 – 128GB – Midnight -carrier locked Cell Phone– Read description,iPhone 13,13,FALSE,128GB,128,Used,150,,,,,Seller 289,"Greeneville, Tennessee, United States",TN,
Apple iPhone 16 512GB White Unlocked AT&T T-Mobile Verizon w/ 100% batt! 7631142,iPhone 16,16,FALSE,512GB,512,Open Box,700,899.99,22.22,,,Seller 184,"Orlando, Florida, United States",FL,3/27/2026
New in Sealed Box Apple iPhone 14 5G A2649 128/256GB Factory Unlocked Smartphone,iPhone 14,14,FALSE,256GB,256,New,403.95,,,5,,Seller 512,"Austin, Texas, United States",TX,3/28/2026
New Sealed Box Apple iPhone 14 5G 128/256GB Factory Unlocked GSM+CDMA USA SHIP,iPhone 14,14,FALSE,256GB,256,New,403.95,,,5,,Seller 512,"Austin, Texas, United States",TX,3/28/2026
NEW SEALED APPLE IPHONE 14 5G 512-128GB FACTORY UNLOCKED SMARTPHONES US STOCK,iPhone 14,14,FALSE,128GB,128,New,403.95,,,5,,Seller 512,"Austin, Texas, United States",TX,3/28/2026
Apple iPhone 17 Pro Max - 1 TB - Cosmic Orange (Unlocked),iPhone 17 Pro Max,17,TRUE,1024GB,1024,New,610,,,2,,Seller 318,"Scottsdale, Arizona, United States",AZ,
Apple iPhone 17 Pro Max - 1 TB - Cosmic Orange (Unlocked),iPhone 17 Pro Max,17,TRUE,1024GB,1024,New,1200,,,,1,Seller 647,"Saint Paul, Minnesota, United States",MN,3/28/2026
Apple iPhone 17 Pro Max - 512 GB - Deep Blue (Unlocked),iPhone 17 Pro Max,17,TRUE,512GB,512,New,659.99,,,3,1,Seller 601,"Kansas City, Missouri, United States",KS,
Apple iPhone 17 Pro Max - 256 GB - Silver (Unlocked),iPhone 17 Pro Max,17,TRUE,256GB,256,New,599,,,3,,Seller 400,"Athens, Georgia, United States",GA,
New Apple iPhone 14 Pro Max 5G 128/256/512GB Factory Unlocked 2Yr Wty US Stock,iPhone 14 Pro Max,14,TRUE,512GB,512,New,675.99,,,2,,Seller 512,"Whippany, New Jersey, United States",NJ,3/28/2026
NEW SEALED APPLE IPHONE 14 PRO MAX 128GB 256/512GB 1TB FACTORY UNLOCKED GSM+CDMA,iPhone 14 Pro Max,14,TRUE,128GB|512GB|1024GB,128,New,675.99,,,2,,Seller 512,"Whippany, New Jersey, United States",NJ,3/28/2026
"Apple iPhone 14 128GB Blue ""iCloud""",iPhone 14,14,FALSE,128GB,128,For Parts Or Not Working,249.99,,,,,Seller 042,"Apopka, Florida, United States",FL,
Apple iPhone 17 Pro Max - 2 TB - Silver (Unlocked),iPhone 17 Pro Max,17,TRUE,2048GB,2048,New,499,,,,1,Seller 351,"Elmwood Park, Illinois, United States",IL,
"Apple iPhone 17 Pro Max Unlocked, 256GB",iPhone 17 Pro Max,17,TRUE,256GB,256,New,1500,,,,,Seller 553,"Brooklyn, New York, United States",NY,
Apple iPhone 17 Pro Max - 256 GB - Silver (Unlocked),iPhone 17 Pro Max,17,TRUE,256GB,256,New,683.89,,,,,Seller 567,"Eastpointe, Michigan, United States",MI,
Apple iPhone 16 256GB Black Unlocked AT&T T-Mobile Verizon w/ 100% batt! 7629792,iPhone 16,16,FALSE,256GB,256,Open Box,660,849.99,22.35,,,Seller 184,"Orlando, Florida, United States",FL,
Apple iPhone 16 256GB Blue Unlocked AT&T T-Mobile Verizon w/ 100% batt! 7631836,iPhone 16,16,FALSE,256GB,256,Open Box,660,849.99,22.35,,,Seller 184,"Orlando, Florida, United States",FL,
BIG SALE Apple iPhone 17 Pro Max - 2 TB - Cosmic Orange (Unlocked),iPhone 17 Pro Max,17,TRUE,2048GB,2048,New,489,,,5,,Seller 457,"Amarillo, Texas, United States",TX,
Apple iPhone 17 Pro Max - 1 TB - Cosmic Orange (Unlocked),iPhone 17 Pro Max,17,TRUE,1024GB,1024,New,579,,,3,2,Seller 671,"Alpharetta, Georgia, United States",GA,
Apple iPhone 17 Pro Max - 1 TB - Cosmic Orange (Unlocked),iPhone 17 Pro Max,17,TRUE,1024GB,1024,New,579.99,,,4,,Seller 455,"Alpharetta, Georgia, United States",GA,
